S01 Composition Root/Chapter 01 Visual Environment/FloorTerrain/First Visual Slice Industrial Containment/Deck_ServiceMarkings/Deck_ServiceMarkings(Clone)	(0, 0.074, 24)	(3.823544, 0.00400088169, 7.39999962)	Assets/_Game/Content/VisualSlice/Materials/Slice_IndustrialAtlas.mat	Assets/_Game/Content/VisualSlice/Models/Deck_ServiceMarkings.fbx
S01 Composition Root/Chapter 01 Visual Environment/FloorTerrain/First Visual Slice Industrial Containment/Deck_ServiceMarkings/Deck_ServiceMarkings(Clone)	(0, 0.074, 32)	(3.823544, 0.00400088169, 7.39999962)	Assets/_Game/Content/VisualSlice/Materials/Slice_IndustrialAtlas.mat	Assets/_Game/Content/VisualSlice/Models/Deck_ServiceMarkings.fbx
S01 Composition Root/Chapter 01 Visual Environment/FloorTerrain/First Visual Slice Industrial Containment/Deck_ServiceMarkings/Deck_ServiceMarkings(Clone)	(0, 0.074, 36)	(3.823544, 0.00400088169, 7.39999962)	Assets/_Game/Content/VisualSlice/Materials/Slice_IndustrialAtlas.mat	Assets/_Game/Content/VisualSlice/Models/Deck_ServiceMarkings.fbx
S01 Composition Root/Chapter 01 Visual Environment/FloorTerrain/First Visual Slice Industrial Containment/Deck_ServiceMarkings/Deck_ServiceMarkings(Clone)	(0, 0.074, 46)	(3.823544, 0.00400088169, 7.39999962)	Assets/_Game/Content/VisualSlice/Materials/Slice_IndustrialAtlas.mat	Assets/_Game/Content/VisualSlice/Models/Deck_ServiceMarkings.fbx
S01 Composition Root/Chapter 01 Visual Environment/FloorTerrain/First Visual Slice Industrial Containment/Barrier_Module/Barrier_Module(Clone)	(-5.000075, 0.62499994, 24)	(0.735958755, 1.25, 3.778952)	Assets/_Game/Content/VisualSlice/Materials/Slice_IndustrialAtlas.mat	Assets/_Game/Content/VisualSlice/Models/Barrier_Module.fbx
S01 Composition Root/Chapter 01 Visual Environment/FloorTerrain/First Visual Slice Industrial Containment/Barrier_Module/Barrier_Module(Clone)	(-5.000075, 0.62499994, 28)	(0.735958755, 1.25, 3.778952)	Assets/_Game/Content/VisualSlice/Materials/Slice_IndustrialAtlas.mat	Assets/_Game/Content/VisualSlice/Models/Barrier_Module.fbx
S01 Composition Root/Chapter 01 Visual Environment/FloorTerrain/First Visual Slice Industrial Containment/Barrier_Module/Barrier_Module(Clone)	(-5.000075, 0.62499994, 32)	(0.735958755, 1.25, 3.778952)	Assets/_Game/Content/VisualSlice/Materials/Slice_IndustrialAtlas.mat	Assets/_Game/Content/VisualSlice/Models/Barrier_Module.fbx
S01 Composition Root/Chapter 01 Visual Environment/FloorTerrain/First Visual Slice Industrial Containment/Power_Bank/Power_Bank(Clone)	(-4.6, 0.81219995, 47.34981)	(1.239317, 1.62440026, 2.87900186)	Assets/_Game/Content/VisualSlice/Materials/Slice_IndustrialAtlas.mat	Assets/_Game/Content/VisualSlice/Models/Power_Bank.fbx
S01 Composition Root/Chapter 01 Visual Environment/FloorTerrain/First Visual Slice Industrial Containment/Conduit_Rack/Conduit_Rack(Clone)	(-6.4, 0.831499934, 42)	(0.500000656, 1.65299988, 3.80000043)	Assets/_Game/Content/VisualSlice/Materials/Slice_IndustrialAtlas.mat	Assets/_Game/Content/VisualSlice/Models/Conduit_Rack.fbx
S01 Composition Root/Chapter 01 Visual Environment/FloorTerrain/First Visual Slice Industrial Containment/Conduit_Rack/Conduit_Rack(Clone)	(-6.4, 0.831499934, 50)	(0.500000656, 1.65299988, 3.80000043)	Assets/_Game/Content/VisualSlice/Materials/Slice_IndustrialAtlas.mat	Assets/_Game/Content/VisualSlice/Models/Conduit_Rack.fbx
S01 Composition Root/Chapter 01 Visual Environment/FloorTerrain/First Visual Slice Industrial Containment/Conduit_Rack/Conduit_Rack(Clone)	(6.66666651, 3.48150015, 42)	(0.500000656, 1.65299988, 3.80000043)	Assets/_Game/Content/VisualSlice/Materials/Slice_IndustrialAtlas.mat	Assets/_Game/Content/VisualSlice/Models/Conduit_Rack.fbx
S01 Composition Root/Chapter 01 Visual Environment/FloorTerrain/First Visual Slice Industrial Containment/Deck_ServiceMarkings/Deck_ServiceMarkings(Clone)	(8, 0.074, 42)	(7.40000057, 0.00400088169, 3.82354546)	Assets/_Game/Content/VisualSlice/Materials/Slice_IndustrialAtlas.mat	Assets/_Game/Content/VisualSlice/Models/Deck_ServiceMarkings.fbx
S01 Composition Root/Chapter 01 Visual Environment/FloorTerrain/First Visual Slice Industrial Containment/Barrier_Module/Barrier_Module(Clone)	(4.999925, 0.62499994, 24)	(0.735958755, 1.25, 3.778952)	Assets/_Game/Content/VisualSlice/Materials/Slice_IndustrialAtlas.mat	Assets/_Game/Content/VisualSlice/Models/Barrier_Module.fbx
S01 Composition Root/Chapter 01 Visual Environment/FloorTerrain/First Visual Slice Industrial Containment/Barrier_Module/Barrier_Module(Clone)	(4.999925, 0.62499994, 28)	(0.735958755, 1.25, 3.778952)	Assets/_Game/Content/VisualSlice/Materials/Slice_IndustrialAtlas.mat	Assets/_Game/Content/VisualSlice/Models/Barrier_Module.fbx
S01 Composition Root/Chapter 01 Visual Environment/FloorTerrain/First Visual Slice Industrial Containment/Barrier_Module/Barrier_Module(Clone)	(4.999925, 0.62499994, 32)	(0.735958755, 1.25, 3.778952)	Assets/_Game/Content/VisualSlice/Materials/Slice_IndustrialAtlas.mat	Assets/_Game/Content/VisualSlice/Models/Barrier_Module.fbx
S01 Composition Root/Chapter 01 Visual Environment/FloorTerrain/First Visual Slice Industrial Containment/Power_Bank/Power_Bank(Clone)	(4.6, 0.81219995, 46.7998161)	(1.239317, 1.62440026, 2.87900186)	Assets/_Game/Content/VisualSlice/Materials/Slice_IndustrialAtlas.mat	Assets/_Game/Content/VisualSlice/Models/Power_Bank.fbx
S01 Composition Root/Chapter 01 Visual Environment/FloorTerrain/First Visual Slice Industrial Containment/Conduit_Rack/Conduit_Rack(Clone)	(6.4, 0.831499934, 36)	(0.500000656, 1.65299988, 3.80000043)	Assets/_Game/Content/VisualSlice/Materials/Slice_IndustrialAtlas.mat	Assets/_Game/Content/VisualSlice/Models/Conduit_Rack.fbx
S01 Composition Root/Chapter 01 Visual Environment/FloorTerrain/First Visual Slice Industrial Containment/Conduit_Rack/Conduit_Rack(Clone)	(6.4, 0.831499934, 50)	(0.500000656, 1.65299988, 3.80000043)	Assets/_Game/Content/VisualSlice/Materials/Slice_IndustrialAtlas.mat	Assets/_Game/Content/VisualSlice/Models/Conduit_Rack.fbx
S01 Composition Root/Chapter 01 Visual Environment/FloorTerrain/First Visual Slice Industrial Containment/Hero_Reactor/Hero_Reactor(Clone)	(-5.3, 1.77649987, 50.99985)	(2.48732781, 3.553, 2.49038959)	Assets/_Game/Content/VisualSlice/Materials/Slice_IndustrialAtlas.mat	Assets/_Game/Content/VisualSlice/Models/Hero_Reactor.fbx
S01 Composition Root/Chapter 01 Visual Environment/FloorTerrain/First Visual Slice Industrial Containment/Conduit_Rack/Conduit_Rack(Clone)	(0, 3.38149977, 38)	(5.7, 1.65299988, 0.175000057)	Assets/_Game/Content/VisualSlice/Materials/Slice_IndustrialAtlas.mat	Assets/_Game/Content/VisualSlice/Models/Conduit_Rack.fbx
S01 Composition Root/Chapter 01 Visual Environment/FloorTerrain/Chapter 01 Full Production/relay-yard/Relay_Mast/Relay_Mast(Clone)	(-22.4, 2.59999967, 13.9998713)	(1.7893039, 5.19999933, 1.79199982)	Assets/_Game/Content/Chapter01Production/Materials/Chapter01_IndustrialAtlas.mat	Assets/_Game/Content/Chapter01Production/Models/Relay_Mast.fbx
S01 Composition Root/Chapter 01 Visual Environment/FloorTerrain/Chapter 01 Full Production/relay-yard/Relay_Mast/Relay_Mast(Clone)	(-13.6, 2.59999967, 13.9998713)	(1.7893039, 5.19999933, 1.79199982)	Assets/_Game/Content/Chapter01Production/Materials/Chapter01_IndustrialAtlas.mat	Assets/_Game/Content/Chapter01Production/Models/Relay_Mast.fbx
S01 Composition Root/Chapter 01 Visual Environment/FloorTerrain/Chapter 01 Full Production/relay-yard/Relay_Junction/Relay_Junction(Clone)	(-22.4, 0.9175599, 1.99982953)	(1.80849743, 1.83512008, 1.70849049)	Assets/_Game/Content/Chapter01Production/Materials/Chapter01_IndustrialAtlas.mat	Assets/_Game/Content/Chapter01Production/Models/Relay_Junction.fbx
S01 Composition Root/Chapter 01 Visual Environment/FloorTerrain/Chapter 01 Full Production/relay-yard/Relay_Junction/Relay_Junction(Clone)	(-13.6001711, 0.9175599, 2)	(1.70849085, 1.83512008, 1.80849791)	Assets/_Game/Content/Chapter01Production/Materials/Chapter01_IndustrialAtlas.mat	Assets/_Game/Content/Chapter01Production/Models/Relay_Junction.fbx
S01 Composition Root/Chapter 01 Visual Environment/FloorTerrain/Chapter 01 Full Production/relay-yard/Relay_Junction/Relay_Junction(Clone)	(-23.00017, 0.9175599, 16)	(1.70849085, 1.83512008, 1.80849791)	Assets/_Game/Content/Chapter01Production/Materials/Chapter01_IndustrialAtlas.mat	Assets/_Game/Content/Chapter01Production/Models/Relay_Junction.fbx
S01 Composition Root/Chapter 01 Visual Environment/FloorTerrain/Chapter 01 Full Production/relay-yard/Conduit_Rack/Conduit_Rack(Clone)	(-22.5, 0.831499934, 8)	(0.500000656, 1.65299988, 3.80000043)	Assets/_Game/Content/VisualSlice/Materials/Slice_IndustrialAtlas.mat	Assets/_Game/Content/VisualSlice/Models/Conduit_Rack.fbx
S01 Composition Root/Chapter 01 Visual Environment/FloorTerrain/Chapter 01 Full Production/relay-yard/Conduit_Rack/Conduit_Rack(Clone)	(-13.5, 0.831499934, 8)	(0.500000656, 1.65299988, 3.80000043)	Assets/_Game/Content/VisualSlice/Materials/Slice_IndustrialAtlas.mat	Assets/_Game/Content/VisualSlice/Models/Conduit_Rack.fbx
S01 Composition Root/Chapter 01 Visual Environment/FloorTerrain/Chapter 01 Full Production/cutting-floor/Conduit_Rack/Conduit_Rack(Clone)	(-7.33333349, 0.831499934, 27)	(0.500000656, 1.65299988, 3.80000043)	Assets/_Game/Content/VisualSlice/Materials/Slice_IndustrialAtlas.mat	Assets/_Game/Content/VisualSlice/Models/Conduit_Rack.fbx
S01 Composition Root/Chapter 01 Visual Environment/FloorTerrain/Chapter 01 Full Production/cutting-floor/Barrier_Module/Barrier_Module(Clone)	(-8.000075, 0.62499994, 21)	(0.735958755, 1.25, 3.778952)	Assets/_Game/Content/VisualSlice/Materials/Slice_IndustrialAtlas.mat	Assets/_Game/Content/VisualSlice/Models/Barrier_Module.fbx
S01 Composition Root/Chapter 01 Visual Environment/FloorTerrain/Chapter 01 Full Production/cutting-floor/Barrier_Module/Barrier_Module(Clone)	(7.999925, 0.62499994, 21)	(0.735958755, 1.25, 3.778952)	Assets/_Game/Content/VisualSlice/Materials/Slice_IndustrialAtlas.mat	Assets/_Game/Content/VisualSlice/Models/Barrier_Module.fbx
S01 Composition Root/Chapter 01 Visual Environment/FloorTerrain/Chapter 01 Full Production/cutting-floor/Conduit_Rack/Conduit_Rack(Clone)	(-4.5, 0.831499934, 20)	(0.500000656, 1.65299988, 3.80000043)	Assets/_Game/Content/VisualSlice/Materials/Slice_IndustrialAtlas.mat	Assets/_Game/Content/VisualSlice/Models/Conduit_Rack.fbx
S01 Composition Root/Chapter 01 Visual Environment/FloorTerrain/Chapter 01 Full Production/cutting-floor/Conduit_Rack/Conduit_Rack(Clone)	(4.5, 0.831499934, 20)	(0.500000656, 1.65299988, 3.80000043)	Assets/_Game/Content/VisualSlice/Materials/Slice_IndustrialAtlas.mat	Assets/_Game/Content/VisualSlice/Models/Conduit_Rack.fbx
S01 Composition Root/Chapter 01 Visual Environment/FloorTerrain/Chapter 01 Full Production/shield-dump/Shield_Shell/Shield_Shell(Clone)	(22.5, 1.09516966, 13.9998283)	(2.7835238, 2.19033957, 2.46839929)	Assets/_Game/Content/Chapter01Production/Materials/Chapter01_IndustrialAtlas.mat	Assets/_Game/Content/Chapter01Production/Models/Shield_Shell.fbx
S01 Composition Root/Chapter 01 Visual Environment/FloorTerrain/Chapter 01 Full Production/shield-dump/Shield_Shell/Shield_Shell(Clone)	(24.9998283, 1.09516966, 9)	(2.46839976, 2.19033957, 2.78352427)	Assets/_Game/Content/Chapter01Production/Materials/Chapter01_IndustrialAtlas.mat	Assets/_Game/Content/Chapter01Production/Models/Shield_Shell.fbx
S01 Composition Root/Chapter 01 Visual Environment/FloorTerrain/Chapter 01 Full Production/shield-dump/Conduit_Rack/Conduit_Rack(Clone)	(13.5, 0.831499934, 8)	(0.500000656, 1.65299988, 3.80000043)	Assets/_Game/Content/VisualSlice/Materials/Slice_IndustrialAtlas.mat	Assets/_Game/Content/VisualSlice/Models/Conduit_Rack.fbx
S01 Composition Root/Chapter 01 Visual Environment/FloorTerrain/Chapter 01 Full Production/shield-dump/Conduit_Rack/Conduit_Rack(Clone)	(22.5, 0.831499934, 8)	(0.500000656, 1.65299988, 3.80000043)	Assets/_Game/Content/VisualSlice/Materials/Slice_IndustrialAtlas.mat	Assets/_Game/Content/VisualSlice/Models/Conduit_Rack.fbx
S01 Composition Root/Chapter 01 Visual Environment/FloorTerrain/Chapter 01 Full Production/capacitor-field/Conduit_Rack/Conduit_Rack(Clone)	(-16.5, 0.831499934, -13)	(0.500000656, 1.65299988, 3.80000043)	Assets/_Game/Content/VisualSlice/Materials/Slice_IndustrialAtlas.mat	Assets/_Game/Content/VisualSlice/Models/Conduit_Rack.fbx
S01 Composition Root/Chapter 01 Visual Environment/FloorTerrain/Chapter 01 Full Production/capacitor-field/Conduit_Rack/Conduit_Rack(Clone)	(-9.166667, 0.831499934, -13)	(0.500000656, 1.65299988, 3.80000043)	Assets/_Game/Content/VisualSlice/Materials/Slice_IndustrialAtlas.mat	Assets/_Game/Content/VisualSlice/Models/Conduit_Rack.fbx
S01 Composition Root/Chapter 01 Visual Environment/FloorTerrain/Chapter 01 Full Production/hauler-graveyard/Hauler_Wreck/Hauler_Wreck(Clone)	(9.066667, 1.285, -17.9876842)	(3.38297558, 2.53000045, 4.28691626)	Assets/_Game/Content/Chapter01Production/Materials/Chapter01_IndustrialAtlas.mat	Assets/_Game/Content/Chapter01Production/Models/Hauler_Wreck.fbx
S01 Composition Root/Chapter 01 Visual Environment/FloorTerrain/Chapter 01 Full Production/hauler-graveyard/Hauler_Wreck/Hauler_Wreck(Clone)	(20.9998951, 1.285, -18.25015)	(5.23004532, 2.53000045, 5.45203161)	Assets/_Game/Content/Chapter01Production/Materials/Chapter01_IndustrialAtlas.mat	Assets/_Game/Content/Chapter01Production/Models/Hauler_Wreck.fbx
S01 Composition Root/Chapter 01 Visual Environment/FloorTerrain/Chapter 01 Full Production/hauler-graveyard/Loading_Crane/Loading_Crane(Clone)	(9.166499, 1.99814618, -8.166896)	(2.38872051, 3.99629259, 2.8691535)	Assets/_Game/Content/Chapter01Production/Materials/Chapter01_IndustrialAtlas.mat	Assets/_Game/Content/Chapter01Production/Models/Loading_Crane.fbx
S01 Composition Root/Chapter 01 Visual Environment/FloorTerrain/Chapter 01 Full Production/hauler-graveyard/Loading_Crane/Loading_Crane(Clone)	(23.5001678, 1.99814618, -12.7581043)	(2.38872051, 3.99629259, 2.8691535)	Assets/_Game/Content/Chapter01Production/Materials/Chapter01_IndustrialAtlas.mat	Assets/_Game/Content/Chapter01Production/Models/Loading_Crane.fbx
S01 Composition Root/Chapter 01 Visual Environment/FloorTerrain/Chapter 01 Full Production/hauler-graveyard/Conduit_Rack/Conduit_Rack(Clone)	(9.166667, 0.831499934, -13)	(0.500000656, 1.65299988, 3.80000043)	Assets/_Game/Content/VisualSlice/Materials/Slice_IndustrialAtlas.mat	Assets/_Game/Content/VisualSlice/Models/Conduit_Rack.fbx
S01 Composition Root/Chapter 01 Visual Environment/FloorTerrain/Chapter 01 Full Production/hauler-graveyard/Conduit_Rack/Conduit_Rack(Clone)	(16.5, 0.831499934, -13)	(0.500000656, 1.65299988, 3.80000043)	Assets/_Game/Content/VisualSlice/Materials/Slice_IndustrialAtlas.mat	Assets/_Game/Content/VisualSlice/Models/Conduit_Rack.fbx
S01 Composition Root/Chapter 01 Visual Environment/FloorTerrain/Chapter 01 Full Production/Service corridors/Conduit_Rack/Conduit_Rack(Clone)	(-4.9, 0.831499934, -32)	(0.500000656, 1.65299988, 3.80000043)	Assets/_Game/Content/VisualSlice/Materials/Slice_IndustrialAtlas.mat	Assets/_Game/Content/VisualSlice/Models/Conduit_Rack.fbx
S01 Composition Root/Chapter 01 Visual Environment/FloorTerrain/Chapter 01 Full Production/Service corridors/Conduit_Rack/Conduit_Rack(Clone)	(4.9, 0.831499934, -32)	(0.500000656, 1.65299988, 3.80000043)	Assets/_Game/Content/VisualSlice/Materials/Slice_IndustrialAtlas.mat	Assets/_Game/Content/VisualSlice/Models/Conduit_Rack.fbx
S01 Composition Root/Chapter 01 Visual Environment/FloorTerrain/Chapter 01 Full Production/Service corridors/Conduit_Rack/Conduit_Rack(Clone)	(-4.9, 0.831499934, -24)	(0.500000656, 1.65299988, 3.80000043)	Assets/_Game/Content/VisualSlice/Materials/Slice_IndustrialAtlas.mat	Assets/_Game/Content/VisualSlice/Models/Conduit_Rack.fbx
S01 Composition Root/Chapter 01 Visual Environment/FloorTerrain/Chapter 01 Full Production/Service corridors/Conduit_Rack/Conduit_Rack(Clone)	(4.9, 0.831499934, -24)	(0.500000656, 1.65299988, 3.80000043)	Assets/_Game/Content/VisualSlice/Materials/Slice_IndustrialAtlas.mat	Assets/_Game/Content/VisualSlice/Models/Conduit_Rack.fbx
S01 Composition Root/Chapter 01 Visual Environment/FloorTerrain/Chapter 01 Full Production/Service corridors/Conduit_Rack/Conduit_Rack(Clone)	(-4.9, 0.831499934, -16.5)	(0.500000656, 1.65299988, 3.80000043)	Assets/_Game/Content/VisualSlice/Materials/Slice_IndustrialAtlas.mat	Assets/_Game/Content/VisualSlice/Models/Conduit_Rack.fbx
S01 Composition Root/Chapter 01 Visual Environment/FloorTerrain/Chapter 01 Full Production/Service corridors/Conduit_Rack/Conduit_Rack(Clone)	(4.9, 0.831499934, -16.5)	(0.500000656, 1.65299988, 3.80000043)	Assets/_Game/Content/VisualSlice/Materials/Slice_IndustrialAtlas.mat	Assets/_Game/Content/VisualSlice/Models/Conduit_Rack.fbx
S01 Composition Root/Chapter 01 Visual Environment/FloorTerrain/Chapter 01 Full Production/Service corridors/Conduit_Rack/Conduit_Rack(Clone)	(-4.9, 0.831499934, -9.5)	(0.500000656, 1.65299988, 3.80000043)	Assets/_Game/Content/VisualSlice/Materials/Slice_IndustrialAtlas.mat	Assets/_Game/Content/VisualSlice/Models/Conduit_Rack.fbx
S01 Composition Root/Chapter 01 Visual Environment/FloorTerrain/Chapter 01 Full Production/Service corridors/Conduit_Rack/Conduit_Rack(Clone)	(4.9, 0.831499934, -9.5)	(0.500000656, 1.65299988, 3.80000043)	Assets/_Game/Content/VisualSlice/Materials/Slice_IndustrialAtlas.mat	Assets/_Game/Content/VisualSlice/Models/Conduit_Rack.fbx
S01 Composition Root/Chapter 01 Visual Environment/FloorTerrain/Chapter 01 Full Production/Service corridors/Conduit_Rack/Conduit_Rack(Clone)	(-4.9, 0.831499934, -4.5)	(0.500000656, 1.65299988, 3.80000043)	Assets/_Game/Content/VisualSlice/Materials/Slice_IndustrialAtlas.mat	Assets/_Game/Content/VisualSlice/Models/Conduit_Rack.fbx
S01 Composition Root/Chapter 01 Visual Environment/FloorTerrain/Chapter 01 Full Production/Service corridors/Conduit_Rack/Conduit_Rack(Clone)	(4.9, 0.831499934, -4.5)	(0.500000656, 1.65299988, 3.80000043)	Assets/_Game/Content/VisualSlice/Materials/Slice_IndustrialAtlas.mat	Assets/_Game/Content/VisualSlice/Models/Conduit_Rack.fbx
S01 Composition Root/Chapter 01 Visual Environment/FloorTerrain/Chapter 01 Full Production/Service corridors/Conduit_Rack/Conduit_Rack(Clone)	(-4.9, 0.831499934, -1.5)	(0.500000656, 1.65299988, 3.80000043)	Assets/_Game/Content/VisualSlice/Materials/Slice_IndustrialAtlas.mat	Assets/_Game/Content/VisualSlice/Models/Conduit_Rack.fbx
S01 Composition Root/Chapter 01 Visual Environment/FloorTerrain/Chapter 01 Full Production/Service corridors/Conduit_Rack/Conduit_Rack(Clone)	(4.9, 0.831499934, -1.5)	(0.500000656, 1.65299988, 3.80000043)	Assets/_Game/Content/VisualSlice/Materials/Slice_IndustrialAtlas.mat	Assets/_Game/Content/VisualSlice/Models/Conduit_Rack.fbx
S01 Composition Root/Chapter 01 Visual Environment/FloorTerrain/Chapter 01 Full Production/Service corridors/Conduit_Rack/Conduit_Rack(Clone)	(-4.9, 0.831499934, 4)	(0.500000656, 1.65299988, 3.80000043)	Assets/_Game/Content/VisualSlice/Materials/Slice_IndustrialAtlas.mat	Assets/_Game/Content/VisualSlice/Models/Conduit_Rack.fbx
S01 Composition Root/Chapter 01 Visual Environment/FloorTerrain/Chapter 01 Full Production/Service corridors/Conduit_Rack/Conduit_Rack(Clone)	(4.9, 0.831499934, 4)	(0.500000656, 1.65299988, 3.80000043)	Assets/_Game/Content/VisualSlice/Materials/Slice_IndustrialAtlas.mat	Assets/_Game/Content/VisualSlice/Models/Conduit_Rack.fbx
S01 Composition Root/Chapter 01 Visual Environment/FloorTerrain/Chapter 01 Full Production/Service corridors/Conduit_Rack/Conduit_Rack(Clone)	(-4.9, 0.831499934, 12)	(0.500000656, 1.65299988, 3.80000043)	Assets/_Game/Content/VisualSlice/Materials/Slice_IndustrialAtlas.mat	Assets/_Game/Content/VisualSlice/Models/Conduit_Rack.fbx
S01 Composition Root/Chapter 01 Visual Environment/FloorTerrain/Chapter 01 Full Production/Service corridors/Conduit_Rack/Conduit_Rack(Clone)	(4.9, 0.831499934, 12)	(0.500000656, 1.65299988, 3.80000043)	Assets/_Game/Content/VisualSlice/Materials/Slice_IndustrialAtlas.mat	Assets/_Game/Content/VisualSlice/Models/Conduit_Rack.fbx
S01 Composition Root/Chapter 01 Visual Environment/FloorTerrain/Chapter 01 Full Production/Service corridors/Conduit_Rack/Conduit_Rack(Clone)	(-4.9, 0.831499934, 16)	(0.500000656, 1.65299988, 3.80000043)	Assets/_Game/Content/VisualSlice/Materials/Slice_IndustrialAtlas.mat	Assets/_Game/Content/VisualSlice/Models/Conduit_Rack.fbx
S01 Composition Root/Chapter 01 Visual Environment/FloorTerrain/Chapter 01 Full Production/Service corridors/Conduit_Rack/Conduit_Rack(Clone)	(4.9, 0.831499934, 16)	(0.500000656, 1.65299988, 3.80000043)	Assets/_Game/Content/VisualSlice/Materials/Slice_IndustrialAtlas.mat	Assets/_Game/Content/VisualSlice/Models/Conduit_Rack.fbx
S01 Composition Root/Chapter 01 Visual Environment/FloorTerrain/Chapter 01 Full Production/Custodian containment complex/Primary_Containment/Primary_Containment(Clone)	(-6.733333, 2.02011967, 71.99986)	(3.8, 4.04024, 3.02110362)	Assets/_Game/Content/Chapter01Production/Materials/Chapter01_IndustrialAtlas.mat	Assets/_Game/Content/Chapter01Production/Models/Primary_Containment.fbx
S01 Composition Root/Chapter 01 Visual Environment/FloorTerrain/Chapter 01 Full Production/Custodian containment complex/Conduit_Rack/Conduit_Rack(Clone)	(-6.5, 2.8315, 63)	(0.5000008, 1.65299988, 4.94)	Assets/_Game/Content/VisualSlice/Materials/Slice_IndustrialAtlas.mat	Assets/_Game/Content/VisualSlice/Models/Conduit_Rack.fbx
S01 Composition Root/Chapter 01 Visual Environment/FloorTerrain/Chapter 01 Full Production/Custodian containment complex/Primary_Containment/Primary_Containment(Clone)	(6.733333, 2.02011967, 71.99986)	(3.8, 4.04024, 3.02110362)	Assets/_Game/Content/Chapter01Production/Materials/Chapter01_IndustrialAtlas.mat	Assets/_Game/Content/Chapter01Production/Models/Primary_Containment.fbx
S01 Composition Root/Chapter 01 Visual Environment/FloorTerrain/Chapter 01 Full Production/Custodian containment complex/Conduit_Rack/Conduit_Rack(Clone)	(6.5, 2.8315, 63)	(0.5000008, 1.65299988, 4.94)	Assets/_Game/Content/VisualSlice/Materials/Slice_IndustrialAtlas.mat	Assets/_Game/Content/VisualSlice/Models/Conduit_Rack.fbx
S01 Composition Root/Chapter 01 Visual Environment/FloorTerrain/Chapter 01 Full Production/Custodian containment complex/Conduit_Rack/Conduit_Rack(Clone)	(0, 4.3815, 58)	(5.7, 1.65299988, 0.175000057)	Assets/_Game/Content/VisualSlice/Materials/Slice_IndustrialAtlas.mat	Assets/_Game/Content/VisualSlice/Models/Conduit_Rack.fbx
S01 Composition Root/Chapter 01 Visual Environment/FloorTerrain/Chapter 01 Concept Fidelity V2/Bowed services and threshold machinery/Curved_Services_V2/Curved_Services_V2(Clone)	(4.306062, 1.03224659, -30.0556736)	(1.20660412, 1.75449347, 4.737786)	Assets/_Game/Content/ConceptFidelityV2/Materials/Fidelity_IndustrialAtlas.mat	Assets/_Game/Content/ConceptFidelityV2/Models/Curved_Services_V2.fbx
S01 Composition Root/Chapter 01 Visual Environment/FloorTerrain/Chapter 01 Concept Fidelity V2/Bowed services and threshold machinery/Bulkhead_V2/Bulkhead_V2(Clone)	(-5.26007032, 1.3445394, -30.01515)	(1.17986, 2.689079, 6.11817551)	Assets/_Game/Content/ConceptFidelityV2/Materials/Fidelity_IndustrialAtlas.mat	Assets/_Game/Content/ConceptFidelityV2/Models/Bulkhead_V2.fbx
S01 Composition Root/Chapter 01 Visual Environment/FloorTerrain/Chapter 01 Concept Fidelity V2/Bowed services and threshold machinery/Curved_Services_V2/Curved_Services_V2(Clone)	(4.306062, 1.03224659, -18.3056736)	(1.20660412, 1.75449347, 4.737786)	Assets/_Game/Content/ConceptFidelityV2/Materials/Fidelity_IndustrialAtlas.mat	Assets/_Game/Content/ConceptFidelityV2/Models/Curved_Services_V2.fbx
S01 Composition Root/Chapter 01 Visual Environment/FloorTerrain/Chapter 01 Concept Fidelity V2/Bowed services and threshold machinery/Bulkhead_V2/Bulkhead_V2(Clone)	(-5.26007032, 1.3445394, -18.26515)	(1.17986, 2.689079, 6.11817551)	Assets/_Game/Content/ConceptFidelityV2/Materials/Fidelity_IndustrialAtlas.mat	Assets/_Game/Content/ConceptFidelityV2/Models/Bulkhead_V2.fbx
S01 Composition Root/Chapter 01 Visual Environment/FloorTerrain/Chapter 01 Concept Fidelity V2/Bowed services and threshold machinery/Curved_Services_V2/Curved_Services_V2(Clone)	(4.306062, 1.03224659, -7.80567455)	(1.20660412, 1.75449347, 4.737786)	Assets/_Game/Content/ConceptFidelityV2/Materials/Fidelity_IndustrialAtlas.mat	Assets/_Game/Content/ConceptFidelityV2/Models/Curved_Services_V2.fbx
S01 Composition Root/Chapter 01 Visual Environment/FloorTerrain/Chapter 01 Concept Fidelity V2/Bowed services and threshold machinery/Bulkhead_V2/Bulkhead_V2(Clone)	(-5.26007032, 1.3445394, -7.765151)	(1.17986, 2.689079, 6.11817551)	Assets/_Game/Content/ConceptFidelityV2/Materials/Fidelity_IndustrialAtlas.mat	Assets/_Game/Content/ConceptFidelityV2/Models/Bulkhead_V2.fbx
S01 Composition Root/Chapter 01 Visual Environment/FloorTerrain/Chapter 01 Concept Fidelity V2/Bowed services and threshold machinery/Curved_Services_V2/Curved_Services_V2(Clone)	(-4.306062, 1.03224659, -2.19432545)	(1.20660412, 1.75449347, 4.737786)	Assets/_Game/Content/ConceptFidelityV2/Materials/Fidelity_IndustrialAtlas.mat	Assets/_Game/Content/ConceptFidelityV2/Models/Curved_Services_V2.fbx
S01 Composition Root/Chapter 01 Visual Environment/FloorTerrain/Chapter 01 Concept Fidelity V2/Bowed services and threshold machinery/Bulkhead_V2/Bulkhead_V2(Clone)	(5.26007032, 1.3445394, -2.234849)	(1.17986, 2.689079, 6.11817551)	Assets/_Game/Content/ConceptFidelityV2/Materials/Fidelity_IndustrialAtlas.mat	Assets/_Game/Content/ConceptFidelityV2/Models/Bulkhead_V2.fbx
S01 Composition Root/Chapter 01 Visual Environment/FloorTerrain/Chapter 01 Concept Fidelity V2/Bowed services and threshold machinery/Curved_Services_V2/Curved_Services_V2(Clone)	(4.306062, 1.03224659, 5.94432545)	(1.20660412, 1.75449347, 4.737786)	Assets/_Game/Content/ConceptFidelityV2/Materials/Fidelity_IndustrialAtlas.mat	Assets/_Game/Content/ConceptFidelityV2/Models/Curved_Services_V2.fbx
S01 Composition Root/Chapter 01 Visual Environment/FloorTerrain/Chapter 01 Concept Fidelity V2/Bowed services and threshold machinery/Bulkhead_V2/Bulkhead_V2(Clone)	(-5.26007032, 1.3445394, 5.984849)	(1.17986, 2.689079, 6.11817551)	Assets/_Game/Content/ConceptFidelityV2/Materials/Fidelity_IndustrialAtlas.mat	Assets/_Game/Content/ConceptFidelityV2/Models/Bulkhead_V2.fbx
S01 Composition Root/Chapter 01 Visual Environment/FloorTerrain/Chapter 01 Concept Fidelity V2/Bowed services and threshold machinery/Curved_Services_V2/Curved_Services_V2(Clone)	(-4.306062, 1.03224659, 16.0556736)	(1.20660412, 1.75449347, 4.737786)	Assets/_Game/Content/ConceptFidelityV2/Materials/Fidelity_IndustrialAtlas.mat	Assets/_Game/Content/ConceptFidelityV2/Models/Curved_Services_V2.fbx
S01 Composition Root/Chapter 01 Visual Environment/FloorTerrain/Chapter 01 Concept Fidelity V2/Bowed services and threshold machinery/Bulkhead_V2/Bulkhead_V2(Clone)	(5.26007032, 1.3445394, 16.01515)	(1.17986, 2.689079, 6.11817551)	Assets/_Game/Content/ConceptFidelityV2/Materials/Fidelity_IndustrialAtlas.mat	Assets/_Game/Content/ConceptFidelityV2/Models/Bulkhead_V2.fbx
S01 Composition Root/Chapter 01 Visual Environment/FloorTerrain/Chapter 01 Concept Fidelity V2/Bowed services and threshold machinery/Curved_Services_V2/Curved_Services_V2(Clone)	(4.306062, 1.03224659, 25.9443264)	(1.20660412, 1.75449347, 4.737786)	Assets/_Game/Content/ConceptFidelityV2/Materials/Fidelity_IndustrialAtlas.mat	Assets/_Game/Content/ConceptFidelityV2/Models/Curved_Services_V2.fbx
S01 Composition Root/Chapter 01 Visual Environment/FloorTerrain/Chapter 01 Concept Fidelity V2/Bowed services and threshold machinery/Bulkhead_V2/Bulkhead_V2(Clone)	(-5.26007032, 1.3445394, 25.98485)	(1.17986, 2.689079, 6.11817551)	Assets/_Game/Content/ConceptFidelityV2/Materials/Fidelity_IndustrialAtlas.mat	Assets/_Game/Content/ConceptFidelityV2/Models/Bulkhead_V2.fbx
S01 Composition Root/Chapter 01 Visual Environment/FloorTerrain/Chapter 01 Concept Fidelity V2/Bowed services and threshold machinery/Curved_Services_V2/Curved_Services_V2(Clone)	(-4.306062, 1.03224659, 35.0556755)	(1.20660412, 1.75449347, 4.737786)	Assets/_Game/Content/ConceptFidelityV2/Materials/Fidelity_IndustrialAtlas.mat	Assets/_Game/Content/ConceptFidelityV2/Models/Curved_Services_V2.fbx
S01 Composition Root/Chapter 01 Visual Environment/FloorTerrain/Chapter 01 Concept Fidelity V2/Bowed services and threshold machinery/Bulkhead_V2/Bulkhead_V2(Clone)	(5.26007032, 1.3445394, 35.015152)	(1.17986, 2.689079, 6.11817551)	Assets/_Game/Content/ConceptFidelityV2/Materials/Fidelity_IndustrialAtlas.mat	Assets/_Game/Content/ConceptFidelityV2/Models/Bulkhead_V2.fbx
S01 Composition Root/Chapter 01 Visual Environment/FloorTerrain/Chapter 01 Concept Fidelity V2/Bowed services and threshold machinery/Curved_Services_V2/Curved_Services_V2(Clone)	(4.306062, 1.03224659, 43.9443245)	(1.20660412, 1.75449347, 4.737786)	Assets/_Game/Content/ConceptFidelityV2/Materials/Fidelity_IndustrialAtlas.mat	Assets/_Game/Content/ConceptFidelityV2/Models/Curved_Services_V2.fbx
S01 Composition Root/Chapter 01 Visual Environment/FloorTerrain/Chapter 01 Concept Fidelity V2/Bowed services and threshold machinery/Curved_Services_V2/Curved_Services_V2(Clone)	(-4.306062, 1.03224659, 56.0556755)	(1.20660412, 1.75449347, 4.737786)	Assets/_Game/Content/ConceptFidelityV2/Materials/Fidelity_IndustrialAtlas.mat	Assets/_Game/Content/ConceptFidelityV2/Models/Curved_Services_V2.fbx
S01 Composition Root/Chapter 01 Visual Environment/FloorTerrain/Chapter 01 Concept Fidelity V2/Bowed services and threshold machinery/Bulkhead_V2/Bulkhead_V2(Clone)	(5.26007032, 1.3445394, 56.015152)	(1.17986, 2.689079, 6.11817551)	Assets/_Game/Content/ConceptFidelityV2/Materials/Fidelity_IndustrialAtlas.mat	Assets/_Game/Content/ConceptFidelityV2/Models/Bulkhead_V2.fbx
S01 Composition Root/Chapter 01 Visual Environment/FloorTerrain/Chapter 01 Concept Fidelity V2/Bowed services and threshold machinery/Curved_Services_V2/Curved_Services_V2(Clone)	(4.306062, 1.03224659, 67.94433)	(1.20660412, 1.75449347, 4.737786)	Assets/_Game/Content/ConceptFidelityV2/Materials/Fidelity_IndustrialAtlas.mat	Assets/_Game/Content/ConceptFidelityV2/Models/Curved_Services_V2.fbx
S01 Composition Root/Chapter 01 Visual Environment/FloorTerrain/Chapter 01 Concept Fidelity V2/Bowed services and threshold machinery/Curved_Services_V2/Curved_Services_V2(Clone)	(-4.566913, 0.9322466, -24.0451851)	(3.413842, 1.75449347, 4.706344)	Assets/_Game/Content/ConceptFidelityV2/Materials/Fidelity_IndustrialAtlas.mat	Assets/_Game/Content/ConceptFidelityV2/Models/Curved_Services_V2.fbx
S01 Composition Root/Chapter 01 Visual Environment/FloorTerrain/Chapter 01 Concept Fidelity V2/Bowed services and threshold machinery/Curved_Services_V2/Curved_Services_V2(Clone)	(4.51334524, 0.9322466, -6.82061)	(2.754254, 1.75449347, 4.86474466)	Assets/_Game/Content/ConceptFidelityV2/Materials/Fidelity_IndustrialAtlas.mat	Assets/_Game/Content/ConceptFidelityV2/Models/Curved_Services_V2.fbx
S01 Composition Root/Chapter 01 Visual Environment/FloorTerrain/Chapter 01 Concept Fidelity V2/Bowed services and threshold machinery/Curved_Services_V2/Curved_Services_V2(Clone)	(-4.666913, 0.9322466, -1.17018449)	(3.413842, 1.75449347, 4.706344)	Assets/_Game/Content/ConceptFidelityV2/Materials/Fidelity_IndustrialAtlas.mat	Assets/_Game/Content/ConceptFidelityV2/Models/Curved_Services_V2.fbx
S01 Composition Root/Chapter 01 Visual Environment/FloorTerrain/Chapter 01 Concept Fidelity V2/Bowed services and threshold machinery/Curved_Services_V2/Curved_Services_V2(Clone)	(4.41334534, 0.9322466, 14.05439)	(2.754254, 1.75449347, 4.86474466)	Assets/_Game/Content/ConceptFidelityV2/Materials/Fidelity_IndustrialAtlas.mat	Assets/_Game/Content/ConceptFidelityV2/Models/Curved_Services_V2.fbx
S01 Composition Root/Chapter 01 Visual Environment/FloorTerrain/Chapter 01 Concept Fidelity V2/Bowed services and threshold machinery/Curved_Services_V2/Curved_Services_V2(Clone)	(-4.566913, 0.9322466, 30.9548149)	(3.413842, 1.75449347, 4.706344)	Assets/_Game/Content/ConceptFidelityV2/Materials/Fidelity_IndustrialAtlas.mat	Assets/_Game/Content/ConceptFidelityV2/Models/Curved_Services_V2.fbx
S01 Composition Root/Chapter 01 Visual Environment/FloorTerrain/Chapter 01 Concept Fidelity V2/Bowed services and threshold machinery/Curved_Services_V2/Curved_Services_V2(Clone)	(4.81334543, 0.9322466, 52.05439)	(2.754254, 1.75449347, 4.86474466)	Assets/_Game/Content/ConceptFidelityV2/Materials/Fidelity_IndustrialAtlas.mat	Assets/_Game/Content/ConceptFidelityV2/Models/Curved_Services_V2.fbx
S01 Composition Root/Chapter 01 Visual Environment/FloorTerrain/Chapter 01 Concept Fidelity V2/Bowed services and threshold machinery/Curved_Services_V2/Curved_Services_V2(Clone)	(-5.466913, 0.9322466, 63.9548149)	(3.413842, 1.75449347, 4.706344)	Assets/_Game/Content/ConceptFidelityV2/Materials/Fidelity_IndustrialAtlas.mat	Assets/_Game/Content/ConceptFidelityV2/Models/Curved_Services_V2.fbx
S01 Composition Root/Chapter 01 Visual Environment/FloorTerrain/Chapter 01 Concept Fidelity V2/Industrial focal points/Turbine_V2/Turbine_V2_LOD0	(-5.39994955, 1.3687495, -28.0001888)	(4.61003876, 2.737499, 4.27020836)	Assets/_Game/Content/ConceptFidelityV2/Materials/Fidelity_IndustrialAtlas.mat	Assets/_Game/Content/ConceptFidelityV2/Models/Turbine_V2.fbx
S01 Composition Root/Chapter 01 Visual Environment/FloorTerrain/Chapter 01 Concept Fidelity V2/Industrial focal points/Turbine_V2/Turbine_V2_LOD1	(-5.40035772, 1.36833549, -28.00014)	(4.60321951, 2.728569, 4.26347446)	Assets/_Game/Content/ConceptFidelityV2/Materials/Fidelity_IndustrialAtlas.mat	Assets/_Game/Content/ConceptFidelityV2/Models/Turbine_V2.fbx
S01 Composition Root/Chapter 01 Visual Environment/FloorTerrain/Chapter 01 Concept Fidelity V2/Industrial focal points/Turbine_V2/Turbine_V2_LOD2	(-5.40035772, 1.3683356, -28.00014)	(4.60321951, 2.72856879, 4.26347446)	Assets/_Game/Content/ConceptFidelityV2/Materials/Fidelity_IndustrialAtlas.mat	Assets/_Game/Content/ConceptFidelityV2/Models/Turbine_V2.fbx
S01 Composition Root/Chapter 01 Visual Environment/FloorTerrain/Chapter 01 Concept Fidelity V2/Industrial focal points/Turbine_V2/Turbine_V2_LOD0	(5.60006666, 1.3687495, -0.750183463)	(4.790271, 2.737499, 4.50303364)	Assets/_Game/Content/ConceptFidelityV2/Materials/Fidelity_IndustrialAtlas.mat	Assets/_Game/Content/ConceptFidelityV2/Models/Turbine_V2.fbx
S01 Composition Root/Chapter 01 Visual Environment/FloorTerrain/Chapter 01 Concept Fidelity V2/Industrial focal points/Turbine_V2/Turbine_V2_LOD1	(5.59965563, 1.36833549, -0.7501697)	(4.783142, 2.728569, 4.495978)	Assets/_Game/Content/ConceptFidelityV2/Materials/Fidelity_IndustrialAtlas.mat	Assets/_Game/Content/ConceptFidelityV2/Models/Turbine_V2.fbx
S01 Composition Root/Chapter 01 Visual Environment/FloorTerrain/Chapter 01 Concept Fidelity V2/Industrial focal points/Turbine_V2/Turbine_V2_LOD2	(5.59965563, 1.3683356, -0.7501697)	(4.783142, 2.72856879, 4.495978)	Assets/_Game/Content/ConceptFidelityV2/Materials/Fidelity_IndustrialAtlas.mat	Assets/_Game/Content/ConceptFidelityV2/Models/Turbine_V2.fbx
S01 Composition Root/Chapter 01 Visual Environment/FloorTerrain/Chapter 01 Concept Fidelity V2/Industrial focal points/Reactor_V2/Reactor_V2_LOD0	(-5.6000824, 1.3524996, 13.9998226)	(4.934045, 2.70499921, 4.70158768)	Assets/_Game/Content/ConceptFidelityV2/Materials/Fidelity_IndustrialAtlas.mat	Assets/_Game/Content/ConceptFidelityV2/Models/Reactor_V2.fbx
S01 Composition Root/Chapter 01 Visual Environment/FloorTerrain/Chapter 01 Concept Fidelity V2/Industrial focal points/Reactor_V2/Reactor_V2_LOD1	(-5.60036325, 1.35379255, 14.000123)	(4.92666245, 2.69948316, 4.69426346)	Assets/_Game/Content/ConceptFidelityV2/Materials/Fidelity_IndustrialAtlas.mat	Assets/_Game/Content/ConceptFidelityV2/Models/Reactor_V2.fbx
S01 Composition Root/Chapter 01 Visual Environment/FloorTerrain/Chapter 01 Concept Fidelity V2/Industrial focal points/Reactor_V2/Reactor_V2_LOD2	(-5.60036325, 1.3545059, 14.000123)	(4.92666245, 2.70090938, 4.69426346)	Assets/_Game/Content/ConceptFidelityV2/Materials/Fidelity_IndustrialAtlas.mat	Assets/_Game/Content/ConceptFidelityV2/Models/Reactor_V2.fbx
S01 Composition Root/Chapter 01 Visual Environment/FloorTerrain/Chapter 01 Concept Fidelity V2/Industrial focal points/Reactor_V2/Reactor_V2_LOD0	(-16.500061, 1.3524996, -7.75018549)	(4.72248173, 2.70499921, 4.413923)	Assets/_Game/Content/ConceptFidelityV2/Materials/Fidelity_IndustrialAtlas.mat	Assets/_Game/Content/ConceptFidelityV2/Models/Reactor_V2.fbx
S01 Composition Root/Chapter 01 Visual Environment/FloorTerrain/Chapter 01 Concept Fidelity V2/Industrial focal points/Reactor_V2/Reactor_V2_LOD1	(-16.5003757, 1.35379255, -7.749922)	(4.715471, 2.69948316, 4.406989)	Assets/_Game/Content/ConceptFidelityV2/Materials/Fidelity_IndustrialAtlas.mat	Assets/_Game/Content/ConceptFidelityV2/Models/Reactor_V2.fbx
S01 Composition Root/Chapter 01 Visual Environment/FloorTerrain/Chapter 01 Concept Fidelity V2/Industrial focal points/Reactor_V2/Reactor_V2_LOD2	(-16.5003757, 1.3545059, -7.749922)	(4.715471, 2.70090938, 4.406989)	Assets/_Game/Content/ConceptFidelityV2/Materials/Fidelity_IndustrialAtlas.mat	Assets/_Game/Content/ConceptFidelityV2/Models/Reactor_V2.fbx
S01 Composition Root/Chapter 01 Visual Environment/FloorTerrain/Chapter 01 Concept Fidelity V2/Industrial focal points/Pressure_Wreck_V2/Pressure_Wreck_V2(Clone)	(17.0429249, 0.95, -8.012463)	(4.84841251, 2.00000024, 4.801362)	Assets/_Game/Content/ConceptFidelityV2/Materials/Fidelity_IndustrialAtlas.mat	Assets/_Game/Content/ConceptFidelityV2/Models/Pressure_Wreck_V2.fbx
S01 Composition Root/Chapter 01 Visual Environment/FloorTerrain/Chapter 01 Concept Fidelity V2/Industrial focal points/Turbine_V2/Turbine_V2_LOD0	(-22.4000816, 1.3687495, 13.9998226)	(4.934045, 2.737499, 4.70158768)	Assets/_Game/Content/ConceptFidelityV2/Materials/Fidelity_IndustrialAtlas.mat	Assets/_Game/Content/ConceptFidelityV2/Models/Turbine_V2.fbx
S01 Composition Root/Chapter 01 Visual Environment/FloorTerrain/Chapter 01 Concept Fidelity V2/Industrial focal points/Turbine_V2/Turbine_V2_LOD1	(-22.4003639, 1.36833549, 14.000123)	(4.92666245, 2.728569, 4.69426346)	Assets/_Game/Content/ConceptFidelityV2/Materials/Fidelity_IndustrialAtlas.mat	Assets/_Game/Content/ConceptFidelityV2/Models/Turbine_V2.fbx
S01 Composition Root/Chapter 01 Visual Environment/FloorTerrain/Chapter 01 Concept Fidelity V2/Industrial focal points/Turbine_V2/Turbine_V2_LOD2	(-22.4003639, 1.3683356, 14.000123)	(4.92666245, 2.72856879, 4.69426346)	Assets/_Game/Content/ConceptFidelityV2/Materials/Fidelity_IndustrialAtlas.mat	Assets/_Game/Content/ConceptFidelityV2/Models/Turbine_V2.fbx
S01 Composition Root/Chapter 01 Visual Environment/FloorTerrain/Chapter 01 Concept Fidelity V2/Industrial focal points/Pressure_Wreck_V2/Pressure_Wreck_V2(Clone)	(22.4037743, 0.95, 13.9594059)	(4.76127338, 2.00000024, 4.711029)	Assets/_Game/Content/ConceptFidelityV2/Materials/Fidelity_IndustrialAtlas.mat	Assets/_Game/Content/ConceptFidelityV2/Models/Pressure_Wreck_V2.fbx
S01 Composition Root/Chapter 01 Visual Environment/FloorTerrain/Chapter 01 Concept Fidelity V2/Industrial focal points/Reactor_V2/Reactor_V2_LOD0	(-7.333293, 1.3524996, 17.99981)	(4.48496, 2.70499921, 4.11479044)	Assets/_Game/Content/ConceptFidelityV2/Materials/Fidelity_IndustrialAtlas.mat	Assets/_Game/Content/ConceptFidelityV2/Models/Reactor_V2.fbx
S01 Composition Root/Chapter 01 Visual Environment/FloorTerrain/Chapter 01 Concept Fidelity V2/Industrial focal points/Reactor_V2/Reactor_V2_LOD1	(-7.333698, 1.35379255, 17.99988)	(4.47835064, 2.69948316, 4.108274)	Assets/_Game/Content/ConceptFidelityV2/Materials/Fidelity_IndustrialAtlas.mat	Assets/_Game/Content/ConceptFidelityV2/Models/Reactor_V2.fbx
S01 Composition Root/Chapter 01 Visual Environment/FloorTerrain/Chapter 01 Concept Fidelity V2/Industrial focal points/Reactor_V2/Reactor_V2_LOD2	(-7.333698, 1.3545059, 17.99988)	(4.47835064, 2.70090938, 4.108274)	Assets/_Game/Content/ConceptFidelityV2/Materials/Fidelity_IndustrialAtlas.mat	Assets/_Game/Content/ConceptFidelityV2/Models/Reactor_V2.fbx
S01 Composition Root/Chapter 01 Visual Environment/FloorTerrain/Chapter 01 Concept Fidelity V2/Industrial focal points/Turbine_V2/Turbine_V2_LOD0	(5.79994631, 1.3687495, 34.9998131)	(4.64894, 2.737499, 4.319434)	Assets/_Game/Content/ConceptFidelityV2/Materials/Fidelity_IndustrialAtlas.mat	Assets/_Game/Content/ConceptFidelityV2/Models/Turbine_V2.fbx
S01 Composition Root/Chapter 01 Visual Environment/FloorTerrain/Chapter 01 Concept Fidelity V2/Industrial focal points/Turbine_V2/Turbine_V2_LOD1	(5.799622, 1.36833549, 35.0000648)	(4.642054, 2.728569, 4.31263161)	Assets/_Game/Content/ConceptFidelityV2/Materials/Fidelity_IndustrialAtlas.mat	Assets/_Game/Content/ConceptFidelityV2/Models/Turbine_V2.fbx
S01 Composition Root/Chapter 01 Visual Environment/FloorTerrain/Chapter 01 Concept Fidelity V2/Industrial focal points/Turbine_V2/Turbine_V2_LOD2	(5.799622, 1.3683356, 35.0000648)	(4.642054, 2.72856879, 4.31263161)	Assets/_Game/Content/ConceptFidelityV2/Materials/Fidelity_IndustrialAtlas.mat	Assets/_Game/Content/ConceptFidelityV2/Models/Turbine_V2.fbx
S01 Composition Root/Chapter 01 Visual Environment/FloorTerrain/Chapter 01 Concept Fidelity V2/Industrial focal points/Reactor_V2/Reactor_V2_LOD0	(-5.69991732, 1.3524996, 46.9998245)	(4.934045, 2.70499921, 4.70158768)	Assets/_Game/Content/ConceptFidelityV2/Materials/Fidelity_IndustrialAtlas.mat	Assets/_Game/Content/ConceptFidelityV2/Models/Reactor_V2.fbx
S01 Composition Root/Chapter 01 Visual Environment/FloorTerrain/Chapter 01 Concept Fidelity V2/Industrial focal points/Reactor_V2/Reactor_V2_LOD1	(-5.700328, 1.35379255, 46.9998)	(4.92666245, 2.69948316, 4.69426346)	Assets/_Game/Content/ConceptFidelityV2/Materials/Fidelity_IndustrialAtlas.mat	Assets/_Game/Content/ConceptFidelityV2/Models/Reactor_V2.fbx
S01 Composition Root/Chapter 01 Visual Environment/FloorTerrain/Chapter 01 Concept Fidelity V2/Industrial focal points/Reactor_V2/Reactor_V2_LOD2	(-5.700328, 1.3545059, 46.9998)	(4.92666245, 2.70090938, 4.69426346)	Assets/_Game/Content/ConceptFidelityV2/Materials/Fidelity_IndustrialAtlas.mat	Assets/_Game/Content/ConceptFidelityV2/Models/Reactor_V2.fbx
S01 Composition Root/Chapter 01 Visual Environment/FloorTerrain/Chapter 01 Concept Fidelity V2/Industrial focal points/Containment_Vessel_V2/Containment_Vessel_V2_LOD0	(6.56673336, 1.3524996, 62.9998169)	(4.790271, 2.70499921, 4.50303364)	Assets/_Game/Content/ConceptFidelityV2/Materials/Fidelity_IndustrialAtlas.mat	Assets/_Game/Content/ConceptFidelityV2/Models/Containment_Vessel_V2.fbx
S01 Composition Root/Chapter 01 Visual Environment/FloorTerrain/Chapter 01 Concept Fidelity V2/Industrial focal points/Containment_Vessel_V2/Containment_Vessel_V2_LOD1	(6.56632233, 1.35379255, 62.9998322)	(4.783142, 2.69948316, 4.495978)	Assets/_Game/Content/ConceptFidelityV2/Materials/Fidelity_IndustrialAtlas.mat	Assets/_Game/Content/ConceptFidelityV2/Models/Containment_Vessel_V2.fbx
S01 Composition Root/Chapter 01 Visual Environment/FloorTerrain/Chapter 01 Concept Fidelity V2/Industrial focal points/Containment_Vessel_V2/Containment_Vessel_V2_LOD2	(6.56632233, 1.3545059, 62.9998322)	(4.783142, 2.70090938, 4.495978)	Assets/_Game/Content/ConceptFidelityV2/Materials/Fidelity_IndustrialAtlas.mat	Assets/_Game/Content/ConceptFidelityV2/Models/Containment_Vessel_V2.fbx
S01 Composition Root/Chapter 01 Visual Environment/FloorTerrain/Chapter 01 Concept Fidelity V2/Industrial focal points/Containment_Vessel_V2/Containment_Vessel_V2_LOD0	(-6.73337364, 1.3524996, 71.99981)	(4.48496, 2.70499921, 4.11479044)	Assets/_Game/Content/ConceptFidelityV2/Materials/Fidelity_IndustrialAtlas.mat	Assets/_Game/Content/ConceptFidelityV2/Models/Containment_Vessel_V2.fbx
S01 Composition Root/Chapter 01 Visual Environment/FloorTerrain/Chapter 01 Concept Fidelity V2/Industrial focal points/Containment_Vessel_V2/Containment_Vessel_V2_LOD1	(-6.733715, 1.35379255, 72.00004)	(4.47835064, 2.69948316, 4.108274)	Assets/_Game/Content/ConceptFidelityV2/Materials/Fidelity_IndustrialAtlas.mat	Assets/_Game/Content/ConceptFidelityV2/Models/Containment_Vessel_V2.fbx
S01 Composition Root/Chapter 01 Visual Environment/FloorTerrain/Chapter 01 Concept Fidelity V2/Industrial focal points/Containment_Vessel_V2/Containment_Vessel_V2_LOD2	(-6.733715, 1.3545059, 72.00004)	(4.47835064, 2.70090938, 4.108274)	Assets/_Game/Content/ConceptFidelityV2/Materials/Fidelity_IndustrialAtlas.mat	Assets/_Game/Content/ConceptFidelityV2/Models/Containment_Vessel_V2.fbx
S01 Composition Root/Chapter 01 Visual Environment/FloorTerrain/Chapter 01 Concept Fidelity V2/Industrial focal points/Containment_Frame_V2/Containment_Frame_V2(Clone)	(-6.133308, 2.10867977, 59.99988)	(2.642241, 4.21735954, 2.32916474)	Assets/_Game/Content/ConceptFidelityV2/Materials/Fidelity_IndustrialAtlas.mat	Assets/_Game/Content/ConceptFidelityV2/Models/Containment_Frame_V2.fbx
S01 Composition Root/Chapter 01 Visual Environment/FloorTerrain/Chapter 01 Concept Fidelity V2/Industrial focal points/Containment_Frame_V2/Containment_Frame_V2(Clone)	(6.133308, 2.10867977, 59.99988)	(2.642241, 4.21735954, 2.32916474)	Assets/_Game/Content/ConceptFidelityV2/Materials/Fidelity_IndustrialAtlas.mat	Assets/_Game/Content/ConceptFidelityV2/Models/Containment_Frame_V2.fbx
S01 Composition Root/Chapter 01 Visual Environment/FloorTerrain/Chapter 01 Concept Fidelity V2/Industrial focal points/Containment_Frame_V2/Containment_Frame_V2(Clone)	(-6.133308, 2.10867977, 67.99988)	(2.642241, 4.21735954, 2.32916474)	Assets/_Game/Content/ConceptFidelityV2/Materials/Fidelity_IndustrialAtlas.mat	Assets/_Game/Content/ConceptFidelityV2/Models/Containment_Frame_V2.fbx
S01 Composition Root/Chapter 01 Visual Environment/FloorTerrain/Chapter 01 Concept Fidelity V2/Industrial focal points/Containment_Frame_V2/Containment_Frame_V2(Clone)	(6.133308, 2.10867977, 67.99988)	(2.642241, 4.21735954, 2.32916474)	Assets/_Game/Content/ConceptFidelityV2/Materials/Fidelity_IndustrialAtlas.mat	Assets/_Game/Content/ConceptFidelityV2/Models/Containment_Frame_V2.fbx
S01 Composition Root/Chapter 01 Visual Environment/FloorTerrain/Chapter 01 Concept Fidelity V2/Industrial focal points/Containment_Frame_V2/Containment_Frame_V2(Clone)	(-6.133308, 2.10867977, 75.99988)	(2.642241, 4.21735954, 2.32916474)	Assets/_Game/Content/ConceptFidelityV2/Materials/Fidelity_IndustrialAtlas.mat	Assets/_Game/Content/ConceptFidelityV2/Models/Containment_Frame_V2.fbx
S01 Composition Root/Chapter 01 Visual Environment/FloorTerrain/Chapter 01 Concept Fidelity V2/Industrial focal points/Containment_Frame_V2/Containment_Frame_V2(Clone)	(6.133308, 2.10867977, 75.99988)	(2.642241, 4.21735954, 2.32916474)	Assets/_Game/Content/ConceptFidelityV2/Materials/Fidelity_IndustrialAtlas.mat	Assets/_Game/Content/ConceptFidelityV2/Models/Containment_Frame_V2.fbx
S01 Composition Root/Chapter 01 Visual Environment/FloorTerrain/Chapter 01 V3 richness/Broken perimeter and outside-wall depth/Broken_Edge_V3_0/Broken_Edge_V3_0(Clone)	(-28.2, -0.106999986, -34)	(3.6, 0.5160006, 5.99999952)	Assets/_Game/Content/ConceptFidelityV2/Materials/Fidelity_IndustrialAtlas.mat	Assets/_Game/Content/Chapter01V3/Models/Broken_Edge_V3_0.fbx
S01 Composition Root/Chapter 01 Visual Environment/FloorTerrain/Chapter 01 V3 richness/Broken perimeter and outside-wall depth/Collapsed_Hull_V3/Collapsed_Hull_V3(Clone)	(-30.9947, 0.4699999, -31.0765762)	(3.82682133, 1.35000014, 3.46980929)	Assets/_Game/Content/ConceptFidelityV2/Materials/Fidelity_IndustrialAtlas.mat	Assets/_Game/Content/Chapter01V3/Models/Collapsed_Hull_V3.fbx
S01 Composition Root/Chapter 01 Visual Environment/FloorTerrain/Chapter 01 V3 richness/Broken perimeter and outside-wall depth/Broken_Edge_V3_0/Broken_Edge_V3_0(Clone)	(28.2, -0.106999986, -34)	(3.60000038, 0.5160006, 6)	Assets/_Game/Content/ConceptFidelityV2/Materials/Fidelity_IndustrialAtlas.mat	Assets/_Game/Content/Chapter01V3/Models/Broken_Edge_V3_0.fbx
S01 Composition Root/Chapter 01 Visual Environment/FloorTerrain/Chapter 01 V3 richness/Broken perimeter and outside-wall depth/Collapsed_Hull_V3/Collapsed_Hull_V3(Clone)	(30.944746, 0.4699999, -31.0532818)	(3.82682133, 1.35000014, 3.46980929)	Assets/_Game/Content/ConceptFidelityV2/Materials/Fidelity_IndustrialAtlas.mat	Assets/_Game/Content/Chapter01V3/Models/Collapsed_Hull_V3.fbx
S01 Composition Root/Chapter 01 Visual Environment/FloorTerrain/Chapter 01 V3 richness/Broken perimeter and outside-wall depth/Broken_Edge_V3_1/Broken_Edge_V3_1(Clone)	(-28.2, -0.106999986, -24)	(3.6, 0.5160006, 5.99999952)	Assets/_Game/Content/ConceptFidelityV2/Materials/Fidelity_IndustrialAtlas.mat	Assets/_Game/Content/Chapter01V3/Models/Broken_Edge_V3_1.fbx
S01 Composition Root/Chapter 01 Visual Environment/FloorTerrain/Chapter 01 V3 richness/Broken perimeter and outside-wall depth/Broken_Edge_V3_1/Broken_Edge_V3_1(Clone)	(28.2, -0.106999986, -24)	(3.60000038, 0.5160006, 6)	Assets/_Game/Content/ConceptFidelityV2/Materials/Fidelity_IndustrialAtlas.mat	Assets/_Game/Content/Chapter01V3/Models/Broken_Edge_V3_1.fbx
S01 Composition Root/Chapter 01 Visual Environment/FloorTerrain/Chapter 01 V3 richness/Broken perimeter and outside-wall depth/Broken_Edge_V3_0/Broken_Edge_V3_0(Clone)	(-28.2, -0.106999986, -14.75)	(3.6, 0.5160006, 5.99999952)	Assets/_Game/Content/ConceptFidelityV2/Materials/Fidelity_IndustrialAtlas.mat	Assets/_Game/Content/Chapter01V3/Models/Broken_Edge_V3_0.fbx
S01 Composition Root/Chapter 01 Visual Environment/FloorTerrain/Chapter 01 V3 richness/Broken perimeter and outside-wall depth/Collapsed_Hull_V3/Collapsed_Hull_V3(Clone)	(-30.9947, 0.4699999, -12.2015753)	(3.82682133, 1.35000014, 3.46980929)	Assets/_Game/Content/ConceptFidelityV2/Materials/Fidelity_IndustrialAtlas.mat	Assets/_Game/Content/Chapter01V3/Models/Collapsed_Hull_V3.fbx
S01 Composition Root/Chapter 01 Visual Environment/FloorTerrain/Chapter 01 V3 richness/Broken perimeter and outside-wall depth/Broken_Edge_V3_0/Broken_Edge_V3_0(Clone)	(28.2, -0.106999986, -14.75)	(3.60000038, 0.5160006, 6)	Assets/_Game/Content/ConceptFidelityV2/Materials/Fidelity_IndustrialAtlas.mat	Assets/_Game/Content/Chapter01V3/Models/Broken_Edge_V3_0.fbx
S01 Composition Root/Chapter 01 Visual Environment/FloorTerrain/Chapter 01 V3 richness/Broken perimeter and outside-wall depth/Collapsed_Hull_V3/Collapsed_Hull_V3(Clone)	(30.944746, 0.4699999, -12.1782818)	(3.82682133, 1.35000014, 3.46980929)	Assets/_Game/Content/ConceptFidelityV2/Materials/Fidelity_IndustrialAtlas.mat	Assets/_Game/Content/Chapter01V3/Models/Collapsed_Hull_V3.fbx
S01 Composition Root/Chapter 01 Visual Environment/FloorTerrain/Chapter 01 V3 richness/Broken perimeter and outside-wall depth/Broken_Edge_V3_1/Broken_Edge_V3_1(Clone)	(-28.2, -0.106999986, -6)	(3.6, 0.5160006, 5.99999952)	Assets/_Game/Content/ConceptFidelityV2/Materials/Fidelity_IndustrialAtlas.mat	Assets/_Game/Content/Chapter01V3/Models/Broken_Edge_V3_1.fbx
S01 Composition Root/Chapter 01 Visual Environment/FloorTerrain/Chapter 01 V3 richness/Broken perimeter and outside-wall depth/Broken_Edge_V3_1/Broken_Edge_V3_1(Clone)	(28.2, -0.106999986, -6)	(3.60000038, 0.5160006, 6)	Assets/_Game/Content/ConceptFidelityV2/Materials/Fidelity_IndustrialAtlas.mat	Assets/_Game/Content/Chapter01V3/Models/Broken_Edge_V3_1.fbx
S01 Composition Root/Chapter 01 Visual Environment/FloorTerrain/Chapter 01 V3 richness/Broken perimeter and outside-wall depth/Broken_Edge_V3_0/Broken_Edge_V3_0(Clone)	(-28.2, -0.106999986, -2.25)	(3.6, 0.5160006, 5.99999952)	Assets/_Game/Content/ConceptFidelityV2/Materials/Fidelity_IndustrialAtlas.mat	Assets/_Game/Content/Chapter01V3/Models/Broken_Edge_V3_0.fbx
S01 Composition Root/Chapter 01 Visual Environment/FloorTerrain/Chapter 01 V3 richness/Broken perimeter and outside-wall depth/Collapsed_Hull_V3/Collapsed_Hull_V3(Clone)	(-30.9947, 0.4699999, -1.20157576)	(3.82682133, 1.35000014, 3.46980929)	Assets/_Game/Content/ConceptFidelityV2/Materials/Fidelity_IndustrialAtlas.mat	Assets/_Game/Content/Chapter01V3/Models/Collapsed_Hull_V3.fbx
S01 Composition Root/Chapter 01 Visual Environment/FloorTerrain/Chapter 01 V3 richness/Broken perimeter and outside-wall depth/Broken_Edge_V3_0/Broken_Edge_V3_0(Clone)	(28.2, -0.106999986, -2.25)	(3.60000038, 0.5160006, 6)	Assets/_Game/Content/ConceptFidelityV2/Materials/Fidelity_IndustrialAtlas.mat	Assets/_Game/Content/Chapter01V3/Models/Broken_Edge_V3_0.fbx
S01 Composition Root/Chapter 01 Visual Environment/FloorTerrain/Chapter 01 V3 richness/Broken perimeter and outside-wall depth/Collapsed_Hull_V3/Collapsed_Hull_V3(Clone)	(30.944746, 0.4699999, -1.178282)	(3.82682133, 1.35000014, 3.46980929)	Assets/_Game/Content/ConceptFidelityV2/Materials/Fidelity_IndustrialAtlas.mat	Assets/_Game/Content/Chapter01V3/Models/Collapsed_Hull_V3.fbx
S01 Composition Root/Chapter 01 Visual Environment/FloorTerrain/Chapter 01 V3 richness/Broken perimeter and outside-wall depth/Broken_Edge_V3_1/Broken_Edge_V3_1(Clone)	(-28.2, -0.106999986, 4)	(3.6, 0.5160006, 5.99999952)	Assets/_Game/Content/ConceptFidelityV2/Materials/Fidelity_IndustrialAtlas.mat	Assets/_Game/Content/Chapter01V3/Models/Broken_Edge_V3_1.fbx
S01 Composition Root/Chapter 01 Visual Environment/FloorTerrain/Chapter 01 V3 richness/Broken perimeter and outside-wall depth/Broken_Edge_V3_1/Broken_Edge_V3_1(Clone)	(28.2, -0.106999986, 4)	(3.60000038, 0.5160006, 6)	Assets/_Game/Content/ConceptFidelityV2/Materials/Fidelity_IndustrialAtlas.mat	Assets/_Game/Content/Chapter01V3/Models/Broken_Edge_V3_1.fbx
S01 Composition Root/Chapter 01 Visual Environment/FloorTerrain/Chapter 01 V3 richness/Broken perimeter and outside-wall depth/Broken_Edge_V3_0/Broken_Edge_V3_0(Clone)	(-28.2, -0.106999986, 14)	(3.6, 0.5160006, 5.99999952)	Assets/_Game/Content/ConceptFidelityV2/Materials/Fidelity_IndustrialAtlas.mat	Assets/_Game/Content/Chapter01V3/Models/Broken_Edge_V3_0.fbx
S01 Composition Root/Chapter 01 Visual Environment/FloorTerrain/Chapter 01 V3 richness/Broken perimeter and outside-wall depth/Collapsed_Hull_V3/Collapsed_Hull_V3(Clone)	(-30.9947, 0.4699999, 15.9234247)	(3.82682133, 1.35000014, 3.46980929)	Assets/_Game/Content/ConceptFidelityV2/Materials/Fidelity_IndustrialAtlas.mat	Assets/_Game/Content/Chapter01V3/Models/Collapsed_Hull_V3.fbx
S01 Composition Root/Chapter 01 Visual Environment/FloorTerrain/Chapter 01 V3 richness/Broken perimeter and outside-wall depth/Broken_Edge_V3_0/Broken_Edge_V3_0(Clone)	(28.2, -0.106999986, 14)	(3.60000038, 0.5160006, 6)	Assets/_Game/Content/ConceptFidelityV2/Materials/Fidelity_IndustrialAtlas.mat	Assets/_Game/Content/Chapter01V3/Models/Broken_Edge_V3_0.fbx
S01 Composition Root/Chapter 01 Visual Environment/FloorTerrain/Chapter 01 V3 richness/Broken perimeter and outside-wall depth/Collapsed_Hull_V3/Collapsed_Hull_V3(Clone)	(30.944746, 0.4699999, 15.9467182)	(3.82682133, 1.35000014, 3.46980929)	Assets/_Game/Content/ConceptFidelityV2/Materials/Fidelity_IndustrialAtlas.mat	Assets/_Game/Content/Chapter01V3/Models/Collapsed_Hull_V3.fbx
S01 Composition Root/Chapter 01 Visual Environment/FloorTerrain/Chapter 01 V3 richness/Broken perimeter and outside-wall depth/Broken_Edge_V3_1/Broken_Edge_V3_1(Clone)	(-28.2, -0.106999986, 20)	(3.6, 0.5160006, 5.99999952)	Assets/_Game/Content/ConceptFidelityV2/Materials/Fidelity_IndustrialAtlas.mat	Assets/_Game/Content/Chapter01V3/Models/Broken_Edge_V3_1.fbx
S01 Composition Root/Chapter 01 Visual Environment/FloorTerrain/Chapter 01 V3 richness/Broken perimeter and outside-wall depth/Broken_Edge_V3_1/Broken_Edge_V3_1(Clone)	(28.2, -0.106999986, 20)	(3.60000038, 0.5160006, 6)	Assets/_Game/Content/ConceptFidelityV2/Materials/Fidelity_IndustrialAtlas.mat	Assets/_Game/Content/Chapter01V3/Models/Broken_Edge_V3_1.fbx
S01 Composition Root/Chapter 01 Visual Environment/FloorTerrain/Chapter 01 V3 richness/Broken perimeter and outside-wall depth/Broken_Edge_V3_0/Broken_Edge_V3_0(Clone)	(-28.2, -0.106999986, 30)	(3.6, 0.5160006, 5.99999952)	Assets/_Game/Content/ConceptFidelityV2/Materials/Fidelity_IndustrialAtlas.mat	Assets/_Game/Content/Chapter01V3/Models/Broken_Edge_V3_0.fbx
S01 Composition Root/Chapter 01 Visual Environment/FloorTerrain/Chapter 01 V3 richness/Broken perimeter and outside-wall depth/Collapsed_Hull_V3/Collapsed_Hull_V3(Clone)	(-30.9947, 0.4699999, 32.4234238)	(3.82682133, 1.35000014, 3.46980929)	Assets/_Game/Content/ConceptFidelityV2/Materials/Fidelity_IndustrialAtlas.mat	Assets/_Game/Content/Chapter01V3/Models/Collapsed_Hull_V3.fbx
S01 Composition Root/Chapter 01 Visual Environment/FloorTerrain/Chapter 01 V3 richness/Broken perimeter and outside-wall depth/Broken_Edge_V3_0/Broken_Edge_V3_0(Clone)	(28.2, -0.106999986, 30)	(3.60000038, 0.5160006, 6)	Assets/_Game/Content/ConceptFidelityV2/Materials/Fidelity_IndustrialAtlas.mat	Assets/_Game/Content/Chapter01V3/Models/Broken_Edge_V3_0.fbx
S01 Composition Root/Chapter 01 Visual Environment/FloorTerrain/Chapter 01 V3 richness/Broken perimeter and outside-wall depth/Collapsed_Hull_V3/Collapsed_Hull_V3(Clone)	(30.944746, 0.4699999, 32.4467163)	(3.82682133, 1.35000014, 3.46980929)	Assets/_Game/Content/ConceptFidelityV2/Materials/Fidelity_IndustrialAtlas.mat	Assets/_Game/Content/Chapter01V3/Models/Collapsed_Hull_V3.fbx
S01 Composition Root/Chapter 01 Visual Environment/FloorTerrain/Chapter 01 V3 richness/Broken perimeter and outside-wall depth/Broken_Edge_V3_1/Broken_Edge_V3_1(Clone)	(-28.2, -0.106999986, 36)	(3.6, 0.5160006, 5.99999952)	Assets/_Game/Content/ConceptFidelityV2/Materials/Fidelity_IndustrialAtlas.mat	Assets/_Game/Content/Chapter01V3/Models/Broken_Edge_V3_1.fbx
S01 Composition Root/Chapter 01 Visual Environment/FloorTerrain/Chapter 01 V3 richness/Broken perimeter and outside-wall depth/Broken_Edge_V3_1/Broken_Edge_V3_1(Clone)	(28.2, -0.106999986, 36)	(3.60000038, 0.5160006, 6)	Assets/_Game/Content/ConceptFidelityV2/Materials/Fidelity_IndustrialAtlas.mat	Assets/_Game/Content/Chapter01V3/Models/Broken_Edge_V3_1.fbx
S01 Composition Root/Chapter 01 Visual Environment/FloorTerrain/Chapter 01 V3 richness/Broken perimeter and outside-wall depth/Broken_Edge_V3_0/Broken_Edge_V3_0(Clone)	(-28.2, -0.106999986, 44)	(3.6, 0.5160006, 5.99999952)	Assets/_Game/Content/ConceptFidelityV2/Materials/Fidelity_IndustrialAtlas.mat	Assets/_Game/Content/Chapter01V3/Models/Broken_Edge_V3_0.fbx
S01 Composition Root/Chapter 01 Visual Environment/FloorTerrain/Chapter 01 V3 richness/Broken perimeter and outside-wall depth/Collapsed_Hull_V3/Collapsed_Hull_V3(Clone)	(-30.9947, 0.4699999, 46.9234238)	(3.82682133, 1.35000014, 3.46980929)	Assets/_Game/Content/ConceptFidelityV2/Materials/Fidelity_IndustrialAtlas.mat	Assets/_Game/Content/Chapter01V3/Models/Collapsed_Hull_V3.fbx
S01 Composition Root/Chapter 01 Visual Environment/FloorTerrain/Chapter 01 V3 richness/Broken perimeter and outside-wall depth/Broken_Edge_V3_0/Broken_Edge_V3_0(Clone)	(28.2, -0.106999986, 44)	(3.60000038, 0.5160006, 6)	Assets/_Game/Content/ConceptFidelityV2/Materials/Fidelity_IndustrialAtlas.mat	Assets/_Game/Content/Chapter01V3/Models/Broken_Edge_V3_0.fbx
S01 Composition Root/Chapter 01 Visual Environment/FloorTerrain/Chapter 01 V3 richness/Broken perimeter and outside-wall depth/Collapsed_Hull_V3/Collapsed_Hull_V3(Clone)	(30.944746, 0.4699999, 46.9467163)	(3.82682133, 1.35000014, 3.46980929)	Assets/_Game/Content/ConceptFidelityV2/Materials/Fidelity_IndustrialAtlas.mat	Assets/_Game/Content/Chapter01V3/Models/Collapsed_Hull_V3.fbx
S01 Composition Root/Chapter 01 Visual Environment/FloorTerrain/Chapter 01 V3 richness/Broken perimeter and outside-wall depth/Broken_Edge_V3_1/Broken_Edge_V3_1(Clone)	(-28.2, -0.106999986, 54)	(3.6, 0.5160006, 5.99999952)	Assets/_Game/Content/ConceptFidelityV2/Materials/Fidelity_IndustrialAtlas.mat	Assets/_Game/Content/Chapter01V3/Models/Broken_Edge_V3_1.fbx
S01 Composition Root/Chapter 01 Visual Environment/FloorTerrain/Chapter 01 V3 richness/Broken perimeter and outside-wall depth/Broken_Edge_V3_1/Broken_Edge_V3_1(Clone)	(28.2, -0.106999986, 54)	(3.60000038, 0.5160006, 6)	Assets/_Game/Content/ConceptFidelityV2/Materials/Fidelity_IndustrialAtlas.mat	Assets/_Game/Content/Chapter01V3/Models/Broken_Edge_V3_1.fbx
S01 Composition Root/Chapter 01 Visual Environment/FloorTerrain/Chapter 01 V3 richness/Broken perimeter and outside-wall depth/Broken_Edge_V3_0/Broken_Edge_V3_0(Clone)	(-28.2, -0.106999986, 64)	(3.6, 0.5160006, 5.99999952)	Assets/_Game/Content/ConceptFidelityV2/Materials/Fidelity_IndustrialAtlas.mat	Assets/_Game/Content/Chapter01V3/Models/Broken_Edge_V3_0.fbx
S01 Composition Root/Chapter 01 Visual Environment/FloorTerrain/Chapter 01 V3 richness/Broken perimeter and outside-wall depth/Collapsed_Hull_V3/Collapsed_Hull_V3(Clone)	(-30.9947, 0.4699999, 66.92342)	(3.82682133, 1.35000014, 3.46980929)	Assets/_Game/Content/ConceptFidelityV2/Materials/Fidelity_IndustrialAtlas.mat	Assets/_Game/Content/Chapter01V3/Models/Collapsed_Hull_V3.fbx
S01 Composition Root/Chapter 01 Visual Environment/FloorTerrain/Chapter 01 V3 richness/Broken perimeter and outside-wall depth/Broken_Edge_V3_0/Broken_Edge_V3_0(Clone)	(28.2, -0.106999986, 64)	(3.60000038, 0.5160006, 6)	Assets/_Game/Content/ConceptFidelityV2/Materials/Fidelity_IndustrialAtlas.mat	Assets/_Game/Content/Chapter01V3/Models/Broken_Edge_V3_0.fbx
S01 Composition Root/Chapter 01 Visual Environment/FloorTerrain/Chapter 01 V3 richness/Broken perimeter and outside-wall depth/Collapsed_Hull_V3/Collapsed_Hull_V3(Clone)	(30.944746, 0.4699999, 66.94672)	(3.82682133, 1.35000014, 3.46980929)	Assets/_Game/Content/ConceptFidelityV2/Materials/Fidelity_IndustrialAtlas.mat	Assets/_Game/Content/Chapter01V3/Models/Collapsed_Hull_V3.fbx
S01 Composition Root/Chapter 01 Visual Environment/FloorTerrain/Chapter 01 V3 richness/Broken perimeter and outside-wall depth/Broken_Edge_V3_1/Broken_Edge_V3_1(Clone)	(-28.2, -0.106999986, 74)	(3.6, 0.5160006, 5.99999952)	Assets/_Game/Content/ConceptFidelityV2/Materials/Fidelity_IndustrialAtlas.mat	Assets/_Game/Content/Chapter01V3/Models/Broken_Edge_V3_1.fbx
S01 Composition Root/Chapter 01 Visual Environment/FloorTerrain/Chapter 01 V3 richness/Broken perimeter and outside-wall depth/Broken_Edge_V3_1/Broken_Edge_V3_1(Clone)	(28.2, -0.106999986, 74)	(3.60000038, 0.5160006, 6)	Assets/_Game/Content/ConceptFidelityV2/Materials/Fidelity_IndustrialAtlas.mat	Assets/_Game/Content/Chapter01V3/Models/Broken_Edge_V3_1.fbx
S01 Composition Root/Chapter 01 Visual Environment/FloorTerrain/Chapter 01 V3 richness/Broken perimeter and outside-wall depth/Broken_Edge_V3_1/Broken_Edge_V3_1(Clone)	(-22, -0.106999986, 78.2)	(6.00000048, 0.5160006, 3.600001)	Assets/_Game/Content/ConceptFidelityV2/Materials/Fidelity_IndustrialAtlas.mat	Assets/_Game/Content/Chapter01V3/Models/Broken_Edge_V3_1.fbx
S01 Composition Root/Chapter 01 Visual Environment/FloorTerrain/Chapter 01 V3 richness/Broken perimeter and outside-wall depth/Broken_Edge_V3_0/Broken_Edge_V3_0(Clone)	(-22, -0.106999986, -40.2)	(6.00000048, 0.5160006, 3.600001)	Assets/_Game/Content/ConceptFidelityV2/Materials/Fidelity_IndustrialAtlas.mat	Assets/_Game/Content/Chapter01V3/Models/Broken_Edge_V3_0.fbx
S01 Composition Root/Chapter 01 Visual Environment/FloorTerrain/Chapter 01 V3 richness/Broken perimeter and outside-wall depth/Broken_Edge_V3_1/Broken_Edge_V3_1(Clone)	(-12, -0.106999986, 78.2)	(6.00000048, 0.5160006, 3.600001)	Assets/_Game/Content/ConceptFidelityV2/Materials/Fidelity_IndustrialAtlas.mat	Assets/_Game/Content/Chapter01V3/Models/Broken_Edge_V3_1.fbx
S01 Composition Root/Chapter 01 Visual Environment/FloorTerrain/Chapter 01 V3 richness/Broken perimeter and outside-wall depth/Broken_Edge_V3_0/Broken_Edge_V3_0(Clone)	(-12, -0.106999986, -40.2)	(6.00000048, 0.5160006, 3.600001)	Assets/_Game/Content/ConceptFidelityV2/Materials/Fidelity_IndustrialAtlas.mat	Assets/_Game/Content/Chapter01V3/Models/Broken_Edge_V3_0.fbx
S01 Composition Root/Chapter 01 Visual Environment/FloorTerrain/Chapter 01 V3 richness/Broken perimeter and outside-wall depth/Broken_Edge_V3_1/Broken_Edge_V3_1(Clone)	(-7.33333349, -0.106999986, 78.2)	(6.00000048, 0.5160006, 3.600001)	Assets/_Game/Content/ConceptFidelityV2/Materials/Fidelity_IndustrialAtlas.mat	Assets/_Game/Content/Chapter01V3/Models/Broken_Edge_V3_1.fbx
S01 Composition Root/Chapter 01 Visual Environment/FloorTerrain/Chapter 01 V3 richness/Broken perimeter and outside-wall depth/Broken_Edge_V3_0/Broken_Edge_V3_0(Clone)	(-7.33333349, -0.106999986, -40.2)	(6.00000048, 0.5160006, 3.600001)	Assets/_Game/Content/ConceptFidelityV2/Materials/Fidelity_IndustrialAtlas.mat	Assets/_Game/Content/Chapter01V3/Models/Broken_Edge_V3_0.fbx
S01 Composition Root/Chapter 01 Visual Environment/FloorTerrain/Chapter 01 V3 richness/Broken perimeter and outside-wall depth/Broken_Edge_V3_1/Broken_Edge_V3_1(Clone)	(-1.57356279E-08, -0.106999986, 78.2)	(6.00000048, 0.5160006, 3.600001)	Assets/_Game/Content/ConceptFidelityV2/Materials/Fidelity_IndustrialAtlas.mat	Assets/_Game/Content/Chapter01V3/Models/Broken_Edge_V3_1.fbx
S01 Composition Root/Chapter 01 Visual Environment/FloorTerrain/Chapter 01 V3 richness/Broken perimeter and outside-wall depth/Broken_Edge_V3_0/Broken_Edge_V3_0(Clone)	(1.57356279E-08, -0.106999986, -40.2)	(6.00000048, 0.5160006, 3.600001)	Assets/_Game/Content/ConceptFidelityV2/Materials/Fidelity_IndustrialAtlas.mat	Assets/_Game/Content/Chapter01V3/Models/Broken_Edge_V3_0.fbx
S01 Composition Root/Chapter 01 Visual Environment/FloorTerrain/Chapter 01 V3 richness/Broken perimeter and outside-wall depth/Broken_Edge_V3_1/Broken_Edge_V3_1(Clone)	(7.33333349, -0.106999986, 78.2)	(6.00000048, 0.5160006, 3.600001)	Assets/_Game/Content/ConceptFidelityV2/Materials/Fidelity_IndustrialAtlas.mat	Assets/_Game/Content/Chapter01V3/Models/Broken_Edge_V3_1.fbx
S01 Composition Root/Chapter 01 Visual Environment/FloorTerrain/Chapter 01 V3 richness/Broken perimeter and outside-wall depth/Broken_Edge_V3_0/Broken_Edge_V3_0(Clone)	(7.33333349, -0.106999986, -40.2)	(6.00000048, 0.5160006, 3.600001)	Assets/_Game/Content/ConceptFidelityV2/Materials/Fidelity_IndustrialAtlas.mat	Assets/_Game/Content/Chapter01V3/Models/Broken_Edge_V3_0.fbx
S01 Composition Root/Chapter 01 Visual Environment/FloorTerrain/Chapter 01 V3 richness/Broken perimeter and outside-wall depth/Broken_Edge_V3_1/Broken_Edge_V3_1(Clone)	(12, -0.106999986, 78.2)	(6.00000048, 0.5160006, 3.600001)	Assets/_Game/Content/ConceptFidelityV2/Materials/Fidelity_IndustrialAtlas.mat	Assets/_Game/Content/Chapter01V3/Models/Broken_Edge_V3_1.fbx
S01 Composition Root/Chapter 01 Visual Environment/FloorTerrain/Chapter 01 V3 richness/Broken perimeter and outside-wall depth/Broken_Edge_V3_0/Broken_Edge_V3_0(Clone)	(12, -0.106999986, -40.2)	(6.00000048, 0.5160006, 3.600001)	Assets/_Game/Content/ConceptFidelityV2/Materials/Fidelity_IndustrialAtlas.mat	Assets/_Game/Content/Chapter01V3/Models/Broken_Edge_V3_0.fbx
S01 Composition Root/Chapter 01 Visual Environment/FloorTerrain/Chapter 01 V3 richness/Broken perimeter and outside-wall depth/Broken_Edge_V3_1/Broken_Edge_V3_1(Clone)	(22, -0.106999986, 78.2)	(6.00000048, 0.5160006, 3.600001)	Assets/_Game/Content/ConceptFidelityV2/Materials/Fidelity_IndustrialAtlas.mat	Assets/_Game/Content/Chapter01V3/Models/Broken_Edge_V3_1.fbx
S01 Composition Root/Chapter 01 Visual Environment/FloorTerrain/Chapter 01 V3 richness/Broken perimeter and outside-wall depth/Broken_Edge_V3_0/Broken_Edge_V3_0(Clone)	(22, -0.106999986, -40.2)	(6.00000048, 0.5160006, 3.600001)	Assets/_Game/Content/ConceptFidelityV2/Materials/Fidelity_IndustrialAtlas.mat	Assets/_Game/Content/Chapter01V3/Models/Broken_Edge_V3_0.fbx
S01 Composition Root/Chapter 01 Visual Environment/FloorTerrain/Chapter 01 V3 richness/Route recessed conduits and repairs/Service_Trench_V3/Service_Trench_V3(Clone)	(-2.89998126, 0.1211, -22.0001335)	(2.07571077, 0.382200539, 4.92702341)	Assets/_Game/Content/ConceptFidelityV2/Materials/Fidelity_IndustrialAtlas.mat	Assets/_Game/Content/Chapter01V3/Models/Service_Trench_V3.fbx
S01 Composition Root/Chapter 01 Visual Environment/FloorTerrain/Chapter 01 V3 richness/Route recessed conduits and repairs/Collapsed_Hull_V3/Collapsed_Hull_V3(Clone)	(6.947926, 0.7199999, -20.07536)	(3.90035486, 1.35000014, 3.66554332)	Assets/_Game/Content/ConceptFidelityV2/Materials/Fidelity_IndustrialAtlas.mat	Assets/_Game/Content/Chapter01V3/Models/Collapsed_Hull_V3.fbx
S01 Composition Root/Chapter 01 Visual Environment/FloorTerrain/Chapter 01 V3 richness/Route recessed conduits and repairs/Service_Trench_V3/Service_Trench_V3(Clone)	(2.89998126, 0.1211, -9.500134)	(2.07571077, 0.382200539, 4.92702341)	Assets/_Game/Content/ConceptFidelityV2/Materials/Fidelity_IndustrialAtlas.mat	Assets/_Game/Content/Chapter01V3/Models/Service_Trench_V3.fbx
S01 Composition Root/Chapter 01 Visual Environment/FloorTerrain/Chapter 01 V3 richness/Route recessed conduits and repairs/Collapsed_Hull_V3/Collapsed_Hull_V3(Clone)	(-6.99466848, 0.7199999, -7.796151)	(3.90035486, 1.35000014, 3.66554332)	Assets/_Game/Content/ConceptFidelityV2/Materials/Fidelity_IndustrialAtlas.mat	Assets/_Game/Content/Chapter01V3/Models/Collapsed_Hull_V3.fbx
S01 Composition Root/Chapter 01 Visual Environment/FloorTerrain/Chapter 01 V3 richness/Route recessed conduits and repairs/Service_Trench_V3/Service_Trench_V3(Clone)	(2.89998126, 0.1211, -1.50013447)	(2.07571077, 0.382200539, 4.92702341)	Assets/_Game/Content/ConceptFidelityV2/Materials/Fidelity_IndustrialAtlas.mat	Assets/_Game/Content/Chapter01V3/Models/Service_Trench_V3.fbx
S01 Composition Root/Chapter 01 Visual Environment/FloorTerrain/Chapter 01 V3 richness/Route recessed conduits and repairs/Collapsed_Hull_V3/Collapsed_Hull_V3(Clone)	(-6.99466848, 0.7199999, -0.7961511)	(3.90035486, 1.35000014, 3.66554332)	Assets/_Game/Content/ConceptFidelityV2/Materials/Fidelity_IndustrialAtlas.mat	Assets/_Game/Content/Chapter01V3/Models/Collapsed_Hull_V3.fbx
S01 Composition Root/Chapter 01 Visual Environment/FloorTerrain/Chapter 01 V3 richness/Route recessed conduits and repairs/Service_Trench_V3/Service_Trench_V3(Clone)	(2.89998126, 0.1211, 11.9998655)	(2.07571077, 0.382200539, 4.92702341)	Assets/_Game/Content/ConceptFidelityV2/Materials/Fidelity_IndustrialAtlas.mat	Assets/_Game/Content/Chapter01V3/Models/Service_Trench_V3.fbx
S01 Composition Root/Chapter 01 Visual Environment/FloorTerrain/Chapter 01 V3 richness/Route recessed conduits and repairs/Collapsed_Hull_V3/Collapsed_Hull_V3(Clone)	(-6.99466848, 0.7199999, 13.9538488)	(3.90035486, 1.35000014, 3.66554332)	Assets/_Game/Content/ConceptFidelityV2/Materials/Fidelity_IndustrialAtlas.mat	Assets/_Game/Content/Chapter01V3/Models/Collapsed_Hull_V3.fbx
S01 Composition Root/Chapter 01 Visual Environment/FloorTerrain/Chapter 01 V3 richness/Route recessed conduits and repairs/Service_Trench_V3/Service_Trench_V3(Clone)	(-2.89998126, 0.1211, 21.9998665)	(2.07571077, 0.382200539, 4.92702341)	Assets/_Game/Content/ConceptFidelityV2/Materials/Fidelity_IndustrialAtlas.mat	Assets/_Game/Content/Chapter01V3/Models/Service_Trench_V3.fbx
S01 Composition Root/Chapter 01 Visual Environment/FloorTerrain/Chapter 01 V3 richness/Route recessed conduits and repairs/Collapsed_Hull_V3/Collapsed_Hull_V3(Clone)	(6.947926, 0.7199999, 23.92464)	(3.90035486, 1.35000014, 3.66554332)	Assets/_Game/Content/ConceptFidelityV2/Materials/Fidelity_IndustrialAtlas.mat	Assets/_Game/Content/Chapter01V3/Models/Collapsed_Hull_V3.fbx
S01 Composition Root/Chapter 01 Visual Environment/FloorTerrain/Chapter 01 V3 richness/Route recessed conduits and repairs/Service_Trench_V3/Service_Trench_V3(Clone)	(2.89998126, 0.1211, 33.9998665)	(2.07571077, 0.382200539, 4.92702341)	Assets/_Game/Content/ConceptFidelityV2/Materials/Fidelity_IndustrialAtlas.mat	Assets/_Game/Content/Chapter01V3/Models/Service_Trench_V3.fbx
S01 Composition Root/Chapter 01 Visual Environment/FloorTerrain/Chapter 01 V3 richness/Route recessed conduits and repairs/Collapsed_Hull_V3/Collapsed_Hull_V3(Clone)	(-6.99466848, 0.7199999, 34.95385)	(3.90035486, 1.35000014, 3.66554332)	Assets/_Game/Content/ConceptFidelityV2/Materials/Fidelity_IndustrialAtlas.mat	Assets/_Game/Content/Chapter01V3/Models/Collapsed_Hull_V3.fbx
S01 Composition Root/Chapter 01 Visual Environment/FloorTerrain/Chapter 01 V3 richness/Route recessed conduits and repairs/Service_Trench_V3/Service_Trench_V3(Clone)	(-2.89998126, 0.1211, 43.9998665)	(2.07571077, 0.382200539, 4.92702341)	Assets/_Game/Content/ConceptFidelityV2/Materials/Fidelity_IndustrialAtlas.mat	Assets/_Game/Content/Chapter01V3/Models/Service_Trench_V3.fbx
S01 Composition Root/Chapter 01 Visual Environment/FloorTerrain/Chapter 01 V3 richness/Route recessed conduits and repairs/Service_Trench_V3/Service_Trench_V3(Clone)	(2.89998126, 0.1211, 57.9998665)	(2.07571077, 0.382200539, 4.92702341)	Assets/_Game/Content/ConceptFidelityV2/Materials/Fidelity_IndustrialAtlas.mat	Assets/_Game/Content/Chapter01V3/Models/Service_Trench_V3.fbx
S01 Composition Root/Chapter 01 Visual Environment/FloorTerrain/Chapter 01 V3 richness/Route recessed conduits and repairs/Collapsed_Hull_V3/Collapsed_Hull_V3(Clone)	(-6.99466848, 0.7199999, 59.95385)	(3.90035486, 1.35000014, 3.66554332)	Assets/_Game/Content/ConceptFidelityV2/Materials/Fidelity_IndustrialAtlas.mat	Assets/_Game/Content/Chapter01V3/Models/Collapsed_Hull_V3.fbx
S01 Composition Root/Chapter 01 Visual Environment/FloorTerrain/Chapter 01 V3 richness/Route recessed conduits and repairs/Service_Trench_V3/Service_Trench_V3(Clone)	(2.89998126, 0.1211, 69.99986)	(2.07571077, 0.382200539, 4.92702341)	Assets/_Game/Content/ConceptFidelityV2/Materials/Fidelity_IndustrialAtlas.mat	Assets/_Game/Content/Chapter01V3/Models/Service_Trench_V3.fbx
S01 Composition Root/Chapter 01 Visual Environment/FloorTerrain/Chapter 01 V3 richness/Route recessed conduits and repairs/Collapsed_Hull_V3/Collapsed_Hull_V3(Clone)	(-6.99466848, 0.7199999, 71.95385)	(3.90035486, 1.35000014, 3.66554332)	Assets/_Game/Content/ConceptFidelityV2/Materials/Fidelity_IndustrialAtlas.mat	Assets/_Game/Content/Chapter01V3/Models/Collapsed_Hull_V3.fbx
S01 Composition Root/Chapter 01 Visual Environment/FloorTerrain/Chapter 01 V3 richness/Noncombat service alleys/Service_Trench_V3/Service_Trench_V3(Clone)	(-23.00004, 0.1211, -29.00013)	(2.7588625, 0.382200539, 4.98315144)	Assets/_Game/Content/ConceptFidelityV2/Materials/Fidelity_IndustrialAtlas.mat	Assets/_Game/Content/Chapter01V3/Models/Service_Trench_V3.fbx
S01 Composition Root/Chapter 01 Visual Environment/FloorTerrain/Chapter 01 V3 richness/Noncombat service alleys/Collapsed_Hull_V3/Collapsed_Hull_V3(Clone)	(-24.98937, 0.7199999, -26.07602)	(3.87591624, 1.35000014, 3.58819652)	Assets/_Game/Content/ConceptFidelityV2/Materials/Fidelity_IndustrialAtlas.mat	Assets/_Game/Content/Chapter01V3/Models/Collapsed_Hull_V3.fbx
S01 Composition Root/Chapter 01 Visual Environment/FloorTerrain/Chapter 01 V3 richness/Noncombat service alleys/Service_Trench_V3/Service_Trench_V3(Clone)	(23.0000553, 0.1211, -29.000124)	(3.24404287, 0.382200539, 4.9419384)	Assets/_Game/Content/ConceptFidelityV2/Materials/Fidelity_IndustrialAtlas.mat	Assets/_Game/Content/Chapter01V3/Models/Service_Trench_V3.fbx
S01 Composition Root/Chapter 01 Visual Environment/FloorTerrain/Chapter 01 V3 richness/Noncombat service alleys/Collapsed_Hull_V3/Collapsed_Hull_V3(Clone)	(25.01063, 0.7199999, -26.07602)	(3.87591624, 1.35000014, 3.58819652)	Assets/_Game/Content/ConceptFidelityV2/Materials/Fidelity_IndustrialAtlas.mat	Assets/_Game/Content/Chapter01V3/Models/Collapsed_Hull_V3.fbx
S01 Composition Root/Chapter 01 Visual Environment/FloorTerrain/Chapter 01 V3 richness/Noncombat service alleys/Service_Trench_V3/Service_Trench_V3(Clone)	(-23.00004, 0.1211, -4.1251297)	(2.7588625, 0.382200539, 4.98315144)	Assets/_Game/Content/ConceptFidelityV2/Materials/Fidelity_IndustrialAtlas.mat	Assets/_Game/Content/Chapter01V3/Models/Service_Trench_V3.fbx
S01 Composition Root/Chapter 01 Visual Environment/FloorTerrain/Chapter 01 V3 richness/Noncombat service alleys/Collapsed_Hull_V3/Collapsed_Hull_V3(Clone)	(-25.0288048, 0.7199999, -3.071149)	(3.15535951, 1.35000014, 2.43025112)	Assets/_Game/Content/ConceptFidelityV2/Materials/Fidelity_IndustrialAtlas.mat	Assets/_Game/Content/Chapter01V3/Models/Collapsed_Hull_V3.fbx
S01 Composition Root/Chapter 01 Visual Environment/FloorTerrain/Chapter 01 V3 richness/Noncombat service alleys/Service_Trench_V3/Service_Trench_V3(Clone)	(23.0000553, 0.1211, -4.125124)	(3.24404287, 0.382200539, 4.9419384)	Assets/_Game/Content/ConceptFidelityV2/Materials/Fidelity_IndustrialAtlas.mat	Assets/_Game/Content/Chapter01V3/Models/Service_Trench_V3.fbx
S01 Composition Root/Chapter 01 Visual Environment/FloorTerrain/Chapter 01 V3 richness/Noncombat service alleys/Collapsed_Hull_V3/Collapsed_Hull_V3(Clone)	(24.9711952, 0.7199999, -3.071149)	(3.15535951, 1.35000014, 2.43025112)	Assets/_Game/Content/ConceptFidelityV2/Materials/Fidelity_IndustrialAtlas.mat	Assets/_Game/Content/Chapter01V3/Models/Collapsed_Hull_V3.fbx
S01 Composition Root/Chapter 01 Visual Environment/FloorTerrain/Chapter 01 V3 richness/Noncombat service alleys/Service_Trench_V3/Service_Trench_V3(Clone)	(-21.00004, 0.1211, 29.99987)	(2.7588625, 0.382200539, 4.98315144)	Assets/_Game/Content/ConceptFidelityV2/Materials/Fidelity_IndustrialAtlas.mat	Assets/_Game/Content/Chapter01V3/Models/Service_Trench_V3.fbx
S01 Composition Root/Chapter 01 Visual Environment/FloorTerrain/Chapter 01 V3 richness/Noncombat service alleys/Collapsed_Hull_V3/Collapsed_Hull_V3(Clone)	(-23.0706787, 0.7199999, 32.47006)	(3.872756, 1.35000014, 3.89097333)	Assets/_Game/Content/ConceptFidelityV2/Materials/Fidelity_IndustrialAtlas.mat	Assets/_Game/Content/Chapter01V3/Models/Collapsed_Hull_V3.fbx
S01 Composition Root/Chapter 01 Visual Environment/FloorTerrain/Chapter 01 V3 richness/Noncombat service alleys/Service_Trench_V3/Service_Trench_V3(Clone)	(21.0000553, 0.1211, 29.999876)	(3.24404287, 0.382200539, 4.9419384)	Assets/_Game/Content/ConceptFidelityV2/Materials/Fidelity_IndustrialAtlas.mat	Assets/_Game/Content/Chapter01V3/Models/Service_Trench_V3.fbx
S01 Composition Root/Chapter 01 Visual Environment/FloorTerrain/Chapter 01 V3 richness/Noncombat service alleys/Collapsed_Hull_V3/Collapsed_Hull_V3(Clone)	(22.9293213, 0.7199999, 32.47006)	(3.872756, 1.35000014, 3.89097333)	Assets/_Game/Content/ConceptFidelityV2/Materials/Fidelity_IndustrialAtlas.mat	Assets/_Game/Content/Chapter01V3/Models/Collapsed_Hull_V3.fbx
S01 Composition Root/Chapter 01 Visual Environment/FloorTerrain/Chapter 01 V3 richness/Noncombat service alleys/Service_Trench_V3/Service_Trench_V3(Clone)	(-21.00004, 0.1211, 52.99987)	(2.7588625, 0.382200539, 4.98315144)	Assets/_Game/Content/ConceptFidelityV2/Materials/Fidelity_IndustrialAtlas.mat	Assets/_Game/Content/Chapter01V3/Models/Service_Trench_V3.fbx
S01 Composition Root/Chapter 01 Visual Environment/FloorTerrain/Chapter 01 V3 richness/Noncombat service alleys/Collapsed_Hull_V3/Collapsed_Hull_V3(Clone)	(-23.0763321, 0.7199999, 56.00808)	(3.101347, 1.35000014, 3.623264)	Assets/_Game/Content/ConceptFidelityV2/Materials/Fidelity_IndustrialAtlas.mat	Assets/_Game/Content/Chapter01V3/Models/Collapsed_Hull_V3.fbx
S01 Composition Root/Chapter 01 Visual Environment/FloorTerrain/Chapter 01 V3 richness/Noncombat service alleys/Service_Trench_V3/Service_Trench_V3(Clone)	(21.0000553, 0.1211, 52.9998741)	(3.24404287, 0.382200539, 4.9419384)	Assets/_Game/Content/ConceptFidelityV2/Materials/Fidelity_IndustrialAtlas.mat	Assets/_Game/Content/Chapter01V3/Models/Service_Trench_V3.fbx
S01 Composition Root/Chapter 01 Visual Environment/FloorTerrain/Chapter 01 V3 richness/Noncombat service alleys/Collapsed_Hull_V3/Collapsed_Hull_V3(Clone)	(22.9236679, 0.7199999, 56.00808)	(3.101347, 1.35000014, 3.623264)	Assets/_Game/Content/ConceptFidelityV2/Materials/Fidelity_IndustrialAtlas.mat	Assets/_Game/Content/Chapter01V3/Models/Collapsed_Hull_V3.fbx
S01 Composition Root/Chapter 01 Visual Environment/FloorTerrain/Chapter 01 V3 richness/Noncombat service alleys/Service_Trench_V3/Service_Trench_V3(Clone)	(-20.00004, 0.1211, 70.99987)	(2.7588625, 0.382200539, 4.98315144)	Assets/_Game/Content/ConceptFidelityV2/Materials/Fidelity_IndustrialAtlas.mat	Assets/_Game/Content/Chapter01V3/Models/Service_Trench_V3.fbx
S01 Composition Root/Chapter 01 Visual Environment/FloorTerrain/Chapter 01 V3 richness/Noncombat service alleys/Collapsed_Hull_V3/Collapsed_Hull_V3(Clone)	(-22.0701, 0.7199999, 74.03127)	(2.5359962, 1.35000014, 3.234458)	Assets/_Game/Content/ConceptFidelityV2/Materials/Fidelity_IndustrialAtlas.mat	Assets/_Game/Content/Chapter01V3/Models/Collapsed_Hull_V3.fbx
S01 Composition Root/Chapter 01 Visual Environment/FloorTerrain/Chapter 01 V3 richness/Noncombat service alleys/Service_Trench_V3/Service_Trench_V3(Clone)	(20.0000553, 0.1211, 70.99988)	(3.24404287, 0.382200539, 4.9419384)	Assets/_Game/Content/ConceptFidelityV2/Materials/Fidelity_IndustrialAtlas.mat	Assets/_Game/Content/Chapter01V3/Models/Service_Trench_V3.fbx
S01 Composition Root/Chapter 01 Visual Environment/FloorTerrain/Chapter 01 V3 richness/Noncombat service alleys/Collapsed_Hull_V3/Collapsed_Hull_V3(Clone)	(21.9299, 0.7199999, 74.03127)	(2.5359962, 1.35000014, 3.234458)	Assets/_Game/Content/ConceptFidelityV2/Materials/Fidelity_IndustrialAtlas.mat	Assets/_Game/Content/Chapter01V3/Models/Collapsed_Hull_V3.fbx
S01 Composition Root/Chapter 01 Visual Environment/FloorTerrain/Chapter 01 V3 richness/Warm cool industrial thresholds/Reactor_V2/Reactor_V2_LOD0	(-5.800073, 1.3524996, -24.0001812)	(4.852223, 2.70499921, 4.58665848)	Assets/_Game/Content/ConceptFidelityV2/Materials/Fidelity_IndustrialAtlas.mat	Assets/_Game/Content/ConceptFidelityV2/Models/Reactor_V2.fbx
S01 Composition Root/Chapter 01 Visual Environment/FloorTerrain/Chapter 01 V3 richness/Warm cool industrial thresholds/Reactor_V2/Reactor_V2_LOD1	(-5.80036974, 1.35379255, -23.9998951)	(4.84498644, 2.69948316, 4.57948875)	Assets/_Game/Content/ConceptFidelityV2/Materials/Fidelity_IndustrialAtlas.mat	Assets/_Game/Content/ConceptFidelityV2/Models/Reactor_V2.fbx
S01 Composition Root/Chapter 01 Visual Environment/FloorTerrain/Chapter 01 V3 richness/Warm cool industrial thresholds/Reactor_V2/Reactor_V2_LOD2	(-5.80036974, 1.3545059, -23.9998951)	(4.84498644, 2.70090938, 4.57948875)	Assets/_Game/Content/ConceptFidelityV2/Materials/Fidelity_IndustrialAtlas.mat	Assets/_Game/Content/ConceptFidelityV2/Models/Reactor_V2.fbx
S01 Composition Root/Chapter 01 Visual Environment/FloorTerrain/Chapter 01 V3 richness/Warm cool industrial thresholds/Reactor_V2/Reactor_V2_LOD0	(-5.800073, 1.3524996, -16.5001812)	(4.852223, 2.70499921, 4.58665848)	Assets/_Game/Content/ConceptFidelityV2/Materials/Fidelity_IndustrialAtlas.mat	Assets/_Game/Content/ConceptFidelityV2/Models/Reactor_V2.fbx
S01 Composition Root/Chapter 01 Visual Environment/FloorTerrain/Chapter 01 V3 richness/Warm cool industrial thresholds/Reactor_V2/Reactor_V2_LOD1	(-5.80036974, 1.35379255, -16.4998951)	(4.84498644, 2.69948316, 4.57948875)	Assets/_Game/Content/ConceptFidelityV2/Materials/Fidelity_IndustrialAtlas.mat	Assets/_Game/Content/ConceptFidelityV2/Models/Reactor_V2.fbx
S01 Composition Root/Chapter 01 Visual Environment/FloorTerrain/Chapter 01 V3 richness/Warm cool industrial thresholds/Reactor_V2/Reactor_V2_LOD2	(-5.80036974, 1.3545059, -16.4998951)	(4.84498644, 2.70090938, 4.57948875)	Assets/_Game/Content/ConceptFidelityV2/Materials/Fidelity_IndustrialAtlas.mat	Assets/_Game/Content/ConceptFidelityV2/Models/Reactor_V2.fbx
S01 Composition Root/Chapter 01 Visual Environment/FloorTerrain/Chapter 01 V3 richness/Warm cool industrial thresholds/Turbine_V2/Turbine_V2_LOD0	(5.80006075, 1.3687495, 4.99981451)	(4.72248173, 2.737499, 4.413923)	Assets/_Game/Content/ConceptFidelityV2/Materials/Fidelity_IndustrialAtlas.mat	Assets/_Game/Content/ConceptFidelityV2/Models/Turbine_V2.fbx
S01 Composition Root/Chapter 01 Visual Environment/FloorTerrain/Chapter 01 V3 richness/Warm cool industrial thresholds/Turbine_V2/Turbine_V2_LOD1	(5.79965, 1.36833549, 4.99984264)	(4.715471, 2.728569, 4.406989)	Assets/_Game/Content/ConceptFidelityV2/Materials/Fidelity_IndustrialAtlas.mat	Assets/_Game/Content/ConceptFidelityV2/Models/Turbine_V2.fbx
S01 Composition Root/Chapter 01 Visual Environment/FloorTerrain/Chapter 01 V3 richness/Warm cool industrial thresholds/Turbine_V2/Turbine_V2_LOD2	(5.79965, 1.3683356, 4.99984264)	(4.715471, 2.72856879, 4.406989)	Assets/_Game/Content/ConceptFidelityV2/Materials/Fidelity_IndustrialAtlas.mat	Assets/_Game/Content/ConceptFidelityV2/Models/Turbine_V2.fbx
S01 Composition Root/Chapter 01 Visual Environment/FloorTerrain/Chapter 01 V3 richness/Warm cool industrial thresholds/Reactor_V2/Reactor_V2_LOD0	(-5.800073, 1.3524996, 25.9998188)	(4.852223, 2.70499921, 4.58665848)	Assets/_Game/Content/ConceptFidelityV2/Materials/Fidelity_IndustrialAtlas.mat	Assets/_Game/Content/ConceptFidelityV2/Models/Reactor_V2.fbx
S01 Composition Root/Chapter 01 Visual Environment/FloorTerrain/Chapter 01 V3 richness/Warm cool industrial thresholds/Reactor_V2/Reactor_V2_LOD1	(-5.80036974, 1.35379255, 26.0001049)	(4.84498644, 2.69948316, 4.57948875)	Assets/_Game/Content/ConceptFidelityV2/Materials/Fidelity_IndustrialAtlas.mat	Assets/_Game/Content/ConceptFidelityV2/Models/Reactor_V2.fbx
S01 Composition Root/Chapter 01 Visual Environment/FloorTerrain/Chapter 01 V3 richness/Warm cool industrial thresholds/Reactor_V2/Reactor_V2_LOD2	(-5.80036974, 1.3545059, 26.0001049)	(4.84498644, 2.70090938, 4.57948875)	Assets/_Game/Content/ConceptFidelityV2/Materials/Fidelity_IndustrialAtlas.mat	Assets/_Game/Content/ConceptFidelityV2/Models/Reactor_V2.fbx
S01 Composition Root/Chapter 01 Visual Environment/FloorTerrain/Chapter 01 V3 richness/Warm cool industrial thresholds/Turbine_V2/Turbine_V2_LOD0	(5.80006075, 1.3687495, 39.9998131)	(4.72248173, 2.737499, 4.413923)	Assets/_Game/Content/ConceptFidelityV2/Materials/Fidelity_IndustrialAtlas.mat	Assets/_Game/Content/ConceptFidelityV2/Models/Turbine_V2.fbx
S01 Composition Root/Chapter 01 Visual Environment/FloorTerrain/Chapter 01 V3 richness/Warm cool industrial thresholds/Turbine_V2/Turbine_V2_LOD1	(5.79965, 1.36833549, 39.9998436)	(4.715471, 2.728569, 4.406989)	Assets/_Game/Content/ConceptFidelityV2/Materials/Fidelity_IndustrialAtlas.mat	Assets/_Game/Content/ConceptFidelityV2/Models/Turbine_V2.fbx
S01 Composition Root/Chapter 01 Visual Environment/FloorTerrain/Chapter 01 V3 richness/Warm cool industrial thresholds/Turbine_V2/Turbine_V2_LOD2	(5.79965, 1.3683356, 39.9998436)	(4.715471, 2.72856879, 4.406989)	Assets/_Game/Content/ConceptFidelityV2/Materials/Fidelity_IndustrialAtlas.mat	Assets/_Game/Content/ConceptFidelityV2/Models/Turbine_V2.fbx
S01 Composition Root/Chapter 01 Visual Environment/FloorTerrain/Chapter 01 V3 richness/Warm cool industrial thresholds/Reactor_V2/Reactor_V2_LOD0	(-5.800073, 1.3524996, 59.99982)	(4.852223, 2.70499921, 4.58665848)	Assets/_Game/Content/ConceptFidelityV2/Materials/Fidelity_IndustrialAtlas.mat	Assets/_Game/Content/ConceptFidelityV2/Models/Reactor_V2.fbx
S01 Composition Root/Chapter 01 Visual Environment/FloorTerrain/Chapter 01 V3 richness/Warm cool industrial thresholds/Reactor_V2/Reactor_V2_LOD1	(-5.80036974, 1.35379255, 60.000103)	(4.84498644, 2.69948316, 4.57948875)	Assets/_Game/Content/ConceptFidelityV2/Materials/Fidelity_IndustrialAtlas.mat	Assets/_Game/Content/ConceptFidelityV2/Models/Reactor_V2.fbx
S01 Composition Root/Chapter 01 Visual Environment/FloorTerrain/Chapter 01 V3 richness/Warm cool industrial thresholds/Reactor_V2/Reactor_V2_LOD2	(-5.80036974, 1.3545059, 60.000103)	(4.84498644, 2.70090938, 4.57948875)	Assets/_Game/Content/ConceptFidelityV2/Materials/Fidelity_IndustrialAtlas.mat	Assets/_Game/Content/ConceptFidelityV2/Models/Reactor_V2.fbx
S01 Composition Root/Chapter 01 Visual Environment/FloorTerrain/Chapter 01 Visual Replacement V3/Repair Hub connected service machinery/VR3_shortwallmetalplatesstraight/VR3_shortwallmetalplatesstraight(Clone)	(-15.8075008, 1.29999983, 35)	(3.81469727E-06, 2.59999967, 3.959999)	Assets/_Game/Content/VisualReplacementV3/Materials/VR3_IndustrialTrimAtlas.mat	Assets/_Game/Content/VisualReplacementV3/Models/VR3_shortwallmetalplatesstraight.fbx
S01 Composition Root/Chapter 01 Visual Environment/FloorTerrain/Chapter 01 Visual Replacement V3/Repair Hub connected service machinery/VR3_shortwallmetalplatesstraight/VR3_shortwallmetalplatesstraight(Clone)	(-15.8075008, 1.29999983, 37)	(3.81469727E-06, 2.59999967, 3.959999)	Assets/_Game/Content/VisualReplacementV3/Materials/VR3_IndustrialTrimAtlas.mat	Assets/_Game/Content/VisualReplacementV3/Models/VR3_shortwallmetalplatesstraight.fbx
S01 Composition Root/Chapter 01 Visual Environment/FloorTerrain/Chapter 01 Visual Replacement V3/Repair Hub connected service machinery/VR3_centrifuge/VR3_centrifuge(Clone)	(-14.2999992, 0.925, 34.99991)	(1.237072, 1.85000026, 1.78643048)	Assets/_Game/Content/VisualReplacementV3/Materials/VR3_WornIndustrialAtlas.mat	Assets/_Game/Content/VisualReplacementV3/Models/VR3_centrifuge.fbx
S01 Composition Root/Chapter 01 Visual Environment/FloorTerrain/Chapter 01 Visual Replacement V3/Repair Hub connected service machinery/VR3_command/VR3_command(Clone)	(-14.2349739, 0.981787443, 36.480545)	(1.21906281, 1.963575, 1.26860046)	Assets/_Game/Content/VisualReplacementV3/Materials/VR3_WornIndustrialAtlas.mat	Assets/_Game/Content/VisualReplacementV3/Models/VR3_command.fbx
S01 Composition Root/Chapter 01 Visual Environment/FloorTerrain/Chapter 01 Visual Replacement V3/Repair Hub connected service machinery/VR3_shortwallmetalplatesstraight/VR3_shortwallmetalplatesstraight(Clone)	(-6.6025, 1.29999983, 37)	(3.81469727E-06, 2.59999967, 3.959999)	Assets/_Game/Content/VisualReplacementV3/Materials/VR3_IndustrialTrimAtlas.mat	Assets/_Game/Content/VisualReplacementV3/Models/VR3_shortwallmetalplatesstraight.fbx
S01 Composition Root/Chapter 01 Visual Environment/FloorTerrain/Chapter 01 Visual Replacement V3/Repair Hub connected service machinery/VR3_shortwallmetalplatesstraight/VR3_shortwallmetalplatesstraight(Clone)	(-6.6025, 1.29999983, 40)	(3.81469727E-06, 2.59999967, 3.959999)	Assets/_Game/Content/VisualReplacementV3/Materials/VR3_IndustrialTrimAtlas.mat	Assets/_Game/Content/VisualReplacementV3/Models/VR3_shortwallmetalplatesstraight.fbx
S01 Composition Root/Chapter 01 Visual Environment/FloorTerrain/Chapter 01 Visual Replacement V3/Repair Hub connected service machinery/VR3_shortwallmetalplatesstraight/VR3_shortwallmetalplatesstraight(Clone)	(-6.6025, 1.29999983, 44)	(3.81469727E-06, 2.59999967, 3.96000671)	Assets/_Game/Content/VisualReplacementV3/Materials/VR3_IndustrialTrimAtlas.mat	Assets/_Game/Content/VisualReplacementV3/Models/VR3_shortwallmetalplatesstraight.fbx
S01 Composition Root/Chapter 01 Visual Environment/FloorTerrain/Chapter 01 Visual Replacement V3/Repair Hub connected service machinery/VR3_shortwallmetalplatesstraight/VR3_shortwallmetalplatesstraight(Clone)	(-6.6025, 1.29999983, 48)	(3.81469727E-06, 2.59999967, 3.96000671)	Assets/_Game/Content/VisualReplacementV3/Materials/VR3_IndustrialTrimAtlas.mat	Assets/_Game/Content/VisualReplacementV3/Models/VR3_shortwallmetalplatesstraight.fbx
S01 Composition Root/Chapter 01 Visual Environment/FloorTerrain/Chapter 01 Visual Replacement V3/Repair Hub connected service machinery/VR3_shortwallmetalplatesstraight/VR3_shortwallmetalplatesstraight(Clone)	(-6.6025, 1.29999983, 52)	(3.81469727E-06, 2.59999967, 3.96000671)	Assets/_Game/Content/VisualReplacementV3/Materials/VR3_IndustrialTrimAtlas.mat	Assets/_Game/Content/VisualReplacementV3/Models/VR3_shortwallmetalplatesstraight.fbx
S01 Composition Root/Chapter 01 Visual Environment/FloorTerrain/Chapter 01 Visual Replacement V3/Repair Hub connected service machinery/VR3_columnpipes/VR3_columnpipes(Clone)	(-2.884871, 1.73579967, 37.9999657)	(1.0446353, 3.47159958, 0.8958893)	Assets/_Game/Content/VisualReplacementV3/Materials/VR3_IndustrialTrimAtlas.mat	Assets/_Game/Content/VisualReplacementV3/Models/VR3_columnpipes.fbx
S01 Composition Root/Chapter 01 Visual Environment/FloorTerrain/Chapter 01 Visual Replacement V3/Repair Hub connected service machinery/VR3_shortwallmetalplatesstraight/VR3_shortwallmetalplatesstraight(Clone)	(-4.65, 1.29999983, 37.9037476)	(3.81469727E-06, 2.59999967, 0.8349991)	Assets/_Game/Content/VisualReplacementV3/Materials/VR3_IndustrialTrimAtlas.mat	Assets/_Game/Content/VisualReplacementV3/Models/VR3_shortwallmetalplatesstraight.fbx
S01 Composition Root/Chapter 01 Visual Environment/FloorTerrain/Chapter 01 Visual Replacement V3/Repair Hub connected service machinery/VR3_shortwallmetalplatesstraight/VR3_shortwallmetalplatesstraight(Clone)	(6.6025, 1.29999983, 35)	(3.81469727E-06, 2.59999967, 3.959999)	Assets/_Game/Content/VisualReplacementV3/Materials/VR3_IndustrialTrimAtlas.mat	Assets/_Game/Content/VisualReplacementV3/Models/VR3_shortwallmetalplatesstraight.fbx
S01 Composition Root/Chapter 01 Visual Environment/FloorTerrain/Chapter 01 Visual Replacement V3/Repair Hub connected service machinery/VR3_shortwallmetalplatesstraight/VR3_shortwallmetalplatesstraight(Clone)	(6.6025, 1.29999983, 37)	(3.81469727E-06, 2.59999967, 3.959999)	Assets/_Game/Content/VisualReplacementV3/Materials/VR3_IndustrialTrimAtlas.mat	Assets/_Game/Content/VisualReplacementV3/Models/VR3_shortwallmetalplatesstraight.fbx
S01 Composition Root/Chapter 01 Visual Environment/FloorTerrain/Chapter 01 Visual Replacement V3/Repair Hub connected service machinery/VR3_shortwallmetalplatesstraight/VR3_shortwallmetalplatesstraight(Clone)	(6.6025, 1.29999983, 39)	(3.81469727E-06, 2.59999967, 1.98000336)	Assets/_Game/Content/VisualReplacementV3/Materials/VR3_IndustrialTrimAtlas.mat	Assets/_Game/Content/VisualReplacementV3/Models/VR3_shortwallmetalplatesstraight.fbx
S01 Composition Root/Chapter 01 Visual Environment/FloorTerrain/Chapter 01 Visual Replacement V3/Repair Hub connected service machinery/VR3_shortwallmetalplatesstraight/VR3_shortwallmetalplatesstraight(Clone)	(6.6025, 1.29999983, 45)	(3.81469727E-06, 2.59999967, 1.97999573)	Assets/_Game/Content/VisualReplacementV3/Materials/VR3_IndustrialTrimAtlas.mat	Assets/_Game/Content/VisualReplacementV3/Models/VR3_shortwallmetalplatesstraight.fbx
S01 Composition Root/Chapter 01 Visual Environment/FloorTerrain/Chapter 01 Visual Replacement V3/Repair Hub connected service machinery/VR3_shortwallmetalplatesstraight/VR3_shortwallmetalplatesstraight(Clone)	(6.6025, 1.29999983, 48)	(3.81469727E-06, 2.59999967, 3.96000671)	Assets/_Game/Content/VisualReplacementV3/Materials/VR3_IndustrialTrimAtlas.mat	Assets/_Game/Content/VisualReplacementV3/Models/VR3_shortwallmetalplatesstraight.fbx
S01 Composition Root/Chapter 01 Visual Environment/FloorTerrain/Chapter 01 Visual Replacement V3/Repair Hub connected service machinery/VR3_shortwallmetalplatesstraight/VR3_shortwallmetalplatesstraight(Clone)	(6.6025, 1.29999983, 52)	(3.81469727E-06, 2.59999967, 3.96000671)	Assets/_Game/Content/VisualReplacementV3/Materials/VR3_IndustrialTrimAtlas.mat	Assets/_Game/Content/VisualReplacementV3/Models/VR3_shortwallmetalplatesstraight.fbx
S01 Composition Root/Chapter 01 Visual Environment/FloorTerrain/Chapter 01 Visual Replacement V3/Repair Hub connected service machinery/VR3_columnpipes/VR3_columnpipes(Clone)	(3.035129, 1.73579967, 37.9999657)	(1.0446353, 3.47159958, 0.8958893)	Assets/_Game/Content/VisualReplacementV3/Materials/VR3_IndustrialTrimAtlas.mat	Assets/_Game/Content/VisualReplacementV3/Models/VR3_columnpipes.fbx
S01 Composition Root/Chapter 01 Visual Environment/FloorTerrain/Chapter 01 Visual Replacement V3/Repair Hub connected service machinery/VR3_shortwallmetalplatesstraight/VR3_shortwallmetalplatesstraight(Clone)	(4.65, 1.29999983, 37.9037476)	(3.81469727E-06, 2.59999967, 0.8349991)	Assets/_Game/Content/VisualReplacementV3/Materials/VR3_IndustrialTrimAtlas.mat	Assets/_Game/Content/VisualReplacementV3/Models/VR3_shortwallmetalplatesstraight.fbx
S01 Composition Root/Chapter 01 Visual Environment/FloorTerrain/Chapter 01 Visual Replacement V3/Repair Hub connected service machinery/VR3_centrifuge/VR3_centrifuge(Clone)	(-6.0333333, 0.925, 42.99981)	(1.237073, 1.85000026, 1.78642285)	Assets/_Game/Content/VisualReplacementV3/Materials/VR3_WornIndustrialAtlas.mat	Assets/_Game/Content/VisualReplacementV3/Models/VR3_centrifuge.fbx
S01 Composition Root/Chapter 01 Visual Environment/FloorTerrain/Chapter 01 Visual Replacement V3/Repair Hub connected service machinery/VR3_command/VR3_command(Clone)	(6.05859, 0.981787443, 43.9988174)	(1.69003856, 1.963575, 1.7081759)	Assets/_Game/Content/VisualReplacementV3/Materials/VR3_WornIndustrialAtlas.mat	Assets/_Game/Content/VisualReplacementV3/Models/VR3_command.fbx
S01 Composition Root/Chapter 01 Visual Environment/FloorTerrain/Chapter 01 Visual Replacement V3/Repair Hub connected service machinery/VR3_propcrate/VR3_propcrate(Clone)	(6, 0.6949999, 35.5)	(1.85804546, 1.31, 2.093765)	Assets/_Game/Content/VisualReplacementV3/Materials/VR3_WornIndustrialAtlas.mat	Assets/_Game/Content/VisualReplacementV3/Models/VR3_propcrate.fbx
S01 Composition Root/Chapter 01 Visual Environment/FloorTerrain/Chapter 01 Visual Replacement V3/Repair Hub connected service machinery/VR3_propcrate/VR3_propcrate(Clone)	(6, 1.94499993, 35.5)	(1.68029022, 1.31, 1.964012)	Assets/_Game/Content/VisualReplacementV3/Materials/VR3_WornIndustrialAtlas.mat	Assets/_Game/Content/VisualReplacementV3/Models/VR3_propcrate.fbx
S01 Composition Root/Chapter 01 Visual Environment/FloorTerrain/Chapter 01 Visual Replacement V3/Repair Hub connected service machinery/VR3_propcrate/VR3_propcrate(Clone)	(6, 0.6949999, 52)	(1.85804546, 1.31, 2.093765)	Assets/_Game/Content/VisualReplacementV3/Materials/VR3_WornIndustrialAtlas.mat	Assets/_Game/Content/VisualReplacementV3/Models/VR3_propcrate.fbx
S01 Composition Root/Chapter 01 Visual Environment/FloorTerrain/Chapter 01 Visual Replacement V3/Repair Hub connected service machinery/VR3_propcrate/VR3_propcrate(Clone)	(6, 1.94499993, 52)	(1.68029022, 1.31, 1.96400452)	Assets/_Game/Content/VisualReplacementV3/Materials/VR3_WornIndustrialAtlas.mat	Assets/_Game/Content/VisualReplacementV3/Models/VR3_propcrate.fbx
S01 Composition Root/Chapter 01 Visual Environment/FloorTerrain/Chapter 01 Visual Replacement V3/Repair Hub connected service machinery/VR3_columnpipes/VR3_columnpipes(Clone)	(-22.1248722, 1.44649982, 3.99992967)	(1.04463577, 2.89299965, 0.8958893)	Assets/_Game/Content/VisualReplacementV3/Materials/VR3_IndustrialTrimAtlas.mat	Assets/_Game/Content/VisualReplacementV3/Models/VR3_columnpipes.fbx
S01 Composition Root/Chapter 01 Visual Environment/FloorTerrain/Chapter 01 Visual Replacement V3/Repair Hub connected service machinery/VR3_command/VR3_command(Clone)	(-22.36109, 0.981787443, 1.06502628)	(1.26860046, 1.963575, 1.21906281)	Assets/_Game/Content/VisualReplacementV3/Materials/VR3_WornIndustrialAtlas.mat	Assets/_Game/Content/VisualReplacementV3/Models/VR3_command.fbx
S01 Composition Root/Chapter 01 Visual Environment/FloorTerrain/Chapter 01 Visual Replacement V3/Repair Hub connected service machinery/VR3_columnpipes/VR3_columnpipes(Clone)	(-13.7248707, 1.44649982, 3.99992967)	(1.04463577, 2.89299965, 0.8958893)	Assets/_Game/Content/VisualReplacementV3/Materials/VR3_IndustrialTrimAtlas.mat	Assets/_Game/Content/VisualReplacementV3/Models/VR3_columnpipes.fbx
S01 Composition Root/Chapter 01 Visual Environment/FloorTerrain/Chapter 01 Visual Replacement V3/Repair Hub connected service machinery/VR3_command/VR3_command(Clone)	(-13.63891, 0.981787443, 0.9349737)	(1.26860046, 1.963575, 1.21906281)	Assets/_Game/Content/VisualReplacementV3/Materials/VR3_WornIndustrialAtlas.mat	Assets/_Game/Content/VisualReplacementV3/Models/VR3_command.fbx
S01 Composition Root/Chapter 01 Visual Environment/FloorTerrain/Chapter 01 Visual Replacement V3/Repair Hub connected service machinery/VR3_propcrate/VR3_propcrate(Clone)	(7.33333349, 0.6949999, 18)	(1.44664, 1.31, 1.77999866)	Assets/_Game/Content/VisualReplacementV3/Materials/VR3_WornIndustrialAtlas.mat	Assets/_Game/Content/VisualReplacementV3/Models/VR3_propcrate.fbx
S01 Composition Root/Chapter 01 Visual Environment/FloorTerrain/Chapter 01 Visual Replacement V3/Repair Hub connected service machinery/VR3_command/VR3_command(Clone)	(7.3550086, 0.981787443, 27.96109)	(1.21906281, 1.963575, 1.26860046)	Assets/_Game/Content/VisualReplacementV3/Materials/VR3_WornIndustrialAtlas.mat	Assets/_Game/Content/VisualReplacementV3/Models/VR3_command.fbx
S01 Composition Root/Chapter 01 Visual Environment/FloorTerrain/Chapter 01 Visual Replacement V3/Repair Hub connected service machinery/VR3_columnpipes/VR3_columnpipes(Clone)	(-4.124871, 1.44649982, 16)	(1.044635, 2.89299965, 0.8958893)	Assets/_Game/Content/VisualReplacementV3/Materials/VR3_IndustrialTrimAtlas.mat	Assets/_Game/Content/VisualReplacementV3/Models/VR3_columnpipes.fbx
S01 Composition Root/Chapter 01 Visual Environment/FloorTerrain/Chapter 01 Visual Replacement V3/Repair Hub connected service machinery/VR3_command/VR3_command(Clone)	(-4.36108971, 0.981787443, 16)	(1.26859879, 1.963575, 1.21906281)	Assets/_Game/Content/VisualReplacementV3/Materials/VR3_WornIndustrialAtlas.mat	Assets/_Game/Content/VisualReplacementV3/Models/VR3_command.fbx
S01 Composition Root/Chapter 01 Visual Environment/FloorTerrain/Chapter 01 Visual Replacement V3/Repair Hub connected service machinery/VR3_columnpipes/VR3_columnpipes(Clone)	(4.275129, 1.44649982, 16)	(1.04463482, 2.89299965, 0.8958893)	Assets/_Game/Content/VisualReplacementV3/Materials/VR3_IndustrialTrimAtlas.mat	Assets/_Game/Content/VisualReplacementV3/Models/VR3_columnpipes.fbx
S01 Composition Root/Chapter 01 Visual Environment/FloorTerrain/Chapter 01 Visual Replacement V3/Repair Hub connected service machinery/VR3_command/VR3_command(Clone)	(4.36108971, 0.981787443, 16)	(1.26859856, 1.963575, 1.21906281)	Assets/_Game/Content/VisualReplacementV3/Materials/VR3_WornIndustrialAtlas.mat	Assets/_Game/Content/VisualReplacementV3/Models/VR3_command.fbx
S01 Composition Root/Chapter 01 Visual Environment/FloorTerrain/Chapter 01 Visual Replacement V3/Repair Hub connected service machinery/VR3_propcrate/VR3_propcrate(Clone)	(13.5, 0.74999994, 13.9388981)	(2.21035, 1.5, 2.34579468)	Assets/_Game/Content/VisualReplacementV3/Materials/VR3_WornIndustrialAtlas.mat	Assets/_Game/Content/VisualReplacementV3/Models/VR3_propcrate.fbx
S01 Composition Root/Chapter 01 Visual Environment/FloorTerrain/Chapter 01 Visual Replacement V3/Repair Hub connected service machinery/VR3_propcrate/VR3_propcrate(Clone)	(22.5, 0.74999994, 1.93889821)	(2.21035, 1.5, 2.34579635)	Assets/_Game/Content/VisualReplacementV3/Materials/VR3_WornIndustrialAtlas.mat	Assets/_Game/Content/VisualReplacementV3/Models/VR3_propcrate.fbx
S01 Composition Root/Chapter 01 Visual Environment/FloorTerrain/Chapter 01 Visual Replacement V3/Repair Hub connected service machinery/VR3_propcrate/VR3_propcrate(Clone)	(13.4388981, 0.74999994, 2.00000024)	(2.34579468, 1.5, 2.21035171)	Assets/_Game/Content/VisualReplacementV3/Materials/VR3_WornIndustrialAtlas.mat	Assets/_Game/Content/VisualReplacementV3/Models/VR3_propcrate.fbx
S01 Composition Root/Chapter 01 Visual Environment/FloorTerrain/Chapter 01 Visual Replacement V3/Repair Hub connected service machinery/VR3_columnpipes/VR3_columnpipes(Clone)	(13.8751278, 1.44649982, 3.99992967)	(1.04463577, 2.89299965, 0.8958893)	Assets/_Game/Content/VisualReplacementV3/Materials/VR3_IndustrialTrimAtlas.mat	Assets/_Game/Content/VisualReplacementV3/Models/VR3_columnpipes.fbx
S01 Composition Root/Chapter 01 Visual Environment/FloorTerrain/Chapter 01 Visual Replacement V3/Repair Hub connected service machinery/VR3_command/VR3_command(Clone)	(13.63891, 0.981787443, 1.06502628)	(1.26860046, 1.963575, 1.21906281)	Assets/_Game/Content/VisualReplacementV3/Materials/VR3_WornIndustrialAtlas.mat	Assets/_Game/Content/VisualReplacementV3/Models/VR3_command.fbx
S01 Composition Root/Chapter 01 Visual Environment/FloorTerrain/Chapter 01 Visual Replacement V3/Repair Hub connected service machinery/VR3_columnpipes/VR3_columnpipes(Clone)	(22.27513, 1.44649982, 3.99992967)	(1.04463577, 2.89299965, 0.8958893)	Assets/_Game/Content/VisualReplacementV3/Materials/VR3_IndustrialTrimAtlas.mat	Assets/_Game/Content/VisualReplacementV3/Models/VR3_columnpipes.fbx
S01 Composition Root/Chapter 01 Visual Environment/FloorTerrain/Chapter 01 Visual Replacement V3/Repair Hub connected service machinery/VR3_command/VR3_command(Clone)	(22.36109, 0.981787443, 0.9349737)	(1.26860046, 1.963575, 1.21906281)	Assets/_Game/Content/VisualReplacementV3/Materials/VR3_WornIndustrialAtlas.mat	Assets/_Game/Content/VisualReplacementV3/Models/VR3_command.fbx
S01 Composition Root/Chapter 01 Visual Environment/FloorTerrain/Chapter 01 Visual Replacement V3/Repair Hub connected service machinery/VR3_generatorpilelarge/VR3_generatorpilelarge(Clone)	(-16.5, 1.26749992, -18.25017)	(2.59336853, 2.53500032, 3.03508759)	Assets/_Game/Content/VisualReplacementV3/Materials/VR3_WornIndustrialAtlas.mat	Assets/_Game/Content/VisualReplacementV3/Models/VR3_generatorpilelarge.fbx
S01 Composition Root/Chapter 01 Visual Environment/FloorTerrain/Chapter 01 Visual Replacement V3/Repair Hub connected service machinery/VR3_generatorpilelarge/VR3_generatorpilelarge(Clone)	(-9.166667, 1.26749992, -18.25017)	(2.59336948, 2.53500032, 3.03508759)	Assets/_Game/Content/VisualReplacementV3/Materials/VR3_WornIndustrialAtlas.mat	Assets/_Game/Content/VisualReplacementV3/Models/VR3_generatorpilelarge.fbx
S01 Composition Root/Chapter 01 Visual Environment/FloorTerrain/Chapter 01 Visual Replacement V3/Repair Hub connected service machinery/VR3_generatorpilelarge/VR3_generatorpilelarge(Clone)	(-19, 1.26749992, -13.87517)	(2.59336853, 2.53500032, 3.03508759)	Assets/_Game/Content/VisualReplacementV3/Materials/VR3_WornIndustrialAtlas.mat	Assets/_Game/Content/VisualReplacementV3/Models/VR3_generatorpilelarge.fbx
S01 Composition Root/Chapter 01 Visual Environment/FloorTerrain/Chapter 01 Visual Replacement V3/Repair Hub connected service machinery/VR3_generator/VR3_generator(Clone)	(-9.166667, 1.44649971, -7.750138)	(2.584999, 2.89299965, 2.2497406)	Assets/_Game/Content/VisualReplacementV3/Materials/VR3_WornIndustrialAtlas.mat	Assets/_Game/Content/VisualReplacementV3/Models/VR3_generator.fbx
S01 Composition Root/Chapter 01 Visual Environment/FloorTerrain/Chapter 01 Visual Replacement V3/Repair Hub connected service machinery/VR3_columnpipes/VR3_columnpipes(Clone)	(-16.1248722, 1.44649982, -16.500061)	(1.04463577, 2.89299965, 0.8958893)	Assets/_Game/Content/VisualReplacementV3/Materials/VR3_IndustrialTrimAtlas.mat	Assets/_Game/Content/VisualReplacementV3/Models/VR3_columnpipes.fbx
S01 Composition Root/Chapter 01 Visual Environment/FloorTerrain/Chapter 01 Visual Replacement V3/Repair Hub connected service machinery/VR3_command/VR3_command(Clone)	(-16.36109, 0.981787443, -19.0681038)	(1.26860046, 1.963575, 1.21906281)	Assets/_Game/Content/VisualReplacementV3/Materials/VR3_WornIndustrialAtlas.mat	Assets/_Game/Content/VisualReplacementV3/Models/VR3_command.fbx
S01 Composition Root/Chapter 01 Visual Environment/FloorTerrain/Chapter 01 Visual Replacement V3/Repair Hub connected service machinery/VR3_columnpipes/VR3_columnpipes(Clone)	(-9.241624, 1.44649982, -16.500061)	(1.04463577, 2.89299965, 0.8958893)	Assets/_Game/Content/VisualReplacementV3/Materials/VR3_IndustrialTrimAtlas.mat	Assets/_Game/Content/VisualReplacementV3/Models/VR3_columnpipes.fbx
S01 Composition Root/Chapter 01 Visual Environment/FloorTerrain/Chapter 01 Visual Replacement V3/Repair Hub connected service machinery/VR3_command/VR3_command(Clone)	(-9.212971, 0.981787443, -19.1818962)	(1.26859856, 1.963575, 1.21906281)	Assets/_Game/Content/VisualReplacementV3/Materials/VR3_WornIndustrialAtlas.mat	Assets/_Game/Content/VisualReplacementV3/Models/VR3_command.fbx
S01 Composition Root/Chapter 01 Visual Environment/FloorTerrain/Chapter 01 Visual Replacement V3/Repair Hub connected service machinery/VR3_columnpipes/VR3_columnpipes(Clone)	(9.29171, 1.44649982, -16.500061)	(1.04463577, 2.89299965, 0.8958893)	Assets/_Game/Content/VisualReplacementV3/Materials/VR3_IndustrialTrimAtlas.mat	Assets/_Game/Content/VisualReplacementV3/Models/VR3_columnpipes.fbx
S01 Composition Root/Chapter 01 Visual Environment/FloorTerrain/Chapter 01 Visual Replacement V3/Repair Hub connected service machinery/VR3_command/VR3_command(Clone)	(9.212971, 0.981787443, -19.0681038)	(1.26859856, 1.963575, 1.21906281)	Assets/_Game/Content/VisualReplacementV3/Materials/VR3_WornIndustrialAtlas.mat	Assets/_Game/Content/VisualReplacementV3/Models/VR3_command.fbx
S01 Composition Root/Chapter 01 Visual Environment/FloorTerrain/Chapter 01 Visual Replacement V3/Repair Hub connected service machinery/VR3_columnpipes/VR3_columnpipes(Clone)	(16.27513, 1.44649982, -16.500061)	(1.04463577, 2.89299965, 0.8958893)	Assets/_Game/Content/VisualReplacementV3/Materials/VR3_IndustrialTrimAtlas.mat	Assets/_Game/Content/VisualReplacementV3/Models/VR3_columnpipes.fbx
S01 Composition Root/Chapter 01 Visual Environment/FloorTerrain/Chapter 01 Visual Replacement V3/Repair Hub connected service machinery/VR3_command/VR3_command(Clone)	(16.36109, 0.981787443, -19.1818962)	(1.26860046, 1.963575, 1.21906281)	Assets/_Game/Content/VisualReplacementV3/Materials/VR3_WornIndustrialAtlas.mat	Assets/_Game/Content/VisualReplacementV3/Models/VR3_command.fbx
S01 Composition Root/Chapter 01 Visual Environment/FloorTerrain/Chapter 01 Visual Replacement V3/Repair Hub connected service machinery/VR3_columnpipes/VR3_columnpipes(Clone)	(-4.824871, 1.44649982, -28.00007)	(1.04463577, 2.89299965, 0.8958893)	Assets/_Game/Content/VisualReplacementV3/Materials/VR3_IndustrialTrimAtlas.mat	Assets/_Game/Content/VisualReplacementV3/Models/VR3_columnpipes.fbx
S01 Composition Root/Chapter 01 Visual Environment/FloorTerrain/Chapter 01 Visual Replacement V3/Repair Hub connected service machinery/VR3_command/VR3_command(Clone)	(-5.56108952, 0.981787443, -26.4349747)	(1.26859856, 1.963575, 1.21906281)	Assets/_Game/Content/VisualReplacementV3/Materials/VR3_WornIndustrialAtlas.mat	Assets/_Game/Content/VisualReplacementV3/Models/VR3_command.fbx
S01 Composition Root/Chapter 01 Visual Environment/FloorTerrain/Chapter 01 Visual Replacement V3/Repair Hub connected service machinery/VR3_columnpipes/VR3_columnpipes(Clone)	(-4.824871, 1.44649982, -20.00007)	(1.04463577, 2.89299965, 0.8958893)	Assets/_Game/Content/VisualReplacementV3/Materials/VR3_IndustrialTrimAtlas.mat	Assets/_Game/Content/VisualReplacementV3/Models/VR3_columnpipes.fbx
S01 Composition Root/Chapter 01 Visual Environment/FloorTerrain/Chapter 01 Visual Replacement V3/Repair Hub connected service machinery/VR3_command/VR3_command(Clone)	(-5.56108952, 0.981787443, -18.6306038)	(1.26859856, 1.963575, 1.21906281)	Assets/_Game/Content/VisualReplacementV3/Materials/VR3_WornIndustrialAtlas.mat	Assets/_Game/Content/VisualReplacementV3/Models/VR3_command.fbx
S01 Composition Root/Chapter 01 Visual Environment/FloorTerrain/Chapter 01 Visual Replacement V3/Repair Hub connected service machinery/VR3_columnpipes/VR3_columnpipes(Clone)	(-4.824871, 1.44649982, -6.00006151)	(1.04463577, 2.89299965, 0.8958882)	Assets/_Game/Content/VisualReplacementV3/Materials/VR3_IndustrialTrimAtlas.mat	Assets/_Game/Content/VisualReplacementV3/Models/VR3_columnpipes.fbx
S01 Composition Root/Chapter 01 Visual Environment/FloorTerrain/Chapter 01 Visual Replacement V3/Repair Hub connected service machinery/VR3_command/VR3_command(Clone)	(-5.56108952, 0.981787443, -5.4131155)	(1.26859856, 1.963575, 1.21906292)	Assets/_Game/Content/VisualReplacementV3/Materials/VR3_WornIndustrialAtlas.mat	Assets/_Game/Content/VisualReplacementV3/Models/VR3_command.fbx
S01 Composition Root/Chapter 01 Visual Environment/FloorTerrain/Chapter 01 Visual Replacement V3/Repair Hub connected service machinery/VR3_columnpipes/VR3_columnpipes(Clone)	(-4.824871, 1.44649982, -3.00002575)	(1.04463577, 2.89299965, 0.8958882)	Assets/_Game/Content/VisualReplacementV3/Materials/VR3_IndustrialTrimAtlas.mat	Assets/_Game/Content/VisualReplacementV3/Models/VR3_columnpipes.fbx
S01 Composition Root/Chapter 01 Visual Environment/FloorTerrain/Chapter 01 Visual Replacement V3/Repair Hub connected service machinery/VR3_command/VR3_command(Clone)	(-5.56108952, 0.981787443, -2.4131155)	(1.26859856, 1.963575, 1.21906281)	Assets/_Game/Content/VisualReplacementV3/Materials/VR3_WornIndustrialAtlas.mat	Assets/_Game/Content/VisualReplacementV3/Models/VR3_command.fbx
S01 Composition Root/Chapter 01 Visual Environment/FloorTerrain/Chapter 01 Visual Replacement V3/Repair Hub connected service machinery/VR3_columnpipes/VR3_columnpipes(Clone)	(-4.824871, 1.44649982, -2.54439383E-05)	(1.04463577, 2.89299965, 0.8958893)	Assets/_Game/Content/VisualReplacementV3/Materials/VR3_IndustrialTrimAtlas.mat	Assets/_Game/Content/VisualReplacementV3/Models/VR3_columnpipes.fbx
S01 Composition Root/Chapter 01 Visual Environment/FloorTerrain/Chapter 01 Visual Replacement V3/Repair Hub connected service machinery/VR3_command/VR3_command(Clone)	(-5.56108952, 0.981787443, 1.56502628)	(1.26859856, 1.963575, 1.21906281)	Assets/_Game/Content/VisualReplacementV3/Materials/VR3_WornIndustrialAtlas.mat	Assets/_Game/Content/VisualReplacementV3/Models/VR3_command.fbx
S01 Composition Root/Chapter 01 Visual Environment/FloorTerrain/Chapter 01 Visual Replacement V3/Repair Hub connected service machinery/VR3_columnpipes/VR3_columnpipes(Clone)	(-4.824871, 1.44649982, 15.9999294)	(1.04463577, 2.89299965, 0.8958893)	Assets/_Game/Content/VisualReplacementV3/Materials/VR3_IndustrialTrimAtlas.mat	Assets/_Game/Content/VisualReplacementV3/Models/VR3_columnpipes.fbx
S01 Composition Root/Chapter 01 Visual Environment/FloorTerrain/Chapter 01 Visual Replacement V3/Repair Hub connected service machinery/VR3_command/VR3_command(Clone)	(-5.56108952, 0.981787443, 16)	(1.26859856, 1.963575, 1.21906281)	Assets/_Game/Content/VisualReplacementV3/Materials/VR3_WornIndustrialAtlas.mat	Assets/_Game/Content/VisualReplacementV3/Models/VR3_command.fbx
S01 Composition Root/Chapter 01 Visual Environment/FloorTerrain/Chapter 01 Visual Replacement V3/Repair Hub connected service machinery/VR3_columnpipes/VR3_columnpipes(Clone)	(-4.824871, 1.44649982, 17.9999313)	(1.04463577, 2.89299965, 0.8958893)	Assets/_Game/Content/VisualReplacementV3/Materials/VR3_IndustrialTrimAtlas.mat	Assets/_Game/Content/VisualReplacementV3/Models/VR3_columnpipes.fbx
S01 Composition Root/Chapter 01 Visual Environment/FloorTerrain/Chapter 01 Visual Replacement V3/Repair Hub connected service machinery/VR3_command/VR3_command(Clone)	(-5.56108952, 0.981787443, 19.5650253)	(1.26859856, 1.963575, 1.21906281)	Assets/_Game/Content/VisualReplacementV3/Materials/VR3_WornIndustrialAtlas.mat	Assets/_Game/Content/VisualReplacementV3/Models/VR3_command.fbx
S01 Composition Root/Chapter 01 Visual Environment/FloorTerrain/Chapter 01 Visual Replacement V3/Repair Hub connected service machinery/VR3_columnpipes/VR3_columnpipes(Clone)	(6.658376, 1.44649982, -28.00007)	(1.04463577, 2.89299965, 0.8958893)	Assets/_Game/Content/VisualReplacementV3/Materials/VR3_IndustrialTrimAtlas.mat	Assets/_Game/Content/VisualReplacementV3/Models/VR3_columnpipes.fbx
S01 Composition Root/Chapter 01 Visual Environment/FloorTerrain/Chapter 01 Visual Replacement V3/Repair Hub connected service machinery/VR3_command/VR3_command(Clone)	(6.85369635, 0.981787443, -26.5650253)	(1.26859856, 1.963575, 1.21906281)	Assets/_Game/Content/VisualReplacementV3/Materials/VR3_WornIndustrialAtlas.mat	Assets/_Game/Content/VisualReplacementV3/Models/VR3_command.fbx
S01 Composition Root/Chapter 01 Visual Environment/FloorTerrain/Chapter 01 Visual Replacement V3/Repair Hub connected service machinery/VR3_columnpipes/VR3_columnpipes(Clone)	(4.975129, 1.44649982, -20.00007)	(1.04463577, 2.89299965, 0.8958893)	Assets/_Game/Content/VisualReplacementV3/Materials/VR3_IndustrialTrimAtlas.mat	Assets/_Game/Content/VisualReplacementV3/Models/VR3_columnpipes.fbx
S01 Composition Root/Chapter 01 Visual Environment/FloorTerrain/Chapter 01 Visual Replacement V3/Repair Hub connected service machinery/VR3_command/VR3_command(Clone)	(5.56108952, 0.981787443, -18.7443962)	(1.26859856, 1.963575, 1.21906281)	Assets/_Game/Content/VisualReplacementV3/Materials/VR3_WornIndustrialAtlas.mat	Assets/_Game/Content/VisualReplacementV3/Models/VR3_command.fbx
S01 Composition Root/Chapter 01 Visual Environment/FloorTerrain/Chapter 01 Visual Replacement V3/Repair Hub connected service machinery/VR3_columnpipes/VR3_columnpipes(Clone)	(4.975129, 1.44649982, -6.00006151)	(1.04463577, 2.89299965, 0.8958882)	Assets/_Game/Content/VisualReplacementV3/Materials/VR3_IndustrialTrimAtlas.mat	Assets/_Game/Content/VisualReplacementV3/Models/VR3_columnpipes.fbx
S01 Composition Root/Chapter 01 Visual Environment/FloorTerrain/Chapter 01 Visual Replacement V3/Repair Hub connected service machinery/VR3_command/VR3_command(Clone)	(5.56108952, 0.981787443, -5.4618845)	(1.26859856, 1.963575, 1.21906292)	Assets/_Game/Content/VisualReplacementV3/Materials/VR3_WornIndustrialAtlas.mat	Assets/_Game/Content/VisualReplacementV3/Models/VR3_command.fbx
S01 Composition Root/Chapter 01 Visual Environment/FloorTerrain/Chapter 01 Visual Replacement V3/Repair Hub connected service machinery/VR3_columnpipes/VR3_columnpipes(Clone)	(4.975129, 1.44649982, -3.00002575)	(1.04463577, 2.89299965, 0.8958882)	Assets/_Game/Content/VisualReplacementV3/Materials/VR3_IndustrialTrimAtlas.mat	Assets/_Game/Content/VisualReplacementV3/Models/VR3_columnpipes.fbx
S01 Composition Root/Chapter 01 Visual Environment/FloorTerrain/Chapter 01 Visual Replacement V3/Repair Hub connected service machinery/VR3_command/VR3_command(Clone)	(5.56108952, 0.981787443, -2.4618845)	(1.26859856, 1.963575, 1.21906281)	Assets/_Game/Content/VisualReplacementV3/Materials/VR3_WornIndustrialAtlas.mat	Assets/_Game/Content/VisualReplacementV3/Models/VR3_command.fbx
S01 Composition Root/Chapter 01 Visual Environment/FloorTerrain/Chapter 01 Visual Replacement V3/Repair Hub connected service machinery/VR3_columnpipes/VR3_columnpipes(Clone)	(4.975129, 1.44649982, -2.54439383E-05)	(1.04463577, 2.89299965, 0.8958893)	Assets/_Game/Content/VisualReplacementV3/Materials/VR3_IndustrialTrimAtlas.mat	Assets/_Game/Content/VisualReplacementV3/Models/VR3_columnpipes.fbx
S01 Composition Root/Chapter 01 Visual Environment/FloorTerrain/Chapter 01 Visual Replacement V3/Repair Hub connected service machinery/VR3_command/VR3_command(Clone)	(5.56108952, 0.981787443, 1.43497372)	(1.26859856, 1.963575, 1.21906281)	Assets/_Game/Content/VisualReplacementV3/Materials/VR3_WornIndustrialAtlas.mat	Assets/_Game/Content/VisualReplacementV3/Models/VR3_command.fbx
S01 Composition Root/Chapter 01 Visual Environment/FloorTerrain/Chapter 01 Visual Replacement V3/Repair Hub connected service machinery/VR3_columnpipes/VR3_columnpipes(Clone)	(4.975129, 1.44649982, 15.9999294)	(1.04463577, 2.89299965, 0.8958893)	Assets/_Game/Content/VisualReplacementV3/Materials/VR3_IndustrialTrimAtlas.mat	Assets/_Game/Content/VisualReplacementV3/Models/VR3_columnpipes.fbx
S01 Composition Root/Chapter 01 Visual Environment/FloorTerrain/Chapter 01 Visual Replacement V3/Repair Hub connected service machinery/VR3_command/VR3_command(Clone)	(5.56108952, 0.981787443, 16)	(1.26859856, 1.963575, 1.21906281)	Assets/_Game/Content/VisualReplacementV3/Materials/VR3_WornIndustrialAtlas.mat	Assets/_Game/Content/VisualReplacementV3/Models/VR3_command.fbx
S01 Composition Root/Chapter 01 Visual Environment/FloorTerrain/Chapter 01 Visual Replacement V3/Repair Hub connected service machinery/VR3_columnpipes/VR3_columnpipes(Clone)	(4.975129, 1.44649982, 17.9999313)	(1.04463577, 2.89299965, 0.8958893)	Assets/_Game/Content/VisualReplacementV3/Materials/VR3_IndustrialTrimAtlas.mat	Assets/_Game/Content/VisualReplacementV3/Models/VR3_columnpipes.fbx
S01 Composition Root/Chapter 01 Visual Environment/FloorTerrain/Chapter 01 Visual Replacement V3/Repair Hub connected service machinery/VR3_command/VR3_command(Clone)	(5.56108952, 0.981787443, 19.4349747)	(1.26859856, 1.963575, 1.21906281)	Assets/_Game/Content/VisualReplacementV3/Materials/VR3_WornIndustrialAtlas.mat	Assets/_Game/Content/VisualReplacementV3/Models/VR3_command.fbx
S01 Composition Root/Chapter 01 Visual Environment/FloorTerrain/Chapter 01 Visual Replacement V3/Repair Hub connected service machinery/VR3_command/VR3_command(Clone)	(-7.98702955, 0.981787443, -29.9349747)	(1.26859856, 1.963575, 1.21906281)	Assets/_Game/Content/VisualReplacementV3/Materials/VR3_WornIndustrialAtlas.mat	Assets/_Game/Content/VisualReplacementV3/Models/VR3_command.fbx
S01 Composition Root/Chapter 01 Visual Environment/FloorTerrain/Chapter 01 Visual Replacement V3/Repair Hub connected service machinery/VR3_command/VR3_command(Clone)	(-7.98702955, 0.981787443, -21.9349747)	(1.26859856, 1.963575, 1.21906281)	Assets/_Game/Content/VisualReplacementV3/Materials/VR3_WornIndustrialAtlas.mat	Assets/_Game/Content/VisualReplacementV3/Models/VR3_command.fbx
S01 Composition Root/Chapter 01 Visual Environment/FloorTerrain/Chapter 01 Visual Replacement V3/Repair Hub connected service machinery/VR3_command/VR3_command(Clone)	(-7.98702955, 0.981787443, -4.4756155)	(1.26859856, 1.963575, 1.21906316)	Assets/_Game/Content/VisualReplacementV3/Materials/VR3_WornIndustrialAtlas.mat	Assets/_Game/Content/VisualReplacementV3/Models/VR3_command.fbx
S01 Composition Root/Chapter 01 Visual Environment/FloorTerrain/Chapter 01 Visual Replacement V3/Repair Hub connected service machinery/VR3_command/VR3_command(Clone)	(-7.98702955, 0.981787443, 0.0650263056)	(1.26859856, 1.963575, 1.21906281)	Assets/_Game/Content/VisualReplacementV3/Materials/VR3_WornIndustrialAtlas.mat	Assets/_Game/Content/VisualReplacementV3/Models/VR3_command.fbx
S01 Composition Root/Chapter 01 Visual Environment/FloorTerrain/Chapter 01 Visual Replacement V3/Repair Hub connected service machinery/VR3_command/VR3_command(Clone)	(-7.98702955, 0.981787443, 16.0650253)	(1.26859856, 1.963575, 1.21906281)	Assets/_Game/Content/VisualReplacementV3/Materials/VR3_WornIndustrialAtlas.mat	Assets/_Game/Content/VisualReplacementV3/Models/VR3_command.fbx
S01 Composition Root/Chapter 01 Visual Environment/FloorTerrain/Chapter 01 Visual Replacement V3/Repair Hub connected service machinery/VR3_command/VR3_command(Clone)	(-7.98702955, 0.981787443, 28.0650253)	(1.26859856, 1.963575, 1.21906281)	Assets/_Game/Content/VisualReplacementV3/Materials/VR3_WornIndustrialAtlas.mat	Assets/_Game/Content/VisualReplacementV3/Models/VR3_command.fbx
S01 Composition Root/Chapter 01 Visual Environment/FloorTerrain/Chapter 01 Visual Replacement V3/Repair Hub connected service machinery/VR3_command/VR3_command(Clone)	(-7.98702955, 0.981787443, 62.0650253)	(1.26859856, 1.963575, 1.21907043)	Assets/_Game/Content/VisualReplacementV3/Materials/VR3_WornIndustrialAtlas.mat	Assets/_Game/Content/VisualReplacementV3/Models/VR3_command.fbx
S01 Composition Root/Chapter 01 Visual Environment/FloorTerrain/Chapter 01 Visual Replacement V3/Repair Hub connected service machinery/VR3_command/VR3_command(Clone)	(7.98702955, 0.981787443, -30.0650253)	(1.26859856, 1.963575, 1.21906281)	Assets/_Game/Content/VisualReplacementV3/Materials/VR3_WornIndustrialAtlas.mat	Assets/_Game/Content/VisualReplacementV3/Models/VR3_command.fbx
S01 Composition Root/Chapter 01 Visual Environment/FloorTerrain/Chapter 01 Visual Replacement V3/Repair Hub connected service machinery/VR3_command/VR3_command(Clone)	(7.98702955, 0.981787443, -22.0650253)	(1.26859856, 1.963575, 1.21906281)	Assets/_Game/Content/VisualReplacementV3/Materials/VR3_WornIndustrialAtlas.mat	Assets/_Game/Content/VisualReplacementV3/Models/VR3_command.fbx
S01 Composition Root/Chapter 01 Visual Environment/FloorTerrain/Chapter 01 Visual Replacement V3/Repair Hub connected service machinery/VR3_command/VR3_command(Clone)	(7.98702955, 0.981787443, -4.5243845)	(1.26859856, 1.963575, 1.21906316)	Assets/_Game/Content/VisualReplacementV3/Materials/VR3_WornIndustrialAtlas.mat	Assets/_Game/Content/VisualReplacementV3/Models/VR3_command.fbx
S01 Composition Root/Chapter 01 Visual Environment/FloorTerrain/Chapter 01 Visual Replacement V3/Repair Hub connected service machinery/VR3_command/VR3_command(Clone)	(7.98702955, 0.981787443, -0.0243844744)	(1.26859856, 1.963575, 1.21906281)	Assets/_Game/Content/VisualReplacementV3/Materials/VR3_WornIndustrialAtlas.mat	Assets/_Game/Content/VisualReplacementV3/Models/VR3_command.fbx
S01 Composition Root/Chapter 01 Visual Environment/FloorTerrain/Chapter 01 Visual Replacement V3/Repair Hub connected service machinery/VR3_command/VR3_command(Clone)	(7.98702955, 0.981787443, 16)	(1.26859856, 1.963575, 1.21906281)	Assets/_Game/Content/VisualReplacementV3/Materials/VR3_WornIndustrialAtlas.mat	Assets/_Game/Content/VisualReplacementV3/Models/VR3_command.fbx
S01 Composition Root/Chapter 01 Visual Environment/FloorTerrain/Chapter 01 Visual Replacement V3/Repair Hub connected service machinery/VR3_command/VR3_command(Clone)	(7.98702955, 0.981787443, 27.9349747)	(1.26859856, 1.963575, 1.21906281)	Assets/_Game/Content/VisualReplacementV3/Materials/VR3_WornIndustrialAtlas.mat	Assets/_Game/Content/VisualReplacementV3/Models/VR3_command.fbx
S01 Composition Root/Chapter 01 Visual Environment/FloorTerrain/Chapter 01 Visual Replacement V3/Repair Hub connected service machinery/VR3_command/VR3_command(Clone)	(7.98702955, 0.981787443, 61.9349747)	(1.26859856, 1.963575, 1.21907043)	Assets/_Game/Content/VisualReplacementV3/Materials/VR3_WornIndustrialAtlas.mat	Assets/_Game/Content/VisualReplacementV3/Models/VR3_command.fbx
S01 Composition Root/Chapter 01 Visual Environment/FloorTerrain/Chapter 01 Visual Replacement V3/Repair Hub connected service machinery/VR3_shortwallmetalplatesstraight/VR3_shortwallmetalplatesstraight(Clone)	(-27.3074989, 1.29999983, -32)	(3.81469727E-06, 2.59999967, 7.92)	Assets/_Game/Content/VisualReplacementV3/Materials/VR3_IndustrialTrimAtlas.mat	Assets/_Game/Content/VisualReplacementV3/Models/VR3_shortwallmetalplatesstraight.fbx
S01 Composition Root/Chapter 01 Visual Environment/FloorTerrain/Chapter 01 Visual Replacement V3/Repair Hub connected service machinery/VR3_columnpipes/VR3_columnpipes(Clone)	(-27.42487, 1.44649982, -32.00007)	(1.044632, 2.89299965, 0.8958893)	Assets/_Game/Content/VisualReplacementV3/Materials/VR3_IndustrialTrimAtlas.mat	Assets/_Game/Content/VisualReplacementV3/Models/VR3_columnpipes.fbx
S01 Composition Root/Chapter 01 Visual Environment/FloorTerrain/Chapter 01 Visual Replacement V3/Repair Hub connected service machinery/VR3_shortwallmetalplatesstraight/VR3_shortwallmetalplatesstraight(Clone)	(-27.3074989, 1.29999983, -24)	(3.81469727E-06, 2.59999967, 7.920002)	Assets/_Game/Content/VisualReplacementV3/Materials/VR3_IndustrialTrimAtlas.mat	Assets/_Game/Content/VisualReplacementV3/Models/VR3_shortwallmetalplatesstraight.fbx
S01 Composition Root/Chapter 01 Visual Environment/FloorTerrain/Chapter 01 Visual Replacement V3/Repair Hub connected service machinery/VR3_shortwallmetalplatesstraight/VR3_shortwallmetalplatesstraight(Clone)	(-27.3074989, 1.29999983, -16.5)	(3.81469727E-06, 2.59999967, 7.920002)	Assets/_Game/Content/VisualReplacementV3/Materials/VR3_IndustrialTrimAtlas.mat	Assets/_Game/Content/VisualReplacementV3/Models/VR3_shortwallmetalplatesstraight.fbx
S01 Composition Root/Chapter 01 Visual Environment/FloorTerrain/Chapter 01 Visual Replacement V3/Repair Hub connected service machinery/VR3_columnpipes/VR3_columnpipes(Clone)	(-27.42487, 1.44649982, -16.500061)	(1.044632, 2.89299965, 0.8958893)	Assets/_Game/Content/VisualReplacementV3/Materials/VR3_IndustrialTrimAtlas.mat	Assets/_Game/Content/VisualReplacementV3/Models/VR3_columnpipes.fbx
S01 Composition Root/Chapter 01 Visual Environment/FloorTerrain/Chapter 01 Visual Replacement V3/Repair Hub connected service machinery/VR3_shortwallmetalplatesstraight/VR3_shortwallmetalplatesstraight(Clone)	(-27.3074989, 1.29999983, -9.5)	(3.81469727E-06, 2.59999967, 7.920002)	Assets/_Game/Content/VisualReplacementV3/Materials/VR3_IndustrialTrimAtlas.mat	Assets/_Game/Content/VisualReplacementV3/Models/VR3_shortwallmetalplatesstraight.fbx
S01 Composition Root/Chapter 01 Visual Environment/FloorTerrain/Chapter 01 Visual Replacement V3/Repair Hub connected service machinery/VR3_shortwallmetalplatesstraight/VR3_shortwallmetalplatesstraight(Clone)	(-27.3074989, 1.29999983, -4.5)	(3.81469727E-06, 2.59999967, 7.920001)	Assets/_Game/Content/VisualReplacementV3/Materials/VR3_IndustrialTrimAtlas.mat	Assets/_Game/Content/VisualReplacementV3/Models/VR3_shortwallmetalplatesstraight.fbx
S01 Composition Root/Chapter 01 Visual Environment/FloorTerrain/Chapter 01 Visual Replacement V3/Repair Hub connected service machinery/VR3_columnpipes/VR3_columnpipes(Clone)	(-27.42487, 1.44649982, -4.50002575)	(1.044632, 2.89299965, 0.8958883)	Assets/_Game/Content/VisualReplacementV3/Materials/VR3_IndustrialTrimAtlas.mat	Assets/_Game/Content/VisualReplacementV3/Models/VR3_columnpipes.fbx
S01 Composition Root/Chapter 01 Visual Environment/FloorTerrain/Chapter 01 Visual Replacement V3/Repair Hub connected service machinery/VR3_shortwallmetalplatesstraight/VR3_shortwallmetalplatesstraight(Clone)	(-27.3074989, 1.29999983, -1.49999988)	(3.81469727E-06, 2.59999967, 7.920002)	Assets/_Game/Content/VisualReplacementV3/Materials/VR3_IndustrialTrimAtlas.mat	Assets/_Game/Content/VisualReplacementV3/Models/VR3_shortwallmetalplatesstraight.fbx
S01 Composition Root/Chapter 01 Visual Environment/FloorTerrain/Chapter 01 Visual Replacement V3/Repair Hub connected service machinery/VR3_shortwallmetalplatesstraight/VR3_shortwallmetalplatesstraight(Clone)	(-27.3074989, 1.29999983, 4)	(3.81469727E-06, 2.59999967, 7.920002)	Assets/_Game/Content/VisualReplacementV3/Materials/VR3_IndustrialTrimAtlas.mat	Assets/_Game/Content/VisualReplacementV3/Models/VR3_shortwallmetalplatesstraight.fbx
S01 Composition Root/Chapter 01 Visual Environment/FloorTerrain/Chapter 01 Visual Replacement V3/Repair Hub connected service machinery/VR3_columnpipes/VR3_columnpipes(Clone)	(-27.42487, 1.44649982, 3.99992967)	(1.044632, 2.89299965, 0.8958893)	Assets/_Game/Content/VisualReplacementV3/Materials/VR3_IndustrialTrimAtlas.mat	Assets/_Game/Content/VisualReplacementV3/Models/VR3_columnpipes.fbx
S01 Composition Root/Chapter 01 Visual Environment/FloorTerrain/Chapter 01 Visual Replacement V3/Repair Hub connected service machinery/VR3_shortwallmetalplatesstraight/VR3_shortwallmetalplatesstraight(Clone)	(-27.3074989, 1.29999983, 12)	(3.81469727E-06, 2.59999967, 7.920002)	Assets/_Game/Content/VisualReplacementV3/Materials/VR3_IndustrialTrimAtlas.mat	Assets/_Game/Content/VisualReplacementV3/Models/VR3_shortwallmetalplatesstraight.fbx
S01 Composition Root/Chapter 01 Visual Environment/FloorTerrain/Chapter 01 Visual Replacement V3/Repair Hub connected service machinery/VR3_shortwallmetalplatesstraight/VR3_shortwallmetalplatesstraight(Clone)	(-27.3074989, 1.29999983, 16)	(3.81469727E-06, 2.59999967, 7.919998)	Assets/_Game/Content/VisualReplacementV3/Materials/VR3_IndustrialTrimAtlas.mat	Assets/_Game/Content/VisualReplacementV3/Models/VR3_shortwallmetalplatesstraight.fbx
S01 Composition Root/Chapter 01 Visual Environment/FloorTerrain/Chapter 01 Visual Replacement V3/Repair Hub connected service machinery/VR3_columnpipes/VR3_columnpipes(Clone)	(-27.42487, 1.44649982, 16)	(1.044632, 2.89299965, 0.8958893)	Assets/_Game/Content/VisualReplacementV3/Materials/VR3_IndustrialTrimAtlas.mat	Assets/_Game/Content/VisualReplacementV3/Models/VR3_columnpipes.fbx
S01 Composition Root/Chapter 01 Visual Environment/FloorTerrain/Chapter 01 Visual Replacement V3/Repair Hub connected service machinery/VR3_shortwallmetalplatesstraight/VR3_shortwallmetalplatesstraight(Clone)	(-27.3074989, 1.29999983, 24)	(3.81469727E-06, 2.59999967, 7.919998)	Assets/_Game/Content/VisualReplacementV3/Materials/VR3_IndustrialTrimAtlas.mat	Assets/_Game/Content/VisualReplacementV3/Models/VR3_shortwallmetalplatesstraight.fbx
S01 Composition Root/Chapter 01 Visual Environment/FloorTerrain/Chapter 01 Visual Replacement V3/Repair Hub connected service machinery/VR3_shortwallmetalplatesstraight/VR3_shortwallmetalplatesstraight(Clone)	(-27.3074989, 1.29999983, 32)	(3.81469727E-06, 2.59999967, 7.919998)	Assets/_Game/Content/VisualReplacementV3/Materials/VR3_IndustrialTrimAtlas.mat	Assets/_Game/Content/VisualReplacementV3/Models/VR3_shortwallmetalplatesstraight.fbx
S01 Composition Root/Chapter 01 Visual Environment/FloorTerrain/Chapter 01 Visual Replacement V3/Repair Hub connected service machinery/VR3_columnpipes/VR3_columnpipes(Clone)	(-27.42487, 1.44649982, 31.9999313)	(1.044632, 2.89299965, 0.8958893)	Assets/_Game/Content/VisualReplacementV3/Materials/VR3_IndustrialTrimAtlas.mat	Assets/_Game/Content/VisualReplacementV3/Models/VR3_columnpipes.fbx
S01 Composition Root/Chapter 01 Visual Environment/FloorTerrain/Chapter 01 Visual Replacement V3/Repair Hub connected service machinery/VR3_shortwallmetalplatesstraight/VR3_shortwallmetalplatesstraight(Clone)	(-27.3074989, 1.29999983, 36)	(3.81469727E-06, 2.59999967, 7.919998)	Assets/_Game/Content/VisualReplacementV3/Materials/VR3_IndustrialTrimAtlas.mat	Assets/_Game/Content/VisualReplacementV3/Models/VR3_shortwallmetalplatesstraight.fbx
S01 Composition Root/Chapter 01 Visual Environment/FloorTerrain/Chapter 01 Visual Replacement V3/Repair Hub connected service machinery/VR3_shortwallmetalplatesstraight/VR3_shortwallmetalplatesstraight(Clone)	(-27.3074989, 1.29999983, 42)	(3.81469727E-06, 2.59999967, 7.919998)	Assets/_Game/Content/VisualReplacementV3/Materials/VR3_IndustrialTrimAtlas.mat	Assets/_Game/Content/VisualReplacementV3/Models/VR3_shortwallmetalplatesstraight.fbx
S01 Composition Root/Chapter 01 Visual Environment/FloorTerrain/Chapter 01 Visual Replacement V3/Repair Hub connected service machinery/VR3_columnpipes/VR3_columnpipes(Clone)	(-27.42487, 1.44649982, 41.99993)	(1.044632, 2.89299965, 0.8958893)	Assets/_Game/Content/VisualReplacementV3/Materials/VR3_IndustrialTrimAtlas.mat	Assets/_Game/Content/VisualReplacementV3/Models/VR3_columnpipes.fbx
S01 Composition Root/Chapter 01 Visual Environment/FloorTerrain/Chapter 01 Visual Replacement V3/Repair Hub connected service machinery/VR3_shortwallmetalplatesstraight/VR3_shortwallmetalplatesstraight(Clone)	(-27.3074989, 1.29999983, 50)	(3.81469727E-06, 2.59999967, 7.919998)	Assets/_Game/Content/VisualReplacementV3/Materials/VR3_IndustrialTrimAtlas.mat	Assets/_Game/Content/VisualReplacementV3/Models/VR3_shortwallmetalplatesstraight.fbx
S01 Composition Root/Chapter 01 Visual Environment/FloorTerrain/Chapter 01 Visual Replacement V3/Repair Hub connected service machinery/VR3_shortwallmetalplatesstraight/VR3_shortwallmetalplatesstraight(Clone)	(-27.3074989, 1.29999983, 58)	(3.81469727E-06, 2.59999967, 7.919998)	Assets/_Game/Content/VisualReplacementV3/Materials/VR3_IndustrialTrimAtlas.mat	Assets/_Game/Content/VisualReplacementV3/Models/VR3_shortwallmetalplatesstraight.fbx
S01 Composition Root/Chapter 01 Visual Environment/FloorTerrain/Chapter 01 Visual Replacement V3/Repair Hub connected service machinery/VR3_columnpipes/VR3_columnpipes(Clone)	(-27.42487, 1.44649982, 57.99993)	(1.044632, 2.89299965, 0.8958893)	Assets/_Game/Content/VisualReplacementV3/Materials/VR3_IndustrialTrimAtlas.mat	Assets/_Game/Content/VisualReplacementV3/Models/VR3_columnpipes.fbx
S01 Composition Root/Chapter 01 Visual Environment/FloorTerrain/Chapter 01 Visual Replacement V3/Repair Hub connected service machinery/VR3_shortwallmetalplatesstraight/VR3_shortwallmetalplatesstraight(Clone)	(-27.3074989, 1.29999983, 66)	(3.81469727E-06, 2.59999967, 7.919998)	Assets/_Game/Content/VisualReplacementV3/Materials/VR3_IndustrialTrimAtlas.mat	Assets/_Game/Content/VisualReplacementV3/Models/VR3_shortwallmetalplatesstraight.fbx
S01 Composition Root/Chapter 01 Visual Environment/FloorTerrain/Chapter 01 Visual Replacement V3/Repair Hub connected service machinery/VR3_shortwallmetalplatesstraight/VR3_shortwallmetalplatesstraight(Clone)	(-27.3074989, 1.29999983, 74)	(3.81469727E-06, 2.59999967, 7.919998)	Assets/_Game/Content/VisualReplacementV3/Materials/VR3_IndustrialTrimAtlas.mat	Assets/_Game/Content/VisualReplacementV3/Models/VR3_shortwallmetalplatesstraight.fbx
S01 Composition Root/Chapter 01 Visual Environment/FloorTerrain/Chapter 01 Visual Replacement V3/Repair Hub connected service machinery/VR3_columnpipes/VR3_columnpipes(Clone)	(-27.42487, 1.44649982, 73.99993)	(1.044632, 2.89299965, 0.8958893)	Assets/_Game/Content/VisualReplacementV3/Materials/VR3_IndustrialTrimAtlas.mat	Assets/_Game/Content/VisualReplacementV3/Models/VR3_columnpipes.fbx
S01 Composition Root/Chapter 01 Visual Environment/FloorTerrain/Chapter 01 Visual Replacement V3/Repair Hub connected service machinery/VR3_shortwallmetalplatesstraight/VR3_shortwallmetalplatesstraight(Clone)	(27.3074989, 1.29999983, -32)	(3.81469727E-06, 2.59999967, 7.92)	Assets/_Game/Content/VisualReplacementV3/Materials/VR3_IndustrialTrimAtlas.mat	Assets/_Game/Content/VisualReplacementV3/Models/VR3_shortwallmetalplatesstraight.fbx
S01 Composition Root/Chapter 01 Visual Environment/FloorTerrain/Chapter 01 Visual Replacement V3/Repair Hub connected service machinery/VR3_columnpipes/VR3_columnpipes(Clone)	(27.57513, 1.44649982, -32.00007)	(1.044632, 2.89299965, 0.8958893)	Assets/_Game/Content/VisualReplacementV3/Materials/VR3_IndustrialTrimAtlas.mat	Assets/_Game/Content/VisualReplacementV3/Models/VR3_columnpipes.fbx
S01 Composition Root/Chapter 01 Visual Environment/FloorTerrain/Chapter 01 Visual Replacement V3/Repair Hub connected service machinery/VR3_shortwallmetalplatesstraight/VR3_shortwallmetalplatesstraight(Clone)	(27.3074989, 1.29999983, -24)	(3.81469727E-06, 2.59999967, 7.920002)	Assets/_Game/Content/VisualReplacementV3/Materials/VR3_IndustrialTrimAtlas.mat	Assets/_Game/Content/VisualReplacementV3/Models/VR3_shortwallmetalplatesstraight.fbx
S01 Composition Root/Chapter 01 Visual Environment/FloorTerrain/Chapter 01 Visual Replacement V3/Repair Hub connected service machinery/VR3_shortwallmetalplatesstraight/VR3_shortwallmetalplatesstraight(Clone)	(27.3074989, 1.29999983, -16.5)	(3.81469727E-06, 2.59999967, 7.920002)	Assets/_Game/Content/VisualReplacementV3/Materials/VR3_IndustrialTrimAtlas.mat	Assets/_Game/Content/VisualReplacementV3/Models/VR3_shortwallmetalplatesstraight.fbx
S01 Composition Root/Chapter 01 Visual Environment/FloorTerrain/Chapter 01 Visual Replacement V3/Repair Hub connected service machinery/VR3_columnpipes/VR3_columnpipes(Clone)	(27.57513, 1.44649982, -16.500061)	(1.044632, 2.89299965, 0.8958893)	Assets/_Game/Content/VisualReplacementV3/Materials/VR3_IndustrialTrimAtlas.mat	Assets/_Game/Content/VisualReplacementV3/Models/VR3_columnpipes.fbx
S01 Composition Root/Chapter 01 Visual Environment/FloorTerrain/Chapter 01 Visual Replacement V3/Repair Hub connected service machinery/VR3_shortwallmetalplatesstraight/VR3_shortwallmetalplatesstraight(Clone)	(27.3074989, 1.29999983, -9.5)	(3.81469727E-06, 2.59999967, 7.920002)	Assets/_Game/Content/VisualReplacementV3/Materials/VR3_IndustrialTrimAtlas.mat	Assets/_Game/Content/VisualReplacementV3/Models/VR3_shortwallmetalplatesstraight.fbx
S01 Composition Root/Chapter 01 Visual Environment/FloorTerrain/Chapter 01 Visual Replacement V3/Repair Hub connected service machinery/VR3_shortwallmetalplatesstraight/VR3_shortwallmetalplatesstraight(Clone)	(27.3074989, 1.29999983, -4.5)	(3.81469727E-06, 2.59999967, 7.920001)	Assets/_Game/Content/VisualReplacementV3/Materials/VR3_IndustrialTrimAtlas.mat	Assets/_Game/Content/VisualReplacementV3/Models/VR3_shortwallmetalplatesstraight.fbx
S01 Composition Root/Chapter 01 Visual Environment/FloorTerrain/Chapter 01 Visual Replacement V3/Repair Hub connected service machinery/VR3_columnpipes/VR3_columnpipes(Clone)	(27.57513, 1.44649982, -4.50002575)	(1.044632, 2.89299965, 0.8958883)	Assets/_Game/Content/VisualReplacementV3/Materials/VR3_IndustrialTrimAtlas.mat	Assets/_Game/Content/VisualReplacementV3/Models/VR3_columnpipes.fbx
S01 Composition Root/Chapter 01 Visual Environment/FloorTerrain/Chapter 01 Visual Replacement V3/Repair Hub connected service machinery/VR3_shortwallmetalplatesstraight/VR3_shortwallmetalplatesstraight(Clone)	(27.3074989, 1.29999983, -1.49999988)	(3.81469727E-06, 2.59999967, 7.920002)	Assets/_Game/Content/VisualReplacementV3/Materials/VR3_IndustrialTrimAtlas.mat	Assets/_Game/Content/VisualReplacementV3/Models/VR3_shortwallmetalplatesstraight.fbx
S01 Composition Root/Chapter 01 Visual Environment/FloorTerrain/Chapter 01 Visual Replacement V3/Repair Hub connected service machinery/VR3_shortwallmetalplatesstraight/VR3_shortwallmetalplatesstraight(Clone)	(27.3074989, 1.29999983, 4)	(3.81469727E-06, 2.59999967, 7.920002)	Assets/_Game/Content/VisualReplacementV3/Materials/VR3_IndustrialTrimAtlas.mat	Assets/_Game/Content/VisualReplacementV3/Models/VR3_shortwallmetalplatesstraight.fbx
S01 Composition Root/Chapter 01 Visual Environment/FloorTerrain/Chapter 01 Visual Replacement V3/Repair Hub connected service machinery/VR3_columnpipes/VR3_columnpipes(Clone)	(27.57513, 1.44649982, 3.99992967)	(1.044632, 2.89299965, 0.8958893)	Assets/_Game/Content/VisualReplacementV3/Materials/VR3_IndustrialTrimAtlas.mat	Assets/_Game/Content/VisualReplacementV3/Models/VR3_columnpipes.fbx
S01 Composition Root/Chapter 01 Visual Environment/FloorTerrain/Chapter 01 Visual Replacement V3/Repair Hub connected service machinery/VR3_shortwallmetalplatesstraight/VR3_shortwallmetalplatesstraight(Clone)	(27.3074989, 1.29999983, 12)	(3.81469727E-06, 2.59999967, 7.920002)	Assets/_Game/Content/VisualReplacementV3/Materials/VR3_IndustrialTrimAtlas.mat	Assets/_Game/Content/VisualReplacementV3/Models/VR3_shortwallmetalplatesstraight.fbx
S01 Composition Root/Chapter 01 Visual Environment/FloorTerrain/Chapter 01 Visual Replacement V3/Repair Hub connected service machinery/VR3_shortwallmetalplatesstraight/VR3_shortwallmetalplatesstraight(Clone)	(27.3074989, 1.29999983, 16)	(3.81469727E-06, 2.59999967, 7.919998)	Assets/_Game/Content/VisualReplacementV3/Materials/VR3_IndustrialTrimAtlas.mat	Assets/_Game/Content/VisualReplacementV3/Models/VR3_shortwallmetalplatesstraight.fbx
S01 Composition Root/Chapter 01 Visual Environment/FloorTerrain/Chapter 01 Visual Replacement V3/Repair Hub connected service machinery/VR3_columnpipes/VR3_columnpipes(Clone)	(27.57513, 1.44649982, 16)	(1.044632, 2.89299965, 0.8958893)	Assets/_Game/Content/VisualReplacementV3/Materials/VR3_IndustrialTrimAtlas.mat	Assets/_Game/Content/VisualReplacementV3/Models/VR3_columnpipes.fbx
S01 Composition Root/Chapter 01 Visual Environment/FloorTerrain/Chapter 01 Visual Replacement V3/Repair Hub connected service machinery/VR3_shortwallmetalplatesstraight/VR3_shortwallmetalplatesstraight(Clone)	(27.3074989, 1.29999983, 24)	(3.81469727E-06, 2.59999967, 7.919998)	Assets/_Game/Content/VisualReplacementV3/Materials/VR3_IndustrialTrimAtlas.mat	Assets/_Game/Content/VisualReplacementV3/Models/VR3_shortwallmetalplatesstraight.fbx
S01 Composition Root/Chapter 01 Visual Environment/FloorTerrain/Chapter 01 Visual Replacement V3/Repair Hub connected service machinery/VR3_shortwallmetalplatesstraight/VR3_shortwallmetalplatesstraight(Clone)	(27.3074989, 1.29999983, 32)	(3.81469727E-06, 2.59999967, 7.919998)	Assets/_Game/Content/VisualReplacementV3/Materials/VR3_IndustrialTrimAtlas.mat	Assets/_Game/Content/VisualReplacementV3/Models/VR3_shortwallmetalplatesstraight.fbx
S01 Composition Root/Chapter 01 Visual Environment/FloorTerrain/Chapter 01 Visual Replacement V3/Repair Hub connected service machinery/VR3_columnpipes/VR3_columnpipes(Clone)	(27.57513, 1.44649982, 31.9999313)	(1.044632, 2.89299965, 0.8958893)	Assets/_Game/Content/VisualReplacementV3/Materials/VR3_IndustrialTrimAtlas.mat	Assets/_Game/Content/VisualReplacementV3/Models/VR3_columnpipes.fbx
S01 Composition Root/Chapter 01 Visual Environment/FloorTerrain/Chapter 01 Visual Replacement V3/Repair Hub connected service machinery/VR3_shortwallmetalplatesstraight/VR3_shortwallmetalplatesstraight(Clone)	(27.3074989, 1.29999983, 36)	(3.81469727E-06, 2.59999967, 7.919998)	Assets/_Game/Content/VisualReplacementV3/Materials/VR3_IndustrialTrimAtlas.mat	Assets/_Game/Content/VisualReplacementV3/Models/VR3_shortwallmetalplatesstraight.fbx
S01 Composition Root/Chapter 01 Visual Environment/FloorTerrain/Chapter 01 Visual Replacement V3/Repair Hub connected service machinery/VR3_shortwallmetalplatesstraight/VR3_shortwallmetalplatesstraight(Clone)	(27.3074989, 1.29999983, 42)	(3.81469727E-06, 2.59999967, 7.919998)	Assets/_Game/Content/VisualReplacementV3/Materials/VR3_IndustrialTrimAtlas.mat	Assets/_Game/Content/VisualReplacementV3/Models/VR3_shortwallmetalplatesstraight.fbx
S01 Composition Root/Chapter 01 Visual Environment/FloorTerrain/Chapter 01 Visual Replacement V3/Repair Hub connected service machinery/VR3_columnpipes/VR3_columnpipes(Clone)	(27.57513, 1.44649982, 41.99993)	(1.044632, 2.89299965, 0.8958893)	Assets/_Game/Content/VisualReplacementV3/Materials/VR3_IndustrialTrimAtlas.mat	Assets/_Game/Content/VisualReplacementV3/Models/VR3_columnpipes.fbx
S01 Composition Root/Chapter 01 Visual Environment/FloorTerrain/Chapter 01 Visual Replacement V3/Repair Hub connected service machinery/VR3_shortwallmetalplatesstraight/VR3_shortwallmetalplatesstraight(Clone)	(27.3074989, 1.29999983, 50)	(3.81469727E-06, 2.59999967, 7.919998)	Assets/_Game/Content/VisualReplacementV3/Materials/VR3_IndustrialTrimAtlas.mat	Assets/_Game/Content/VisualReplacementV3/Models/VR3_shortwallmetalplatesstraight.fbx
S01 Composition Root/Chapter 01 Visual Environment/FloorTerrain/Chapter 01 Visual Replacement V3/Repair Hub connected service machinery/VR3_shortwallmetalplatesstraight/VR3_shortwallmetalplatesstraight(Clone)	(27.3074989, 1.29999983, 58)	(3.81469727E-06, 2.59999967, 7.919998)	Assets/_Game/Content/VisualReplacementV3/Materials/VR3_IndustrialTrimAtlas.mat	Assets/_Game/Content/VisualReplacementV3/Models/VR3_shortwallmetalplatesstraight.fbx
S01 Composition Root/Chapter 01 Visual Environment/FloorTerrain/Chapter 01 Visual Replacement V3/Repair Hub connected service machinery/VR3_columnpipes/VR3_columnpipes(Clone)	(27.57513, 1.44649982, 57.99993)	(1.044632, 2.89299965, 0.8958893)	Assets/_Game/Content/VisualReplacementV3/Materials/VR3_IndustrialTrimAtlas.mat	Assets/_Game/Content/VisualReplacementV3/Models/VR3_columnpipes.fbx
S01 Composition Root/Chapter 01 Visual Environment/FloorTerrain/Chapter 01 Visual Replacement V3/Repair Hub connected service machinery/VR3_shortwallmetalplatesstraight/VR3_shortwallmetalplatesstraight(Clone)	(27.3074989, 1.29999983, 66)	(3.81469727E-06, 2.59999967, 7.919998)	Assets/_Game/Content/VisualReplacementV3/Materials/VR3_IndustrialTrimAtlas.mat	Assets/_Game/Content/VisualReplacementV3/Models/VR3_shortwallmetalplatesstraight.fbx
S01 Composition Root/Chapter 01 Visual Environment/FloorTerrain/Chapter 01 Visual Replacement V3/Repair Hub connected service machinery/VR3_shortwallmetalplatesstraight/VR3_shortwallmetalplatesstraight(Clone)	(27.3074989, 1.29999983, 74)	(3.81469727E-06, 2.59999967, 7.919998)	Assets/_Game/Content/VisualReplacementV3/Materials/VR3_IndustrialTrimAtlas.mat	Assets/_Game/Content/VisualReplacementV3/Models/VR3_shortwallmetalplatesstraight.fbx
S01 Composition Root/Chapter 01 Visual Environment/FloorTerrain/Chapter 01 Visual Replacement V3/Repair Hub connected service machinery/VR3_columnpipes/VR3_columnpipes(Clone)	(27.57513, 1.44649982, 73.99993)	(1.044632, 2.89299965, 0.8958893)	Assets/_Game/Content/VisualReplacementV3/Materials/VR3_IndustrialTrimAtlas.mat	Assets/_Game/Content/VisualReplacementV3/Models/VR3_columnpipes.fbx
S01 Composition Root/Chapter 01 Visual Environment/FloorTerrain/Chapter 01 Visual Replacement V3/Repair Hub connected service machinery/VR3_shortwallmetalplatesstraight/VR3_shortwallmetalplatesstraight(Clone)	(-24, 1.29999983, -39.6925)	(3.81469727E-06, 2.59999967, 0.8349991)	Assets/_Game/Content/VisualReplacementV3/Materials/VR3_IndustrialTrimAtlas.mat	Assets/_Game/Content/VisualReplacementV3/Models/VR3_shortwallmetalplatesstraight.fbx
S01 Composition Root/Chapter 01 Visual Environment/FloorTerrain/Chapter 01 Visual Replacement V3/Repair Hub connected service machinery/VR3_shortwallmetalplatesstraight/VR3_shortwallmetalplatesstraight(Clone)	(-16, 1.29999983, -39.6925)	(3.81469727E-06, 2.59999967, 0.8349991)	Assets/_Game/Content/VisualReplacementV3/Materials/VR3_IndustrialTrimAtlas.mat	Assets/_Game/Content/VisualReplacementV3/Models/VR3_shortwallmetalplatesstraight.fbx
S01 Composition Root/Chapter 01 Visual Environment/FloorTerrain/Chapter 01 Visual Replacement V3/Repair Hub connected service machinery/VR3_shortwallmetalplatesstraight/VR3_shortwallmetalplatesstraight(Clone)	(-9.333333, 1.29999983, -39.6925)	(3.81469727E-06, 2.59999967, 0.8349991)	Assets/_Game/Content/VisualReplacementV3/Materials/VR3_IndustrialTrimAtlas.mat	Assets/_Game/Content/VisualReplacementV3/Models/VR3_shortwallmetalplatesstraight.fbx
S01 Composition Root/Chapter 01 Visual Environment/FloorTerrain/Chapter 01 Visual Replacement V3/Repair Hub connected service machinery/VR3_shortwallmetalplatesstraight/VR3_shortwallmetalplatesstraight(Clone)	(-6.66666651, 1.29999983, -39.6925)	(3.81469727E-06, 2.59999967, 0.8349991)	Assets/_Game/Content/VisualReplacementV3/Materials/VR3_IndustrialTrimAtlas.mat	Assets/_Game/Content/VisualReplacementV3/Models/VR3_shortwallmetalplatesstraight.fbx
S01 Composition Root/Chapter 01 Visual Environment/FloorTerrain/Chapter 01 Visual Replacement V3/Repair Hub connected service machinery/VR3_shortwallmetalplatesstraight/VR3_shortwallmetalplatesstraight(Clone)	(0, 1.29999983, -39.6925)	(3.81469727E-06, 2.59999967, 0.8349991)	Assets/_Game/Content/VisualReplacementV3/Materials/VR3_IndustrialTrimAtlas.mat	Assets/_Game/Content/VisualReplacementV3/Models/VR3_shortwallmetalplatesstraight.fbx
S01 Composition Root/Chapter 01 Visual Environment/FloorTerrain/Chapter 01 Visual Replacement V3/Repair Hub connected service machinery/VR3_shortwallmetalplatesstraight/VR3_shortwallmetalplatesstraight(Clone)	(6.66666651, 1.29999983, -39.6925)	(3.81469727E-06, 2.59999967, 0.8349991)	Assets/_Game/Content/VisualReplacementV3/Materials/VR3_IndustrialTrimAtlas.mat	Assets/_Game/Content/VisualReplacementV3/Models/VR3_shortwallmetalplatesstraight.fbx
S01 Composition Root/Chapter 01 Visual Environment/FloorTerrain/Chapter 01 Visual Replacement V3/Repair Hub connected service machinery/VR3_shortwallmetalplatesstraight/VR3_shortwallmetalplatesstraight(Clone)	(9.333333, 1.29999983, -39.6925)	(3.81469727E-06, 2.59999967, 0.8349991)	Assets/_Game/Content/VisualReplacementV3/Materials/VR3_IndustrialTrimAtlas.mat	Assets/_Game/Content/VisualReplacementV3/Models/VR3_shortwallmetalplatesstraight.fbx
S01 Composition Root/Chapter 01 Visual Environment/FloorTerrain/Chapter 01 Visual Replacement V3/Repair Hub connected service machinery/VR3_shortwallmetalplatesstraight/VR3_shortwallmetalplatesstraight(Clone)	(16, 1.29999983, -39.6925)	(3.81469727E-06, 2.59999967, 0.8349991)	Assets/_Game/Content/VisualReplacementV3/Materials/VR3_IndustrialTrimAtlas.mat	Assets/_Game/Content/VisualReplacementV3/Models/VR3_shortwallmetalplatesstraight.fbx
S01 Composition Root/Chapter 01 Visual Environment/FloorTerrain/Chapter 01 Visual Replacement V3/Repair Hub connected service machinery/VR3_shortwallmetalplatesstraight/VR3_shortwallmetalplatesstraight(Clone)	(24, 1.29999983, -39.6925)	(3.81469727E-06, 2.59999967, 0.8349991)	Assets/_Game/Content/VisualReplacementV3/Materials/VR3_IndustrialTrimAtlas.mat	Assets/_Game/Content/VisualReplacementV3/Models/VR3_shortwallmetalplatesstraight.fbx
S01 Composition Root/Chapter 01 Visual Environment/FloorTerrain/Chapter 01 Visual Replacement V3/Repair Hub connected service machinery/VR3_shortwallmetalplatesstraight/VR3_shortwallmetalplatesstraight(Clone)	(-6, 1.29999983, 37.9037476)	(3.81469727E-06, 2.59999967, 0.8349991)	Assets/_Game/Content/VisualReplacementV3/Materials/VR3_IndustrialTrimAtlas.mat	Assets/_Game/Content/VisualReplacementV3/Models/VR3_shortwallmetalplatesstraight.fbx
S01 Composition Root/Chapter 01 Visual Environment/FloorTerrain/Chapter 01 Visual Replacement V3/Repair Hub connected service machinery/VR3_shortwallmetalplatesstraight/VR3_shortwallmetalplatesstraight(Clone)	(-7.33333349, 1.29999983, 37.9037476)	(3.81469727E-06, 2.59999967, 0.8349991)	Assets/_Game/Content/VisualReplacementV3/Materials/VR3_IndustrialTrimAtlas.mat	Assets/_Game/Content/VisualReplacementV3/Models/VR3_shortwallmetalplatesstraight.fbx
S01 Composition Root/Chapter 01 Visual Environment/FloorTerrain/Chapter 01 Visual Replacement V3/Repair Hub connected service machinery/VR3_shortwallmetalplatesstraight/VR3_shortwallmetalplatesstraight(Clone)	(-8.666667, 1.29999983, 37.9037476)	(3.81469727E-06, 2.59999967, 0.8349991)	Assets/_Game/Content/VisualReplacementV3/Materials/VR3_IndustrialTrimAtlas.mat	Assets/_Game/Content/VisualReplacementV3/Models/VR3_shortwallmetalplatesstraight.fbx
S01 Composition Root/Chapter 01 Visual Environment/FloorTerrain/Chapter 01 Visual Replacement V3/Repair Hub connected service machinery/VR3_shortwallmetalplatesstraight/VR3_shortwallmetalplatesstraight(Clone)	(-10, 1.29999983, 37.9037476)	(3.81469727E-06, 2.59999967, 0.8349991)	Assets/_Game/Content/VisualReplacementV3/Materials/VR3_IndustrialTrimAtlas.mat	Assets/_Game/Content/VisualReplacementV3/Models/VR3_shortwallmetalplatesstraight.fbx
S01 Composition Root/Chapter 01 Visual Environment/FloorTerrain/Chapter 01 Visual Replacement V3/Repair Hub connected service machinery/VR3_shortwallmetalplatesstraight/VR3_shortwallmetalplatesstraight(Clone)	(-14, 1.29999983, 37.9037476)	(3.81469727E-06, 2.59999967, 0.8349991)	Assets/_Game/Content/VisualReplacementV3/Materials/VR3_IndustrialTrimAtlas.mat	Assets/_Game/Content/VisualReplacementV3/Models/VR3_shortwallmetalplatesstraight.fbx
S01 Composition Root/Chapter 01 Visual Environment/FloorTerrain/Chapter 01 Visual Replacement V3/Repair Hub connected service machinery/VR3_shortwallmetalplatesstraight/VR3_shortwallmetalplatesstraight(Clone)	(-18, 1.29999983, 37.9037476)	(3.81469727E-06, 2.59999967, 0.8349991)	Assets/_Game/Content/VisualReplacementV3/Materials/VR3_IndustrialTrimAtlas.mat	Assets/_Game/Content/VisualReplacementV3/Models/VR3_shortwallmetalplatesstraight.fbx
S01 Composition Root/Chapter 01 Visual Environment/FloorTerrain/Chapter 01 Visual Replacement V3/Repair Hub connected service machinery/VR3_shortwallmetalplatesstraight/VR3_shortwallmetalplatesstraight(Clone)	(-22, 1.29999983, 37.9037476)	(3.81469727E-06, 2.59999967, 0.8349991)	Assets/_Game/Content/VisualReplacementV3/Materials/VR3_IndustrialTrimAtlas.mat	Assets/_Game/Content/VisualReplacementV3/Models/VR3_shortwallmetalplatesstraight.fbx
S01 Composition Root/Chapter 01 Visual Environment/FloorTerrain/Chapter 01 Visual Replacement V3/Repair Hub connected service machinery/VR3_shortwallmetalplatesstraight/VR3_shortwallmetalplatesstraight(Clone)	(-26, 1.29999983, 37.9037476)	(3.81469727E-06, 2.59999967, 0.8349991)	Assets/_Game/Content/VisualReplacementV3/Materials/VR3_IndustrialTrimAtlas.mat	Assets/_Game/Content/VisualReplacementV3/Models/VR3_shortwallmetalplatesstraight.fbx
S01 Composition Root/Chapter 01 Visual Environment/FloorTerrain/Chapter 01 Visual Replacement V3/Repair Hub connected service machinery/VR3_shortwallmetalplatesstraight/VR3_shortwallmetalplatesstraight(Clone)	(-6, 1.29999983, 57.8075027)	(3.81469727E-06, 2.59999967, 0.8350067)	Assets/_Game/Content/VisualReplacementV3/Materials/VR3_IndustrialTrimAtlas.mat	Assets/_Game/Content/VisualReplacementV3/Models/VR3_shortwallmetalplatesstraight.fbx
S01 Composition Root/Chapter 01 Visual Environment/FloorTerrain/Chapter 01 Visual Replacement V3/Repair Hub connected service machinery/VR3_shortwallmetalplatesstraight/VR3_shortwallmetalplatesstraight(Clone)	(-7.33333349, 1.29999983, 57.8075027)	(3.81469727E-06, 2.59999967, 0.8350067)	Assets/_Game/Content/VisualReplacementV3/Materials/VR3_IndustrialTrimAtlas.mat	Assets/_Game/Content/VisualReplacementV3/Models/VR3_shortwallmetalplatesstraight.fbx
S01 Composition Root/Chapter 01 Visual Environment/FloorTerrain/Chapter 01 Visual Replacement V3/Repair Hub connected service machinery/VR3_shortwallmetalplatesstraight/VR3_shortwallmetalplatesstraight(Clone)	(-8.666667, 1.29999983, 57.8075027)	(3.81469727E-06, 2.59999967, 0.8350067)	Assets/_Game/Content/VisualReplacementV3/Materials/VR3_IndustrialTrimAtlas.mat	Assets/_Game/Content/VisualReplacementV3/Models/VR3_shortwallmetalplatesstraight.fbx
S01 Composition Root/Chapter 01 Visual Environment/FloorTerrain/Chapter 01 Visual Replacement V3/Repair Hub connected service machinery/VR3_shortwallmetalplatesstraight/VR3_shortwallmetalplatesstraight(Clone)	(-10, 1.29999983, 57.8075027)	(3.81469727E-06, 2.59999967, 0.8350067)	Assets/_Game/Content/VisualReplacementV3/Materials/VR3_IndustrialTrimAtlas.mat	Assets/_Game/Content/VisualReplacementV3/Models/VR3_shortwallmetalplatesstraight.fbx
S01 Composition Root/Chapter 01 Visual Environment/FloorTerrain/Chapter 01 Visual Replacement V3/Repair Hub connected service machinery/VR3_shortwallmetalplatesstraight/VR3_shortwallmetalplatesstraight(Clone)	(-14, 1.29999983, 57.8075027)	(3.81469727E-06, 2.59999967, 0.8350067)	Assets/_Game/Content/VisualReplacementV3/Materials/VR3_IndustrialTrimAtlas.mat	Assets/_Game/Content/VisualReplacementV3/Models/VR3_shortwallmetalplatesstraight.fbx
S01 Composition Root/Chapter 01 Visual Environment/FloorTerrain/Chapter 01 Visual Replacement V3/Repair Hub connected service machinery/VR3_shortwallmetalplatesstraight/VR3_shortwallmetalplatesstraight(Clone)	(-18, 1.29999983, 57.8075027)	(3.81469727E-06, 2.59999967, 0.8350067)	Assets/_Game/Content/VisualReplacementV3/Materials/VR3_IndustrialTrimAtlas.mat	Assets/_Game/Content/VisualReplacementV3/Models/VR3_shortwallmetalplatesstraight.fbx
S01 Composition Root/Chapter 01 Visual Environment/FloorTerrain/Chapter 01 Visual Replacement V3/Repair Hub connected service machinery/VR3_shortwallmetalplatesstraight/VR3_shortwallmetalplatesstraight(Clone)	(-22, 1.29999983, 57.8075027)	(3.81469727E-06, 2.59999967, 0.8350067)	Assets/_Game/Content/VisualReplacementV3/Materials/VR3_IndustrialTrimAtlas.mat	Assets/_Game/Content/VisualReplacementV3/Models/VR3_shortwallmetalplatesstraight.fbx
S01 Composition Root/Chapter 01 Visual Environment/FloorTerrain/Chapter 01 Visual Replacement V3/Repair Hub connected service machinery/VR3_shortwallmetalplatesstraight/VR3_shortwallmetalplatesstraight(Clone)	(-26, 1.29999983, 57.8075027)	(3.81469727E-06, 2.59999967, 0.8350067)	Assets/_Game/Content/VisualReplacementV3/Materials/VR3_IndustrialTrimAtlas.mat	Assets/_Game/Content/VisualReplacementV3/Models/VR3_shortwallmetalplatesstraight.fbx
S01 Composition Root/Chapter 01 Visual Environment/FloorTerrain/Chapter 01 Visual Replacement V3/Repair Hub connected service machinery/VR3_shortwallmetalplatesstraight/VR3_shortwallmetalplatesstraight(Clone)	(6, 1.29999983, 37.9037476)	(3.81469727E-06, 2.59999967, 0.8349991)	Assets/_Game/Content/VisualReplacementV3/Materials/VR3_IndustrialTrimAtlas.mat	Assets/_Game/Content/VisualReplacementV3/Models/VR3_shortwallmetalplatesstraight.fbx
S01 Composition Root/Chapter 01 Visual Environment/FloorTerrain/Chapter 01 Visual Replacement V3/Repair Hub connected service machinery/VR3_shortwallmetalplatesstraight/VR3_shortwallmetalplatesstraight(Clone)	(7.33333349, 1.29999983, 37.9037476)	(3.81469727E-06, 2.59999967, 0.8349991)	Assets/_Game/Content/VisualReplacementV3/Materials/VR3_IndustrialTrimAtlas.mat	Assets/_Game/Content/VisualReplacementV3/Models/VR3_shortwallmetalplatesstraight.fbx
S01 Composition Root/Chapter 01 Visual Environment/FloorTerrain/Chapter 01 Visual Replacement V3/Repair Hub connected service machinery/VR3_shortwallmetalplatesstraight/VR3_shortwallmetalplatesstraight(Clone)	(8.666667, 1.29999983, 37.9037476)	(3.81469727E-06, 2.59999967, 0.8349991)	Assets/_Game/Content/VisualReplacementV3/Materials/VR3_IndustrialTrimAtlas.mat	Assets/_Game/Content/VisualReplacementV3/Models/VR3_shortwallmetalplatesstraight.fbx
S01 Composition Root/Chapter 01 Visual Environment/FloorTerrain/Chapter 01 Visual Replacement V3/Repair Hub connected service machinery/VR3_shortwallmetalplatesstraight/VR3_shortwallmetalplatesstraight(Clone)	(10, 1.29999983, 37.9037476)	(3.81469727E-06, 2.59999967, 0.8349991)	Assets/_Game/Content/VisualReplacementV3/Materials/VR3_IndustrialTrimAtlas.mat	Assets/_Game/Content/VisualReplacementV3/Models/VR3_shortwallmetalplatesstraight.fbx
S01 Composition Root/Chapter 01 Visual Environment/FloorTerrain/Chapter 01 Visual Replacement V3/Repair Hub connected service machinery/VR3_shortwallmetalplatesstraight/VR3_shortwallmetalplatesstraight(Clone)	(14, 1.29999983, 37.9037476)	(3.81469727E-06, 2.59999967, 0.8349991)	Assets/_Game/Content/VisualReplacementV3/Materials/VR3_IndustrialTrimAtlas.mat	Assets/_Game/Content/VisualReplacementV3/Models/VR3_shortwallmetalplatesstraight.fbx
S01 Composition Root/Chapter 01 Visual Environment/FloorTerrain/Chapter 01 Visual Replacement V3/Repair Hub connected service machinery/VR3_shortwallmetalplatesstraight/VR3_shortwallmetalplatesstraight(Clone)	(18, 1.29999983, 37.9037476)	(3.81469727E-06, 2.59999967, 0.8349991)	Assets/_Game/Content/VisualReplacementV3/Materials/VR3_IndustrialTrimAtlas.mat	Assets/_Game/Content/VisualReplacementV3/Models/VR3_shortwallmetalplatesstraight.fbx
S01 Composition Root/Chapter 01 Visual Environment/FloorTerrain/Chapter 01 Visual Replacement V3/Repair Hub connected service machinery/VR3_shortwallmetalplatesstraight/VR3_shortwallmetalplatesstraight(Clone)	(22, 1.29999983, 37.9037476)	(3.81469727E-06, 2.59999967, 0.8349991)	Assets/_Game/Content/VisualReplacementV3/Materials/VR3_IndustrialTrimAtlas.mat	Assets/_Game/Content/VisualReplacementV3/Models/VR3_shortwallmetalplatesstraight.fbx
S01 Composition Root/Chapter 01 Visual Environment/FloorTerrain/Chapter 01 Visual Replacement V3/Repair Hub connected service machinery/VR3_shortwallmetalplatesstraight/VR3_shortwallmetalplatesstraight(Clone)	(26, 1.29999983, 37.9037476)	(3.81469727E-06, 2.59999967, 0.8349991)	Assets/_Game/Content/VisualReplacementV3/Materials/VR3_IndustrialTrimAtlas.mat	Assets/_Game/Content/VisualReplacementV3/Models/VR3_shortwallmetalplatesstraight.fbx
S01 Composition Root/Chapter 01 Visual Environment/FloorTerrain/Chapter 01 Visual Replacement V3/Repair Hub connected service machinery/VR3_shortwallmetalplatesstraight/VR3_shortwallmetalplatesstraight(Clone)	(6, 1.29999983, 57.8075027)	(3.81469727E-06, 2.59999967, 0.8350067)	Assets/_Game/Content/VisualReplacementV3/Materials/VR3_IndustrialTrimAtlas.mat	Assets/_Game/Content/VisualReplacementV3/Models/VR3_shortwallmetalplatesstraight.fbx
S01 Composition Root/Chapter 01 Visual Environment/FloorTerrain/Chapter 01 Visual Replacement V3/Repair Hub connected service machinery/VR3_shortwallmetalplatesstraight/VR3_shortwallmetalplatesstraight(Clone)	(7.33333349, 1.29999983, 57.8075027)	(3.81469727E-06, 2.59999967, 0.8350067)	Assets/_Game/Content/VisualReplacementV3/Materials/VR3_IndustrialTrimAtlas.mat	Assets/_Game/Content/VisualReplacementV3/Models/VR3_shortwallmetalplatesstraight.fbx
S01 Composition Root/Chapter 01 Visual Environment/FloorTerrain/Chapter 01 Visual Replacement V3/Repair Hub connected service machinery/VR3_shortwallmetalplatesstraight/VR3_shortwallmetalplatesstraight(Clone)	(8.666667, 1.29999983, 57.8075027)	(3.81469727E-06, 2.59999967, 0.8350067)	Assets/_Game/Content/VisualReplacementV3/Materials/VR3_IndustrialTrimAtlas.mat	Assets/_Game/Content/VisualReplacementV3/Models/VR3_shortwallmetalplatesstraight.fbx
S01 Composition Root/Chapter 01 Visual Environment/FloorTerrain/Chapter 01 Visual Replacement V3/Repair Hub connected service machinery/VR3_shortwallmetalplatesstraight/VR3_shortwallmetalplatesstraight(Clone)	(10, 1.29999983, 57.8075027)	(3.81469727E-06, 2.59999967, 0.8350067)	Assets/_Game/Content/VisualReplacementV3/Materials/VR3_IndustrialTrimAtlas.mat	Assets/_Game/Content/VisualReplacementV3/Models/VR3_shortwallmetalplatesstraight.fbx
S01 Composition Root/Chapter 01 Visual Environment/FloorTerrain/Chapter 01 Visual Replacement V3/Repair Hub connected service machinery/VR3_shortwallmetalplatesstraight/VR3_shortwallmetalplatesstraight(Clone)	(14, 1.29999983, 57.8075027)	(3.81469727E-06, 2.59999967, 0.8350067)	Assets/_Game/Content/VisualReplacementV3/Materials/VR3_IndustrialTrimAtlas.mat	Assets/_Game/Content/VisualReplacementV3/Models/VR3_shortwallmetalplatesstraight.fbx
S01 Composition Root/Chapter 01 Visual Environment/FloorTerrain/Chapter 01 Visual Replacement V3/Repair Hub connected service machinery/VR3_shortwallmetalplatesstraight/VR3_shortwallmetalplatesstraight(Clone)	(18, 1.29999983, 57.8075027)	(3.81469727E-06, 2.59999967, 0.8350067)	Assets/_Game/Content/VisualReplacementV3/Materials/VR3_IndustrialTrimAtlas.mat	Assets/_Game/Content/VisualReplacementV3/Models/VR3_shortwallmetalplatesstraight.fbx
S01 Composition Root/Chapter 01 Visual Environment/FloorTerrain/Chapter 01 Visual Replacement V3/Repair Hub connected service machinery/VR3_shortwallmetalplatesstraight/VR3_shortwallmetalplatesstraight(Clone)	(22, 1.29999983, 57.8075027)	(3.81469727E-06, 2.59999967, 0.8350067)	Assets/_Game/Content/VisualReplacementV3/Materials/VR3_IndustrialTrimAtlas.mat	Assets/_Game/Content/VisualReplacementV3/Models/VR3_shortwallmetalplatesstraight.fbx
S01 Composition Root/Chapter 01 Visual Environment/FloorTerrain/Chapter 01 Visual Replacement V3/Repair Hub connected service machinery/VR3_shortwallmetalplatesstraight/VR3_shortwallmetalplatesstraight(Clone)	(26, 1.29999983, 57.8075027)	(3.81469727E-06, 2.59999967, 0.8350067)	Assets/_Game/Content/VisualReplacementV3/Materials/VR3_IndustrialTrimAtlas.mat	Assets/_Game/Content/VisualReplacementV3/Models/VR3_shortwallmetalplatesstraight.fbx
S01 Composition Root/Chapter 01 Visual Environment/FloorTerrain/Chapter 01 Visual Replacement V3/Repair Hub connected service machinery/VR3_cryotube/VR3_cryotube(Clone)	(-6.0666666, 1.89365983, 59.9998627)	(1.82183838, 3.78732, 2.67132545)	Assets/_Game/Content/VisualReplacementV3/Materials/VR3_WornIndustrialAtlas.mat	Assets/_Game/Content/VisualReplacementV3/Models/VR3_cryotube.fbx
S01 Composition Root/Chapter 01 Visual Environment/FloorTerrain/Chapter 01 Visual Replacement V3/Repair Hub connected service machinery/VR3_cryotube/VR3_cryotube(Clone)	(-6.0666666, 1.89365983, 65.99986)	(1.82183838, 3.78732, 2.67132545)	Assets/_Game/Content/VisualReplacementV3/Materials/VR3_WornIndustrialAtlas.mat	Assets/_Game/Content/VisualReplacementV3/Models/VR3_cryotube.fbx
S01 Composition Root/Chapter 01 Visual Environment/FloorTerrain/Chapter 01 Visual Replacement V3/Repair Hub connected service machinery/VR3_cryotube/VR3_cryotube(Clone)	(-6.0666666, 1.89365983, 71.99986)	(1.82183838, 3.78732, 2.67132545)	Assets/_Game/Content/VisualReplacementV3/Materials/VR3_WornIndustrialAtlas.mat	Assets/_Game/Content/VisualReplacementV3/Models/VR3_cryotube.fbx
S01 Composition Root/Chapter 01 Visual Environment/FloorTerrain/Chapter 01 Visual Replacement V3/Repair Hub connected service machinery/VR3_cryotube/VR3_cryotube(Clone)	(-6.0666666, 1.89365983, 76.99986)	(1.82183838, 3.78732, 2.67132545)	Assets/_Game/Content/VisualReplacementV3/Materials/VR3_WornIndustrialAtlas.mat	Assets/_Game/Content/VisualReplacementV3/Models/VR3_cryotube.fbx
S01 Composition Root/Chapter 01 Visual Environment/FloorTerrain/Chapter 01 Visual Replacement V3/Repair Hub connected service machinery/VR3_shortwallmetalplatesstraight/VR3_shortwallmetalplatesstraight(Clone)	(-4.6, 1.81999958, 57.8075027)	(3.81469727E-06, 3.63999939, 0.8350067)	Assets/_Game/Content/VisualReplacementV3/Materials/VR3_IndustrialTrimAtlas.mat	Assets/_Game/Content/VisualReplacementV3/Models/VR3_shortwallmetalplatesstraight.fbx
S01 Composition Root/Chapter 01 Visual Environment/FloorTerrain/Chapter 01 Visual Replacement V3/Repair Hub connected service machinery/VR3_columnpipes/VR3_columnpipes(Clone)	(-2.884871, 2.16974974, 57.99993)	(1.0446353, 4.33949947, 0.8958893)	Assets/_Game/Content/VisualReplacementV3/Materials/VR3_IndustrialTrimAtlas.mat	Assets/_Game/Content/VisualReplacementV3/Models/VR3_columnpipes.fbx
S01 Composition Root/Chapter 01 Visual Environment/FloorTerrain/Chapter 01 Visual Replacement V3/Repair Hub connected service machinery/VR3_cryotube/VR3_cryotube(Clone)	(6.0666666, 1.89365983, 59.9998627)	(1.82183838, 3.78732, 2.67132545)	Assets/_Game/Content/VisualReplacementV3/Materials/VR3_WornIndustrialAtlas.mat	Assets/_Game/Content/VisualReplacementV3/Models/VR3_cryotube.fbx
S01 Composition Root/Chapter 01 Visual Environment/FloorTerrain/Chapter 01 Visual Replacement V3/Repair Hub connected service machinery/VR3_cryotube/VR3_cryotube(Clone)	(6.0666666, 1.89365983, 65.99986)	(1.82183838, 3.78732, 2.67132545)	Assets/_Game/Content/VisualReplacementV3/Materials/VR3_WornIndustrialAtlas.mat	Assets/_Game/Content/VisualReplacementV3/Models/VR3_cryotube.fbx
S01 Composition Root/Chapter 01 Visual Environment/FloorTerrain/Chapter 01 Visual Replacement V3/Repair Hub connected service machinery/VR3_cryotube/VR3_cryotube(Clone)	(6.0666666, 1.89365983, 71.99986)	(1.82183838, 3.78732, 2.67132545)	Assets/_Game/Content/VisualReplacementV3/Materials/VR3_WornIndustrialAtlas.mat	Assets/_Game/Content/VisualReplacementV3/Models/VR3_cryotube.fbx
S01 Composition Root/Chapter 01 Visual Environment/FloorTerrain/Chapter 01 Visual Replacement V3/Repair Hub connected service machinery/VR3_cryotube/VR3_cryotube(Clone)	(6.0666666, 1.89365983, 76.99986)	(1.82183838, 3.78732, 2.67132545)	Assets/_Game/Content/VisualReplacementV3/Materials/VR3_WornIndustrialAtlas.mat	Assets/_Game/Content/VisualReplacementV3/Models/VR3_cryotube.fbx
S01 Composition Root/Chapter 01 Visual Environment/FloorTerrain/Chapter 01 Visual Replacement V3/Repair Hub connected service machinery/VR3_shortwallmetalplatesstraight/VR3_shortwallmetalplatesstraight(Clone)	(4.6, 1.81999958, 57.8075027)	(3.81469727E-06, 3.63999939, 0.8350067)	Assets/_Game/Content/VisualReplacementV3/Materials/VR3_IndustrialTrimAtlas.mat	Assets/_Game/Content/VisualReplacementV3/Models/VR3_shortwallmetalplatesstraight.fbx
S01 Composition Root/Chapter 01 Visual Environment/FloorTerrain/Chapter 01 Visual Replacement V3/Repair Hub connected service machinery/VR3_columnpipes/VR3_columnpipes(Clone)	(3.035129, 2.16974974, 57.99993)	(1.0446353, 4.33949947, 0.8958893)	Assets/_Game/Content/VisualReplacementV3/Materials/VR3_IndustrialTrimAtlas.mat	Assets/_Game/Content/VisualReplacementV3/Models/VR3_columnpipes.fbx
S01 Composition Root/Chapter 01 Visual Environment/FloorTerrain/Chapter 01 Visual Replacement V3/Repair Hub connected service machinery/VR3_shortwallmetalplatesstraight/VR3_shortwallmetalplatesstraight(Clone)	(-24, 1.94999969, 77.8075)	(3.81469727E-06, 3.89999962, 0.8350067)	Assets/_Game/Content/VisualReplacementV3/Materials/VR3_IndustrialTrimAtlas.mat	Assets/_Game/Content/VisualReplacementV3/Models/VR3_shortwallmetalplatesstraight.fbx
S01 Composition Root/Chapter 01 Visual Environment/FloorTerrain/Chapter 01 Visual Replacement V3/Repair Hub connected service machinery/VR3_shortwallmetalplatesstraight/VR3_shortwallmetalplatesstraight(Clone)	(-16, 1.94999969, 77.8075)	(3.81469727E-06, 3.89999962, 0.8350067)	Assets/_Game/Content/VisualReplacementV3/Materials/VR3_IndustrialTrimAtlas.mat	Assets/_Game/Content/VisualReplacementV3/Models/VR3_shortwallmetalplatesstraight.fbx
S01 Composition Root/Chapter 01 Visual Environment/FloorTerrain/Chapter 01 Visual Replacement V3/Repair Hub connected service machinery/VR3_shortwallmetalplatesstraight/VR3_shortwallmetalplatesstraight(Clone)	(-9.333333, 1.94999969, 77.8075)	(3.81469727E-06, 3.89999962, 0.8350067)	Assets/_Game/Content/VisualReplacementV3/Materials/VR3_IndustrialTrimAtlas.mat	Assets/_Game/Content/VisualReplacementV3/Models/VR3_shortwallmetalplatesstraight.fbx
S01 Composition Root/Chapter 01 Visual Environment/FloorTerrain/Chapter 01 Visual Replacement V3/Repair Hub connected service machinery/VR3_shortwallmetalplatesstraight/VR3_shortwallmetalplatesstraight(Clone)	(-6.66666651, 1.94999969, 77.8075)	(3.81469727E-06, 3.89999962, 0.8350067)	Assets/_Game/Content/VisualReplacementV3/Materials/VR3_IndustrialTrimAtlas.mat	Assets/_Game/Content/VisualReplacementV3/Models/VR3_shortwallmetalplatesstraight.fbx
S01 Composition Root/Chapter 01 Visual Environment/FloorTerrain/Chapter 01 Visual Replacement V3/Repair Hub connected service machinery/VR3_shortwallmetalplatesstraight/VR3_shortwallmetalplatesstraight(Clone)	(0, 1.94999969, 77.8075)	(3.81469727E-06, 3.89999962, 0.8350067)	Assets/_Game/Content/VisualReplacementV3/Materials/VR3_IndustrialTrimAtlas.mat	Assets/_Game/Content/VisualReplacementV3/Models/VR3_shortwallmetalplatesstraight.fbx
S01 Composition Root/Chapter 01 Visual Environment/FloorTerrain/Chapter 01 Visual Replacement V3/Repair Hub connected service machinery/VR3_shortwallmetalplatesstraight/VR3_shortwallmetalplatesstraight(Clone)	(6.66666651, 1.94999969, 77.8075)	(3.81469727E-06, 3.89999962, 0.8350067)	Assets/_Game/Content/VisualReplacementV3/Materials/VR3_IndustrialTrimAtlas.mat	Assets/_Game/Content/VisualReplacementV3/Models/VR3_shortwallmetalplatesstraight.fbx
S01 Composition Root/Chapter 01 Visual Environment/FloorTerrain/Chapter 01 Visual Replacement V3/Repair Hub connected service machinery/VR3_shortwallmetalplatesstraight/VR3_shortwallmetalplatesstraight(Clone)	(9.333333, 1.94999969, 77.8075)	(3.81469727E-06, 3.89999962, 0.8350067)	Assets/_Game/Content/VisualReplacementV3/Materials/VR3_IndustrialTrimAtlas.mat	Assets/_Game/Content/VisualReplacementV3/Models/VR3_shortwallmetalplatesstraight.fbx
S01 Composition Root/Chapter 01 Visual Environment/FloorTerrain/Chapter 01 Visual Replacement V3/Repair Hub connected service machinery/VR3_shortwallmetalplatesstraight/VR3_shortwallmetalplatesstraight(Clone)	(16, 1.94999969, 77.8075)	(3.81469727E-06, 3.89999962, 0.8350067)	Assets/_Game/Content/VisualReplacementV3/Materials/VR3_IndustrialTrimAtlas.mat	Assets/_Game/Content/VisualReplacementV3/Models/VR3_shortwallmetalplatesstraight.fbx
S01 Composition Root/Chapter 01 Visual Environment/FloorTerrain/Chapter 01 Visual Replacement V3/Repair Hub connected service machinery/VR3_shortwallmetalplatesstraight/VR3_shortwallmetalplatesstraight(Clone)	(24, 1.94999969, 77.8075)	(3.81469727E-06, 3.89999962, 0.8350067)	Assets/_Game/Content/VisualReplacementV3/Materials/VR3_IndustrialTrimAtlas.mat	Assets/_Game/Content/VisualReplacementV3/Models/VR3_shortwallmetalplatesstraight.fbx
S01 Composition Root/Chapter 01 Visual Environment/FloorTerrain/Chapter 01 Visual Replacement V3/Repair Hub connected service machinery/VR3_ServiceRun/VR3_ServiceRun(Clone)	(-3.8, 0.199999988, -29.8)	(4.00000048, 0.179999992, 0.6500005)	Assets/_Game/Content/VisualReplacementV3/Materials/VR3_WornIndustrialAtlas.mat	Assets/_Game/Content/VisualReplacementV3/Models/VR3_ServiceRun.fbx
S01 Composition Root/Chapter 01 Visual Environment/FloorTerrain/Chapter 01 Visual Replacement V3/Repair Hub connected service machinery/VR3_ServiceRun/VR3_ServiceRun(Clone)	(-5.7, 0.199999988, -27.8)	(0.65, 0.179999992, 4)	Assets/_Game/Content/VisualReplacementV3/Materials/VR3_WornIndustrialAtlas.mat	Assets/_Game/Content/VisualReplacementV3/Models/VR3_ServiceRun.fbx
S01 Composition Root/Chapter 01 Visual Environment/FloorTerrain/Chapter 01 Visual Replacement V3/Repair Hub connected service machinery/VR3_ServiceGrate/VR3_ServiceGrate(Clone)	(3.3, 0.190000013, -31)	(0.65, 0.099999994, 3.8)	Assets/_Game/Content/VisualReplacementV3/Materials/VR3_WornIndustrialAtlas.mat	Assets/_Game/Content/VisualReplacementV3/Models/VR3_ServiceGrate.fbx
S01 Composition Root/Chapter 01 Visual Environment/FloorTerrain/Chapter 01 Visual Replacement V3/Connected sector edge services/VR3_ServiceRun/VR3_ServiceRun(Clone)	(-4.9, 0.285, -30.5)	(0.68, 0.209999979, 3.2)	Assets/_Game/Content/VisualReplacementV3/Materials/VR3_WornIndustrialAtlas.mat	Assets/_Game/Content/VisualReplacementV3/Models/VR3_ServiceRun.fbx
S01 Composition Root/Chapter 01 Visual Environment/FloorTerrain/Chapter 01 Visual Replacement V3/Connected sector edge services/VR3_ServiceRun/VR3_ServiceRun(Clone)	(4.9, 0.285, -30.5)	(0.68, 0.209999979, 3.2)	Assets/_Game/Content/VisualReplacementV3/Materials/VR3_WornIndustrialAtlas.mat	Assets/_Game/Content/VisualReplacementV3/Models/VR3_ServiceRun.fbx
S01 Composition Root/Chapter 01 Visual Environment/FloorTerrain/Chapter 01 Visual Replacement V3/Connected sector edge services/VR3_ServiceRun/VR3_ServiceRun(Clone)	(-4.9, 0.285, -22.5)	(0.68, 0.209999979, 3.2)	Assets/_Game/Content/VisualReplacementV3/Materials/VR3_WornIndustrialAtlas.mat	Assets/_Game/Content/VisualReplacementV3/Models/VR3_ServiceRun.fbx
S01 Composition Root/Chapter 01 Visual Environment/FloorTerrain/Chapter 01 Visual Replacement V3/Connected sector edge services/VR3_ServiceRun/VR3_ServiceRun(Clone)	(4.9, 0.285, -22.5)	(0.68, 0.209999979, 3.2)	Assets/_Game/Content/VisualReplacementV3/Materials/VR3_WornIndustrialAtlas.mat	Assets/_Game/Content/VisualReplacementV3/Models/VR3_ServiceRun.fbx
S01 Composition Root/Chapter 01 Visual Environment/FloorTerrain/Chapter 01 Visual Replacement V3/Connected sector edge services/VR3_ServiceRun/VR3_ServiceRun(Clone)	(-4.9, 0.285, -15.1875)	(0.68, 0.209999979, 3.2)	Assets/_Game/Content/VisualReplacementV3/Materials/VR3_WornIndustrialAtlas.mat	Assets/_Game/Content/VisualReplacementV3/Models/VR3_ServiceRun.fbx
S01 Composition Root/Chapter 01 Visual Environment/FloorTerrain/Chapter 01 Visual Replacement V3/Connected sector edge services/VR3_ServiceRun/VR3_ServiceRun(Clone)	(4.9, 0.285, -15.1875)	(0.68, 0.209999979, 3.2)	Assets/_Game/Content/VisualReplacementV3/Materials/VR3_WornIndustrialAtlas.mat	Assets/_Game/Content/VisualReplacementV3/Models/VR3_ServiceRun.fbx
S01 Composition Root/Chapter 01 Visual Environment/FloorTerrain/Chapter 01 Visual Replacement V3/Connected sector edge services/VR3_ServiceRun/VR3_ServiceRun(Clone)	(-4.9, 0.285, -8.1875)	(0.68, 0.209999979, 3.2)	Assets/_Game/Content/VisualReplacementV3/Materials/VR3_WornIndustrialAtlas.mat	Assets/_Game/Content/VisualReplacementV3/Models/VR3_ServiceRun.fbx
S01 Composition Root/Chapter 01 Visual Environment/FloorTerrain/Chapter 01 Visual Replacement V3/Connected sector edge services/VR3_ServiceRun/VR3_ServiceRun(Clone)	(4.9, 0.285, -8.1875)	(0.68, 0.209999979, 3.2)	Assets/_Game/Content/VisualReplacementV3/Materials/VR3_WornIndustrialAtlas.mat	Assets/_Game/Content/VisualReplacementV3/Models/VR3_ServiceRun.fbx
S01 Composition Root/Chapter 01 Visual Environment/FloorTerrain/Chapter 01 Visual Replacement V3/Connected sector edge services/VR3_ServiceRun/VR3_ServiceRun(Clone)	(-4.9, 0.285, -3.9375)	(0.68, 0.209999979, 3.2)	Assets/_Game/Content/VisualReplacementV3/Materials/VR3_WornIndustrialAtlas.mat	Assets/_Game/Content/VisualReplacementV3/Models/VR3_ServiceRun.fbx
S01 Composition Root/Chapter 01 Visual Environment/FloorTerrain/Chapter 01 Visual Replacement V3/Connected sector edge services/VR3_ServiceRun/VR3_ServiceRun(Clone)	(4.9, 0.285, -3.9375)	(0.68, 0.209999979, 3.2)	Assets/_Game/Content/VisualReplacementV3/Materials/VR3_WornIndustrialAtlas.mat	Assets/_Game/Content/VisualReplacementV3/Models/VR3_ServiceRun.fbx
S01 Composition Root/Chapter 01 Visual Environment/FloorTerrain/Chapter 01 Visual Replacement V3/Connected sector edge services/VR3_ServiceRun/VR3_ServiceRun(Clone)	(-4.9, 0.285, -0.9375)	(0.68, 0.209999979, 3.2)	Assets/_Game/Content/VisualReplacementV3/Materials/VR3_WornIndustrialAtlas.mat	Assets/_Game/Content/VisualReplacementV3/Models/VR3_ServiceRun.fbx
S01 Composition Root/Chapter 01 Visual Environment/FloorTerrain/Chapter 01 Visual Replacement V3/Connected sector edge services/VR3_ServiceRun/VR3_ServiceRun(Clone)	(4.9, 0.285, -0.9375)	(0.68, 0.209999979, 3.2)	Assets/_Game/Content/VisualReplacementV3/Materials/VR3_WornIndustrialAtlas.mat	Assets/_Game/Content/VisualReplacementV3/Models/VR3_ServiceRun.fbx
S01 Composition Root/Chapter 01 Visual Environment/FloorTerrain/Chapter 01 Visual Replacement V3/Connected sector edge services/VR3_ServiceRun/VR3_ServiceRun(Clone)	(-4.9, 0.285, 5.5)	(0.68, 0.209999979, 3.2)	Assets/_Game/Content/VisualReplacementV3/Materials/VR3_WornIndustrialAtlas.mat	Assets/_Game/Content/VisualReplacementV3/Models/VR3_ServiceRun.fbx
S01 Composition Root/Chapter 01 Visual Environment/FloorTerrain/Chapter 01 Visual Replacement V3/Connected sector edge services/VR3_ServiceRun/VR3_ServiceRun(Clone)	(4.9, 0.285, 5.5)	(0.68, 0.209999979, 3.2)	Assets/_Game/Content/VisualReplacementV3/Materials/VR3_WornIndustrialAtlas.mat	Assets/_Game/Content/VisualReplacementV3/Models/VR3_ServiceRun.fbx
S01 Composition Root/Chapter 01 Visual Environment/FloorTerrain/Chapter 01 Visual Replacement V3/Connected sector edge services/VR3_ServiceRun/VR3_ServiceRun(Clone)	(-4.9, 0.285, 13.5)	(0.68, 0.209999979, 3.2)	Assets/_Game/Content/VisualReplacementV3/Materials/VR3_WornIndustrialAtlas.mat	Assets/_Game/Content/VisualReplacementV3/Models/VR3_ServiceRun.fbx
S01 Composition Root/Chapter 01 Visual Environment/FloorTerrain/Chapter 01 Visual Replacement V3/Connected sector edge services/VR3_ServiceRun/VR3_ServiceRun(Clone)	(4.9, 0.285, 13.5)	(0.68, 0.209999979, 3.2)	Assets/_Game/Content/VisualReplacementV3/Materials/VR3_WornIndustrialAtlas.mat	Assets/_Game/Content/VisualReplacementV3/Models/VR3_ServiceRun.fbx
S01 Composition Root/Chapter 01 Visual Environment/FloorTerrain/Chapter 01 Visual Replacement V3/Connected sector edge services/VR3_ServiceRun/VR3_ServiceRun(Clone)	(-4.9, 0.285, 17.5)	(0.68, 0.209999979, 3.2)	Assets/_Game/Content/VisualReplacementV3/Materials/VR3_WornIndustrialAtlas.mat	Assets/_Game/Content/VisualReplacementV3/Models/VR3_ServiceRun.fbx
S01 Composition Root/Chapter 01 Visual Environment/FloorTerrain/Chapter 01 Visual Replacement V3/Connected sector edge services/VR3_ServiceRun/VR3_ServiceRun(Clone)	(4.9, 0.285, 17.5)	(0.68, 0.209999979, 3.2)	Assets/_Game/Content/VisualReplacementV3/Materials/VR3_WornIndustrialAtlas.mat	Assets/_Game/Content/VisualReplacementV3/Models/VR3_ServiceRun.fbx
S01 Composition Root/Chapter 01 Visual Environment/FloorTerrain/Chapter 01 Visual Replacement V3/Damaged outside-wall industrial depth/VR3_topcablesstraight/VR3_topcablesstraight(Clone)	(-29, 0.125, -34)	(0.4, 1.35, 7.8)	Assets/_Game/Content/VisualReplacementV3/Materials/VR3_IndustrialTrimAtlas.mat	Assets/_Game/Content/VisualReplacementV3/Models/VR3_topcablesstraight.fbx
S01 Composition Root/Chapter 01 Visual Environment/FloorTerrain/Chapter 01 Visual Replacement V3/Damaged outside-wall industrial depth/VR3_generatorpilelarge/VR3_generatorpilelarge(Clone)	(-31.3, 1, -32)	(3.1106863, 2.7, 3.64985156)	Assets/_Game/Content/VisualReplacementV3/Materials/VR3_WornIndustrialAtlas.mat	Assets/_Game/Content/VisualReplacementV3/Models/VR3_generatorpilelarge.fbx
S01 Composition Root/Chapter 01 Visual Environment/FloorTerrain/Chapter 01 Visual Replacement V3/Damaged outside-wall industrial depth/VR3_topcablesstraight/VR3_topcablesstraight(Clone)	(29, 0.125, -34)	(0.4, 1.35, 7.8)	Assets/_Game/Content/VisualReplacementV3/Materials/VR3_IndustrialTrimAtlas.mat	Assets/_Game/Content/VisualReplacementV3/Models/VR3_topcablesstraight.fbx
S01 Composition Root/Chapter 01 Visual Environment/FloorTerrain/Chapter 01 Visual Replacement V3/Damaged outside-wall industrial depth/VR3_generatorpilelarge/VR3_generatorpilelarge(Clone)	(31.3, 1, -32)	(3.1106863, 2.7, 3.64985156)	Assets/_Game/Content/VisualReplacementV3/Materials/VR3_WornIndustrialAtlas.mat	Assets/_Game/Content/VisualReplacementV3/Models/VR3_generatorpilelarge.fbx
S01 Composition Root/Chapter 01 Visual Environment/FloorTerrain/Chapter 01 Visual Replacement V3/Damaged outside-wall industrial depth/VR3_topcablesstraight/VR3_topcablesstraight(Clone)	(-29, 0.125, -26)	(0.4, 1.35, 7.8)	Assets/_Game/Content/VisualReplacementV3/Materials/VR3_IndustrialTrimAtlas.mat	Assets/_Game/Content/VisualReplacementV3/Models/VR3_topcablesstraight.fbx
S01 Composition Root/Chapter 01 Visual Environment/FloorTerrain/Chapter 01 Visual Replacement V3/Damaged outside-wall industrial depth/VR3_topcablesstraight/VR3_topcablesstraight(Clone)	(29, 0.125, -26)	(0.4, 1.35, 7.8)	Assets/_Game/Content/VisualReplacementV3/Materials/VR3_IndustrialTrimAtlas.mat	Assets/_Game/Content/VisualReplacementV3/Models/VR3_topcablesstraight.fbx
S01 Composition Root/Chapter 01 Visual Environment/FloorTerrain/Chapter 01 Visual Replacement V3/Damaged outside-wall industrial depth/VR3_topcablesstraight/VR3_topcablesstraight(Clone)	(-29, 0.125, -18.25)	(0.4, 1.35, 7.8)	Assets/_Game/Content/VisualReplacementV3/Materials/VR3_IndustrialTrimAtlas.mat	Assets/_Game/Content/VisualReplacementV3/Models/VR3_topcablesstraight.fbx
S01 Composition Root/Chapter 01 Visual Environment/FloorTerrain/Chapter 01 Visual Replacement V3/Damaged outside-wall industrial depth/VR3_generatorpilelarge/VR3_generatorpilelarge(Clone)	(-31.3, 1, -16.5)	(3.1106863, 2.7, 3.64985156)	Assets/_Game/Content/VisualReplacementV3/Materials/VR3_WornIndustrialAtlas.mat	Assets/_Game/Content/VisualReplacementV3/Models/VR3_generatorpilelarge.fbx
S01 Composition Root/Chapter 01 Visual Environment/FloorTerrain/Chapter 01 Visual Replacement V3/Damaged outside-wall industrial depth/VR3_topcablesstraight/VR3_topcablesstraight(Clone)	(29, 0.125, -18.25)	(0.4, 1.35, 7.8)	Assets/_Game/Content/VisualReplacementV3/Materials/VR3_IndustrialTrimAtlas.mat	Assets/_Game/Content/VisualReplacementV3/Models/VR3_topcablesstraight.fbx
S01 Composition Root/Chapter 01 Visual Environment/FloorTerrain/Chapter 01 Visual Replacement V3/Damaged outside-wall industrial depth/VR3_generatorpilelarge/VR3_generatorpilelarge(Clone)	(31.3, 1, -16.5)	(3.1106863, 2.7, 3.64985156)	Assets/_Game/Content/VisualReplacementV3/Materials/VR3_WornIndustrialAtlas.mat	Assets/_Game/Content/VisualReplacementV3/Models/VR3_generatorpilelarge.fbx
S01 Composition Root/Chapter 01 Visual Environment/FloorTerrain/Chapter 01 Visual Replacement V3/Damaged outside-wall industrial depth/VR3_topcablesstraight/VR3_topcablesstraight(Clone)	(-29, 0.125, -11.25)	(0.4, 1.35, 7.8)	Assets/_Game/Content/VisualReplacementV3/Materials/VR3_IndustrialTrimAtlas.mat	Assets/_Game/Content/VisualReplacementV3/Models/VR3_topcablesstraight.fbx
S01 Composition Root/Chapter 01 Visual Environment/FloorTerrain/Chapter 01 Visual Replacement V3/Damaged outside-wall industrial depth/VR3_topcablesstraight/VR3_topcablesstraight(Clone)	(29, 0.125, -11.25)	(0.4, 1.35, 7.8)	Assets/_Game/Content/VisualReplacementV3/Materials/VR3_IndustrialTrimAtlas.mat	Assets/_Game/Content/VisualReplacementV3/Models/VR3_topcablesstraight.fbx
S01 Composition Root/Chapter 01 Visual Environment/FloorTerrain/Chapter 01 Visual Replacement V3/Damaged outside-wall industrial depth/VR3_topcablesstraight/VR3_topcablesstraight(Clone)	(-29, 0.125, -5.25)	(0.4, 1.35, 7.8)	Assets/_Game/Content/VisualReplacementV3/Materials/VR3_IndustrialTrimAtlas.mat	Assets/_Game/Content/VisualReplacementV3/Models/VR3_topcablesstraight.fbx
S01 Composition Root/Chapter 01 Visual Environment/FloorTerrain/Chapter 01 Visual Replacement V3/Damaged outside-wall industrial depth/VR3_generatorpilelarge/VR3_generatorpilelarge(Clone)	(-31.3, 1, -4.50000048)	(3.1106863, 2.7, 3.64985156)	Assets/_Game/Content/VisualReplacementV3/Materials/VR3_WornIndustrialAtlas.mat	Assets/_Game/Content/VisualReplacementV3/Models/VR3_generatorpilelarge.fbx
S01 Composition Root/Chapter 01 Visual Environment/FloorTerrain/Chapter 01 Visual Replacement V3/Damaged outside-wall industrial depth/VR3_topcablesstraight/VR3_topcablesstraight(Clone)	(29, 0.125, -5.25)	(0.4, 1.35, 7.8)	Assets/_Game/Content/VisualReplacementV3/Materials/VR3_IndustrialTrimAtlas.mat	Assets/_Game/Content/VisualReplacementV3/Models/VR3_topcablesstraight.fbx
S01 Composition Root/Chapter 01 Visual Environment/FloorTerrain/Chapter 01 Visual Replacement V3/Damaged outside-wall industrial depth/VR3_generatorpilelarge/VR3_generatorpilelarge(Clone)	(31.3, 1, -4.50000048)	(3.1106863, 2.7, 3.64985156)	Assets/_Game/Content/VisualReplacementV3/Materials/VR3_WornIndustrialAtlas.mat	Assets/_Game/Content/VisualReplacementV3/Models/VR3_generatorpilelarge.fbx
S01 Composition Root/Chapter 01 Visual Environment/FloorTerrain/Chapter 01 Visual Replacement V3/Damaged outside-wall industrial depth/VR3_topcablesstraight/VR3_topcablesstraight(Clone)	(-29, 0.125, -2.25000024)	(0.4, 1.35, 7.8)	Assets/_Game/Content/VisualReplacementV3/Materials/VR3_IndustrialTrimAtlas.mat	Assets/_Game/Content/VisualReplacementV3/Models/VR3_topcablesstraight.fbx
S01 Composition Root/Chapter 01 Visual Environment/FloorTerrain/Chapter 01 Visual Replacement V3/Damaged outside-wall industrial depth/VR3_topcablesstraight/VR3_topcablesstraight(Clone)	(29, 0.125, -2.25000024)	(0.4, 1.35, 7.8)	Assets/_Game/Content/VisualReplacementV3/Materials/VR3_IndustrialTrimAtlas.mat	Assets/_Game/Content/VisualReplacementV3/Models/VR3_topcablesstraight.fbx
S01 Composition Root/Chapter 01 Visual Environment/FloorTerrain/Chapter 01 Visual Replacement V3/Damaged outside-wall industrial depth/VR3_topcablesstraight/VR3_topcablesstraight(Clone)	(-29, 0.125, 2.00000024)	(0.4, 1.35, 7.8)	Assets/_Game/Content/VisualReplacementV3/Materials/VR3_IndustrialTrimAtlas.mat	Assets/_Game/Content/VisualReplacementV3/Models/VR3_topcablesstraight.fbx
S01 Composition Root/Chapter 01 Visual Environment/FloorTerrain/Chapter 01 Visual Replacement V3/Damaged outside-wall industrial depth/VR3_generatorpilelarge/VR3_generatorpilelarge(Clone)	(-31.3, 1, 4)	(3.1106863, 2.7, 3.64985156)	Assets/_Game/Content/VisualReplacementV3/Materials/VR3_WornIndustrialAtlas.mat	Assets/_Game/Content/VisualReplacementV3/Models/VR3_generatorpilelarge.fbx
S01 Composition Root/Chapter 01 Visual Environment/FloorTerrain/Chapter 01 Visual Replacement V3/Damaged outside-wall industrial depth/VR3_topcablesstraight/VR3_topcablesstraight(Clone)	(29, 0.125, 2.00000024)	(0.4, 1.35, 7.8)	Assets/_Game/Content/VisualReplacementV3/Materials/VR3_IndustrialTrimAtlas.mat	Assets/_Game/Content/VisualReplacementV3/Models/VR3_topcablesstraight.fbx
S01 Composition Root/Chapter 01 Visual Environment/FloorTerrain/Chapter 01 Visual Replacement V3/Damaged outside-wall industrial depth/VR3_generatorpilelarge/VR3_generatorpilelarge(Clone)	(31.3, 1, 4)	(3.1106863, 2.7, 3.64985156)	Assets/_Game/Content/VisualReplacementV3/Materials/VR3_WornIndustrialAtlas.mat	Assets/_Game/Content/VisualReplacementV3/Models/VR3_generatorpilelarge.fbx
S01 Composition Root/Chapter 01 Visual Environment/FloorTerrain/Chapter 01 Visual Replacement V3/Damaged outside-wall industrial depth/VR3_topcablesstraight/VR3_topcablesstraight(Clone)	(-29, 0.125, 10)	(0.4, 1.35, 7.8)	Assets/_Game/Content/VisualReplacementV3/Materials/VR3_IndustrialTrimAtlas.mat	Assets/_Game/Content/VisualReplacementV3/Models/VR3_topcablesstraight.fbx
S01 Composition Root/Chapter 01 Visual Environment/FloorTerrain/Chapter 01 Visual Replacement V3/Damaged outside-wall industrial depth/VR3_topcablesstraight/VR3_topcablesstraight(Clone)	(29, 0.125, 10)	(0.4, 1.35, 7.8)	Assets/_Game/Content/VisualReplacementV3/Materials/VR3_IndustrialTrimAtlas.mat	Assets/_Game/Content/VisualReplacementV3/Models/VR3_topcablesstraight.fbx
S01 Composition Root/Chapter 01 Visual Environment/FloorTerrain/Chapter 01 Visual Replacement V3/Damaged outside-wall industrial depth/VR3_topcablesstraight/VR3_topcablesstraight(Clone)	(-29, 0.125, 16)	(0.4, 1.35, 7.8)	Assets/_Game/Content/VisualReplacementV3/Materials/VR3_IndustrialTrimAtlas.mat	Assets/_Game/Content/VisualReplacementV3/Models/VR3_topcablesstraight.fbx
S01 Composition Root/Chapter 01 Visual Environment/FloorTerrain/Chapter 01 Visual Replacement V3/Damaged outside-wall industrial depth/VR3_generatorpilelarge/VR3_generatorpilelarge(Clone)	(-31.3, 1, 16)	(3.1106863, 2.7, 3.64985156)	Assets/_Game/Content/VisualReplacementV3/Materials/VR3_WornIndustrialAtlas.mat	Assets/_Game/Content/VisualReplacementV3/Models/VR3_generatorpilelarge.fbx
S01 Composition Root/Chapter 01 Visual Environment/FloorTerrain/Chapter 01 Visual Replacement V3/Damaged outside-wall industrial depth/VR3_topcablesstraight/VR3_topcablesstraight(Clone)	(29, 0.125, 16)	(0.4, 1.35, 7.8)	Assets/_Game/Content/VisualReplacementV3/Materials/VR3_IndustrialTrimAtlas.mat	Assets/_Game/Content/VisualReplacementV3/Models/VR3_topcablesstraight.fbx
S01 Composition Root/Chapter 01 Visual Environment/FloorTerrain/Chapter 01 Visual Replacement V3/Damaged outside-wall industrial depth/VR3_generatorpilelarge/VR3_generatorpilelarge(Clone)	(31.3, 1, 16)	(3.1106863, 2.7, 3.64985156)	Assets/_Game/Content/VisualReplacementV3/Materials/VR3_WornIndustrialAtlas.mat	Assets/_Game/Content/VisualReplacementV3/Models/VR3_generatorpilelarge.fbx
S01 Composition Root/Chapter 01 Visual Environment/FloorTerrain/Chapter 01 Visual Replacement V3/Damaged outside-wall industrial depth/VR3_topcablesstraight/VR3_topcablesstraight(Clone)	(-29, 0.125, 22)	(0.4, 1.35, 7.8)	Assets/_Game/Content/VisualReplacementV3/Materials/VR3_IndustrialTrimAtlas.mat	Assets/_Game/Content/VisualReplacementV3/Models/VR3_topcablesstraight.fbx
S01 Composition Root/Chapter 01 Visual Environment/FloorTerrain/Chapter 01 Visual Replacement V3/Damaged outside-wall industrial depth/VR3_topcablesstraight/VR3_topcablesstraight(Clone)	(29, 0.125, 22)	(0.4, 1.35, 7.8)	Assets/_Game/Content/VisualReplacementV3/Materials/VR3_IndustrialTrimAtlas.mat	Assets/_Game/Content/VisualReplacementV3/Models/VR3_topcablesstraight.fbx
S01 Composition Root/Chapter 01 Visual Environment/FloorTerrain/Chapter 01 Visual Replacement V3/Damaged outside-wall industrial depth/VR3_topcablesstraight/VR3_topcablesstraight(Clone)	(-29, 0.125, 30)	(0.4, 1.35, 7.8)	Assets/_Game/Content/VisualReplacementV3/Materials/VR3_IndustrialTrimAtlas.mat	Assets/_Game/Content/VisualReplacementV3/Models/VR3_topcablesstraight.fbx
S01 Composition Root/Chapter 01 Visual Environment/FloorTerrain/Chapter 01 Visual Replacement V3/Damaged outside-wall industrial depth/VR3_generatorpilelarge/VR3_generatorpilelarge(Clone)	(-31.3, 1, 32)	(3.1106863, 2.7, 3.64985156)	Assets/_Game/Content/VisualReplacementV3/Materials/VR3_WornIndustrialAtlas.mat	Assets/_Game/Content/VisualReplacementV3/Models/VR3_generatorpilelarge.fbx
S01 Composition Root/Chapter 01 Visual Environment/FloorTerrain/Chapter 01 Visual Replacement V3/Damaged outside-wall industrial depth/VR3_topcablesstraight/VR3_topcablesstraight(Clone)	(29, 0.125, 30)	(0.4, 1.35, 7.8)	Assets/_Game/Content/VisualReplacementV3/Materials/VR3_IndustrialTrimAtlas.mat	Assets/_Game/Content/VisualReplacementV3/Models/VR3_topcablesstraight.fbx
S01 Composition Root/Chapter 01 Visual Environment/FloorTerrain/Chapter 01 Visual Replacement V3/Damaged outside-wall industrial depth/VR3_generatorpilelarge/VR3_generatorpilelarge(Clone)	(31.3, 1, 32)	(3.1106863, 2.7, 3.64985156)	Assets/_Game/Content/VisualReplacementV3/Materials/VR3_WornIndustrialAtlas.mat	Assets/_Game/Content/VisualReplacementV3/Models/VR3_generatorpilelarge.fbx
S01 Composition Root/Chapter 01 Visual Environment/FloorTerrain/Chapter 01 Visual Replacement V3/Damaged outside-wall industrial depth/VR3_topcablesstraight/VR3_topcablesstraight(Clone)	(-29, 0.125, 35)	(0.4, 1.35, 7.8)	Assets/_Game/Content/VisualReplacementV3/Materials/VR3_IndustrialTrimAtlas.mat	Assets/_Game/Content/VisualReplacementV3/Models/VR3_topcablesstraight.fbx
S01 Composition Root/Chapter 01 Visual Environment/FloorTerrain/Chapter 01 Visual Replacement V3/Damaged outside-wall industrial depth/VR3_topcablesstraight/VR3_topcablesstraight(Clone)	(29, 0.125, 35)	(0.4, 1.35, 7.8)	Assets/_Game/Content/VisualReplacementV3/Materials/VR3_IndustrialTrimAtlas.mat	Assets/_Game/Content/VisualReplacementV3/Models/VR3_topcablesstraight.fbx
S01 Composition Root/Chapter 01 Visual Environment/FloorTerrain/Chapter 01 Visual Replacement V3/Damaged outside-wall industrial depth/VR3_topcablesstraight/VR3_topcablesstraight(Clone)	(-29, 0.125, 40)	(0.4, 1.35, 7.8)	Assets/_Game/Content/VisualReplacementV3/Materials/VR3_IndustrialTrimAtlas.mat	Assets/_Game/Content/VisualReplacementV3/Models/VR3_topcablesstraight.fbx
S01 Composition Root/Chapter 01 Visual Environment/FloorTerrain/Chapter 01 Visual Replacement V3/Damaged outside-wall industrial depth/VR3_generatorpilelarge/VR3_generatorpilelarge(Clone)	(-31.3, 1, 42)	(3.1106863, 2.7, 3.64985156)	Assets/_Game/Content/VisualReplacementV3/Materials/VR3_WornIndustrialAtlas.mat	Assets/_Game/Content/VisualReplacementV3/Models/VR3_generatorpilelarge.fbx
S01 Composition Root/Chapter 01 Visual Environment/FloorTerrain/Chapter 01 Visual Replacement V3/Damaged outside-wall industrial depth/VR3_topcablesstraight/VR3_topcablesstraight(Clone)	(29, 0.125, 40)	(0.4, 1.35, 7.8)	Assets/_Game/Content/VisualReplacementV3/Materials/VR3_IndustrialTrimAtlas.mat	Assets/_Game/Content/VisualReplacementV3/Models/VR3_topcablesstraight.fbx
S01 Composition Root/Chapter 01 Visual Environment/FloorTerrain/Chapter 01 Visual Replacement V3/Damaged outside-wall industrial depth/VR3_generatorpilelarge/VR3_generatorpilelarge(Clone)	(31.3, 1, 42)	(3.1106863, 2.7, 3.64985156)	Assets/_Game/Content/VisualReplacementV3/Materials/VR3_WornIndustrialAtlas.mat	Assets/_Game/Content/VisualReplacementV3/Models/VR3_generatorpilelarge.fbx
S01 Composition Root/Chapter 01 Visual Environment/FloorTerrain/Chapter 01 Visual Replacement V3/Damaged outside-wall industrial depth/VR3_topcablesstraight/VR3_topcablesstraight(Clone)	(-29, 0.125, 48)	(0.4, 1.35, 7.8)	Assets/_Game/Content/VisualReplacementV3/Materials/VR3_IndustrialTrimAtlas.mat	Assets/_Game/Content/VisualReplacementV3/Models/VR3_topcablesstraight.fbx
S01 Composition Root/Chapter 01 Visual Environment/FloorTerrain/Chapter 01 Visual Replacement V3/Damaged outside-wall industrial depth/VR3_topcablesstraight/VR3_topcablesstraight(Clone)	(29, 0.125, 48)	(0.4, 1.35, 7.8)	Assets/_Game/Content/VisualReplacementV3/Materials/VR3_IndustrialTrimAtlas.mat	Assets/_Game/Content/VisualReplacementV3/Models/VR3_topcablesstraight.fbx
S01 Composition Root/Chapter 01 Visual Environment/FloorTerrain/Chapter 01 Visual Replacement V3/Damaged outside-wall industrial depth/VR3_topcablesstraight/VR3_topcablesstraight(Clone)	(-29, 0.125, 56)	(0.4, 1.35, 7.8)	Assets/_Game/Content/VisualReplacementV3/Materials/VR3_IndustrialTrimAtlas.mat	Assets/_Game/Content/VisualReplacementV3/Models/VR3_topcablesstraight.fbx
S01 Composition Root/Chapter 01 Visual Environment/FloorTerrain/Chapter 01 Visual Replacement V3/Damaged outside-wall industrial depth/VR3_generatorpilelarge/VR3_generatorpilelarge(Clone)	(-31.3, 1, 58)	(3.1106863, 2.7, 3.64985156)	Assets/_Game/Content/VisualReplacementV3/Materials/VR3_WornIndustrialAtlas.mat	Assets/_Game/Content/VisualReplacementV3/Models/VR3_generatorpilelarge.fbx
S01 Composition Root/Chapter 01 Visual Environment/FloorTerrain/Chapter 01 Visual Replacement V3/Damaged outside-wall industrial depth/VR3_topcablesstraight/VR3_topcablesstraight(Clone)	(29, 0.125, 56)	(0.4, 1.35, 7.8)	Assets/_Game/Content/VisualReplacementV3/Materials/VR3_IndustrialTrimAtlas.mat	Assets/_Game/Content/VisualReplacementV3/Models/VR3_topcablesstraight.fbx
S01 Composition Root/Chapter 01 Visual Environment/FloorTerrain/Chapter 01 Visual Replacement V3/Damaged outside-wall industrial depth/VR3_generatorpilelarge/VR3_generatorpilelarge(Clone)	(31.3, 1, 58)	(3.1106863, 2.7, 3.64985156)	Assets/_Game/Content/VisualReplacementV3/Materials/VR3_WornIndustrialAtlas.mat	Assets/_Game/Content/VisualReplacementV3/Models/VR3_generatorpilelarge.fbx
S01 Composition Root/Chapter 01 Visual Environment/FloorTerrain/Chapter 01 Visual Replacement V3/Damaged outside-wall industrial depth/VR3_topcablesstraight/VR3_topcablesstraight(Clone)	(-29, 0.125, 64)	(0.4, 1.35, 7.8)	Assets/_Game/Content/VisualReplacementV3/Materials/VR3_IndustrialTrimAtlas.mat	Assets/_Game/Content/VisualReplacementV3/Models/VR3_topcablesstraight.fbx
S01 Composition Root/Chapter 01 Visual Environment/FloorTerrain/Chapter 01 Visual Replacement V3/Damaged outside-wall industrial depth/VR3_topcablesstraight/VR3_topcablesstraight(Clone)	(29, 0.125, 64)	(0.4, 1.35, 7.8)	Assets/_Game/Content/VisualReplacementV3/Materials/VR3_IndustrialTrimAtlas.mat	Assets/_Game/Content/VisualReplacementV3/Models/VR3_topcablesstraight.fbx
S01 Composition Root/Chapter 01 Visual Environment/FloorTerrain/Chapter 01 Visual Replacement V3/Damaged outside-wall industrial depth/VR3_topcablesstraight/VR3_topcablesstraight(Clone)	(-29, 0.125, 72)	(0.4, 1.35, 7.8)	Assets/_Game/Content/VisualReplacementV3/Materials/VR3_IndustrialTrimAtlas.mat	Assets/_Game/Content/VisualReplacementV3/Models/VR3_topcablesstraight.fbx
S01 Composition Root/Chapter 01 Visual Environment/FloorTerrain/Chapter 01 Visual Replacement V3/Damaged outside-wall industrial depth/VR3_generatorpilelarge/VR3_generatorpilelarge(Clone)	(-31.3, 1, 74)	(3.1106863, 2.7, 3.64985156)	Assets/_Game/Content/VisualReplacementV3/Materials/VR3_WornIndustrialAtlas.mat	Assets/_Game/Content/VisualReplacementV3/Models/VR3_generatorpilelarge.fbx
S01 Composition Root/Chapter 01 Visual Environment/FloorTerrain/Chapter 01 Visual Replacement V3/Damaged outside-wall industrial depth/VR3_topcablesstraight/VR3_topcablesstraight(Clone)	(29, 0.125, 72)	(0.4, 1.35, 7.8)	Assets/_Game/Content/VisualReplacementV3/Materials/VR3_IndustrialTrimAtlas.mat	Assets/_Game/Content/VisualReplacementV3/Models/VR3_topcablesstraight.fbx
S01 Composition Root/Chapter 01 Visual Environment/FloorTerrain/Chapter 01 Visual Replacement V3/Damaged outside-wall industrial depth/VR3_generatorpilelarge/VR3_generatorpilelarge(Clone)	(31.3, 1, 74)	(3.1106863, 2.7, 3.64985156)	Assets/_Game/Content/VisualReplacementV3/Materials/VR3_WornIndustrialAtlas.mat	Assets/_Game/Content/VisualReplacementV3/Models/VR3_generatorpilelarge.fbx
S01 Composition Root/Chapter 01 Visual Environment/FloorTerrain/Chapter 01 Visual Replacement V3/Industrial threshold cladding/VR3_propventbig/VR3_propventbig(Clone)	(-5.2, 1.4749999, -24)	(1.70000041, 0.149999991, 0.600000262)	Assets/_Game/Content/VisualReplacementV3/Materials/VR3_IndustrialTrimAtlas.mat	Assets/_Game/Content/VisualReplacementV3/Models/VR3_propventbig.fbx
S01 Composition Root/Chapter 01 Visual Environment/FloorTerrain/Chapter 01 Visual Replacement V3/Industrial threshold cladding/VR3_propventbig/VR3_propventbig(Clone)	(5.2, 1.4749999, -24)	(1.70000041, 0.149999991, 0.600000262)	Assets/_Game/Content/VisualReplacementV3/Materials/VR3_IndustrialTrimAtlas.mat	Assets/_Game/Content/VisualReplacementV3/Models/VR3_propventbig.fbx
S01 Composition Root/Chapter 01 Visual Environment/FloorTerrain/Chapter 01 Visual Replacement V3/Industrial threshold cladding/VR3_propventbig/VR3_propventbig(Clone)	(-5.2, 1.4749999, -4.5)	(1.70000041, 0.149999991, 0.600000262)	Assets/_Game/Content/VisualReplacementV3/Materials/VR3_IndustrialTrimAtlas.mat	Assets/_Game/Content/VisualReplacementV3/Models/VR3_propventbig.fbx
S01 Composition Root/Chapter 01 Visual Environment/FloorTerrain/Chapter 01 Visual Replacement V3/Industrial threshold cladding/VR3_propventbig/VR3_propventbig(Clone)	(5.2, 1.4749999, -4.5)	(1.70000041, 0.149999991, 0.600000262)	Assets/_Game/Content/VisualReplacementV3/Materials/VR3_IndustrialTrimAtlas.mat	Assets/_Game/Content/VisualReplacementV3/Models/VR3_propventbig.fbx
S01 Composition Root/Chapter 01 Visual Environment/FloorTerrain/Chapter 01 Visual Replacement V3/Industrial threshold cladding/VR3_propventbig/VR3_propventbig(Clone)	(-5.2, 1.4749999, 12)	(1.70000041, 0.149999991, 0.600000262)	Assets/_Game/Content/VisualReplacementV3/Materials/VR3_IndustrialTrimAtlas.mat	Assets/_Game/Content/VisualReplacementV3/Models/VR3_propventbig.fbx
S01 Composition Root/Chapter 01 Visual Environment/FloorTerrain/Chapter 01 Visual Replacement V3/Industrial threshold cladding/VR3_propventbig/VR3_propventbig(Clone)	(5.2, 1.4749999, 12)	(1.70000041, 0.149999991, 0.600000262)	Assets/_Game/Content/VisualReplacementV3/Materials/VR3_IndustrialTrimAtlas.mat	Assets/_Game/Content/VisualReplacementV3/Models/VR3_propventbig.fbx
S01 Composition Root/Chapter 01 Visual Environment/FloorTerrain/Chapter 01 Visual Replacement V3/Industrial threshold cladding/VR3_propventbig/VR3_propventbig(Clone)	(-4.7, 1.4749999, 58)	(1.70000041, 0.149999991, 0.600000262)	Assets/_Game/Content/VisualReplacementV3/Materials/VR3_IndustrialTrimAtlas.mat	Assets/_Game/Content/VisualReplacementV3/Models/VR3_propventbig.fbx
S01 Composition Root/Chapter 01 Visual Environment/FloorTerrain/Chapter 01 Visual Replacement V3/Industrial threshold cladding/VR3_propventbig/VR3_propventbig(Clone)	(4.7, 1.4749999, 58)	(1.70000041, 0.149999991, 0.600000262)	Assets/_Game/Content/VisualReplacementV3/Materials/VR3_IndustrialTrimAtlas.mat	Assets/_Game/Content/VisualReplacementV3/Models/VR3_propventbig.fbx
S01 Composition Root/Chapter 01 Visual Environment/FloorTerrain/Chapter 01 Active Industrial Facility V45/Compact small-panel deck/VR3_platformdarkplates/VR3_platformdarkplates(Clone)	(-26, 0.07500039, -38)	(3.97, 7.788289E-07, 3.97000027)	Assets/_Game/Content/VisualReplacementV3/Materials/VR3_IndustrialTrimAtlas.mat	Assets/_Game/Content/VisualReplacementV3/Models/VR3_platformdarkplates.fbx
S01 Composition Root/Chapter 01 Visual Environment/FloorTerrain/Chapter 01 Active Industrial Facility V45/Compact small-panel deck/VR3_FracturedDeck/VR3_FracturedDeck(Clone)	(-26, 0.105, -34)	(3.97000027, 0.0599999949, 3.97000027)	Assets/_Game/Content/VisualReplacementV3/Materials/VR3_WornIndustrialAtlas.mat	Assets/_Game/Content/VisualReplacementV3/Models/VR3_FracturedDeck.fbx
S01 Composition Root/Chapter 01 Visual Environment/FloorTerrain/Chapter 01 Active Industrial Facility V45/Compact small-panel deck/VR3_FracturedDeck/VR3_FracturedDeck(Clone)	(-26, 0.105, -30)	(3.97000027, 0.0599999949, 3.97000027)	Assets/_Game/Content/VisualReplacementV3/Materials/VR3_WornIndustrialAtlas.mat	Assets/_Game/Content/VisualReplacementV3/Models/VR3_FracturedDeck.fbx
S01 Composition Root/Chapter 01 Visual Environment/FloorTerrain/Chapter 01 Active Industrial Facility V45/Compact small-panel deck/VR3_platformmetal/VR3_platformmetal(Clone)	(-26, 0.07500039, -26)	(3.97, 7.78828735E-07, 3.97)	Assets/_Game/Content/VisualReplacementV3/Materials/VR3_IndustrialTrimAtlas.mat	Assets/_Game/Content/VisualReplacementV3/Models/VR3_platformmetal.fbx
S01 Composition Root/Chapter 01 Visual Environment/FloorTerrain/Chapter 01 Active Industrial Facility V45/Compact small-panel deck/VR3_platformdarkplates/VR3_platformdarkplates(Clone)	(-26, 0.07500039, -22)	(3.97, 7.788289E-07, 3.97000027)	Assets/_Game/Content/VisualReplacementV3/Materials/VR3_IndustrialTrimAtlas.mat	Assets/_Game/Content/VisualReplacementV3/Models/VR3_platformdarkplates.fbx
S01 Composition Root/Chapter 01 Visual Environment/FloorTerrain/Chapter 01 Active Industrial Facility V45/Compact small-panel deck/VR3_platformmetal/VR3_platformmetal(Clone)	(-26, 0.07500039, -18)	(3.97, 7.78828735E-07, 3.97)	Assets/_Game/Content/VisualReplacementV3/Materials/VR3_IndustrialTrimAtlas.mat	Assets/_Game/Content/VisualReplacementV3/Models/VR3_platformmetal.fbx
S01 Composition Root/Chapter 01 Visual Environment/FloorTerrain/Chapter 01 Active Industrial Facility V45/Compact small-panel deck/VR3_platformmetal/VR3_platformmetal(Clone)	(-26, 0.07500039, -14)	(3.97, 7.78828735E-07, 3.97)	Assets/_Game/Content/VisualReplacementV3/Materials/VR3_IndustrialTrimAtlas.mat	Assets/_Game/Content/VisualReplacementV3/Models/VR3_platformmetal.fbx
S01 Composition Root/Chapter 01 Visual Environment/FloorTerrain/Chapter 01 Active Industrial Facility V45/Compact small-panel deck/VR3_platformmetal/VR3_platformmetal(Clone)	(-26, 0.07500039, -10)	(3.97, 7.78828735E-07, 3.97)	Assets/_Game/Content/VisualReplacementV3/Materials/VR3_IndustrialTrimAtlas.mat	Assets/_Game/Content/VisualReplacementV3/Models/VR3_platformmetal.fbx
S01 Composition Root/Chapter 01 Visual Environment/FloorTerrain/Chapter 01 Active Industrial Facility V45/Compact small-panel deck/VR3_platformdarkplates/VR3_platformdarkplates(Clone)	(-26, 0.07500039, -6)	(3.97, 7.788289E-07, 3.97000027)	Assets/_Game/Content/VisualReplacementV3/Materials/VR3_IndustrialTrimAtlas.mat	Assets/_Game/Content/VisualReplacementV3/Models/VR3_platformdarkplates.fbx
S01 Composition Root/Chapter 01 Visual Environment/FloorTerrain/Chapter 01 Active Industrial Facility V45/Compact small-panel deck/VR3_platformmetal/VR3_platformmetal(Clone)	(-26, 0.07500039, -2)	(3.97, 7.78828735E-07, 3.97)	Assets/_Game/Content/VisualReplacementV3/Materials/VR3_IndustrialTrimAtlas.mat	Assets/_Game/Content/VisualReplacementV3/Models/VR3_platformmetal.fbx
S01 Composition Root/Chapter 01 Visual Environment/FloorTerrain/Chapter 01 Active Industrial Facility V45/Compact small-panel deck/VR3_platformmetal/VR3_platformmetal(Clone)	(-26, 0.07500039, 2)	(3.97, 7.78828735E-07, 3.97)	Assets/_Game/Content/VisualReplacementV3/Materials/VR3_IndustrialTrimAtlas.mat	Assets/_Game/Content/VisualReplacementV3/Models/VR3_platformmetal.fbx
S01 Composition Root/Chapter 01 Visual Environment/FloorTerrain/Chapter 01 Active Industrial Facility V45/Compact small-panel deck/VR3_platformmetal/VR3_platformmetal(Clone)	(-26, 0.07500039, 6)	(3.97, 7.78828735E-07, 3.97)	Assets/_Game/Content/VisualReplacementV3/Materials/VR3_IndustrialTrimAtlas.mat	Assets/_Game/Content/VisualReplacementV3/Models/VR3_platformmetal.fbx
S01 Composition Root/Chapter 01 Visual Environment/FloorTerrain/Chapter 01 Active Industrial Facility V45/Compact small-panel deck/VR3_platformdarkplates/VR3_platformdarkplates(Clone)	(-26, 0.07500039, 10)	(3.97, 7.788289E-07, 3.97000027)	Assets/_Game/Content/VisualReplacementV3/Materials/VR3_IndustrialTrimAtlas.mat	Assets/_Game/Content/VisualReplacementV3/Models/VR3_platformdarkplates.fbx
S01 Composition Root/Chapter 01 Visual Environment/FloorTerrain/Chapter 01 Active Industrial Facility V45/Compact small-panel deck/VR3_platformmetal/VR3_platformmetal(Clone)	(-26, 0.07500039, 14)	(3.97, 7.78828735E-07, 3.97)	Assets/_Game/Content/VisualReplacementV3/Materials/VR3_IndustrialTrimAtlas.mat	Assets/_Game/Content/VisualReplacementV3/Models/VR3_platformmetal.fbx
S01 Composition Root/Chapter 01 Visual Environment/FloorTerrain/Chapter 01 Active Industrial Facility V45/Compact small-panel deck/VR3_platformmetal/VR3_platformmetal(Clone)	(-26, 0.07500039, 18)	(3.97, 7.78828735E-07, 3.97)	Assets/_Game/Content/VisualReplacementV3/Materials/VR3_IndustrialTrimAtlas.mat	Assets/_Game/Content/VisualReplacementV3/Models/VR3_platformmetal.fbx
S01 Composition Root/Chapter 01 Visual Environment/FloorTerrain/Chapter 01 Active Industrial Facility V45/Compact small-panel deck/VR3_FracturedDeck/VR3_FracturedDeck(Clone)	(-26, 0.105, 22)	(3.97000027, 0.0599999949, 3.97000027)	Assets/_Game/Content/VisualReplacementV3/Materials/VR3_WornIndustrialAtlas.mat	Assets/_Game/Content/VisualReplacementV3/Models/VR3_FracturedDeck.fbx
S01 Composition Root/Chapter 01 Visual Environment/FloorTerrain/Chapter 01 Active Industrial Facility V45/Compact small-panel deck/VR3_FracturedDeck/VR3_FracturedDeck(Clone)	(-26, 0.105, 26)	(3.97000027, 0.0599999949, 3.97000027)	Assets/_Game/Content/VisualReplacementV3/Materials/VR3_WornIndustrialAtlas.mat	Assets/_Game/Content/VisualReplacementV3/Models/VR3_FracturedDeck.fbx
S01 Composition Root/Chapter 01 Visual Environment/FloorTerrain/Chapter 01 Active Industrial Facility V45/Compact small-panel deck/VR3_platformmetal/VR3_platformmetal(Clone)	(-26, 0.07500039, 30)	(3.97, 7.78828735E-07, 3.97)	Assets/_Game/Content/VisualReplacementV3/Materials/VR3_IndustrialTrimAtlas.mat	Assets/_Game/Content/VisualReplacementV3/Models/VR3_platformmetal.fbx
S01 Composition Root/Chapter 01 Visual Environment/FloorTerrain/Chapter 01 Active Industrial Facility V45/Compact small-panel deck/VR3_platformmetal/VR3_platformmetal(Clone)	(-26, 0.07500039, 34)	(3.97, 7.78828735E-07, 3.97)	Assets/_Game/Content/VisualReplacementV3/Materials/VR3_IndustrialTrimAtlas.mat	Assets/_Game/Content/VisualReplacementV3/Models/VR3_platformmetal.fbx
S01 Composition Root/Chapter 01 Visual Environment/FloorTerrain/Chapter 01 Active Industrial Facility V45/Compact small-panel deck/VR3_platformmetal/VR3_platformmetal(Clone)	(-26, 0.07500039, 38)	(3.97, 7.78828735E-07, 3.97)	Assets/_Game/Content/VisualReplacementV3/Materials/VR3_IndustrialTrimAtlas.mat	Assets/_Game/Content/VisualReplacementV3/Models/VR3_platformmetal.fbx
S01 Composition Root/Chapter 01 Visual Environment/FloorTerrain/Chapter 01 Active Industrial Facility V45/Compact small-panel deck/VR3_platformdarkplates/VR3_platformdarkplates(Clone)	(-26, 0.07500039, 42)	(3.97, 7.788289E-07, 3.97000027)	Assets/_Game/Content/VisualReplacementV3/Materials/VR3_IndustrialTrimAtlas.mat	Assets/_Game/Content/VisualReplacementV3/Models/VR3_platformdarkplates.fbx
S01 Composition Root/Chapter 01 Visual Environment/FloorTerrain/Chapter 01 Active Industrial Facility V45/Compact small-panel deck/VR3_platformmetal/VR3_platformmetal(Clone)	(-26, 0.07500039, 46)	(3.97, 7.78828735E-07, 3.97)	Assets/_Game/Content/VisualReplacementV3/Materials/VR3_IndustrialTrimAtlas.mat	Assets/_Game/Content/VisualReplacementV3/Models/VR3_platformmetal.fbx
S01 Composition Root/Chapter 01 Visual Environment/FloorTerrain/Chapter 01 Active Industrial Facility V45/Compact small-panel deck/VR3_platformmetal/VR3_platformmetal(Clone)	(-26, 0.07500039, 50)	(3.97, 7.78828735E-07, 3.97)	Assets/_Game/Content/VisualReplacementV3/Materials/VR3_IndustrialTrimAtlas.mat	Assets/_Game/Content/VisualReplacementV3/Models/VR3_platformmetal.fbx
S01 Composition Root/Chapter 01 Visual Environment/FloorTerrain/Chapter 01 Active Industrial Facility V45/Compact small-panel deck/VR3_platformmetal/VR3_platformmetal(Clone)	(-26, 0.07500039, 54)	(3.97, 7.78828735E-07, 3.97)	Assets/_Game/Content/VisualReplacementV3/Materials/VR3_IndustrialTrimAtlas.mat	Assets/_Game/Content/VisualReplacementV3/Models/VR3_platformmetal.fbx
S01 Composition Root/Chapter 01 Visual Environment/FloorTerrain/Chapter 01 Active Industrial Facility V45/Compact small-panel deck/VR3_platformdarkplates/VR3_platformdarkplates(Clone)	(-26, 0.07500039, 58)	(3.97, 7.788289E-07, 3.97000027)	Assets/_Game/Content/VisualReplacementV3/Materials/VR3_IndustrialTrimAtlas.mat	Assets/_Game/Content/VisualReplacementV3/Models/VR3_platformdarkplates.fbx
S01 Composition Root/Chapter 01 Visual Environment/FloorTerrain/Chapter 01 Active Industrial Facility V45/Compact small-panel deck/VR3_platformmetal/VR3_platformmetal(Clone)	(-26, 0.07500039, 62)	(3.97, 7.78828735E-07, 3.97)	Assets/_Game/Content/VisualReplacementV3/Materials/VR3_IndustrialTrimAtlas.mat	Assets/_Game/Content/VisualReplacementV3/Models/VR3_platformmetal.fbx
S01 Composition Root/Chapter 01 Visual Environment/FloorTerrain/Chapter 01 Active Industrial Facility V45/Compact small-panel deck/VR3_platformmetal/VR3_platformmetal(Clone)	(-26, 0.07500039, 66)	(3.97, 7.78828735E-07, 3.97)	Assets/_Game/Content/VisualReplacementV3/Materials/VR3_IndustrialTrimAtlas.mat	Assets/_Game/Content/VisualReplacementV3/Models/VR3_platformmetal.fbx
S01 Composition Root/Chapter 01 Visual Environment/FloorTerrain/Chapter 01 Active Industrial Facility V45/Compact small-panel deck/VR3_platformmetal/VR3_platformmetal(Clone)	(-26, 0.07500039, 70)	(3.97, 7.78828735E-07, 3.97)	Assets/_Game/Content/VisualReplacementV3/Materials/VR3_IndustrialTrimAtlas.mat	Assets/_Game/Content/VisualReplacementV3/Models/VR3_platformmetal.fbx
S01 Composition Root/Chapter 01 Visual Environment/FloorTerrain/Chapter 01 Active Industrial Facility V45/Compact small-panel deck/VR3_platformdarkplates/VR3_platformdarkplates(Clone)	(-26, 0.07500039, 74)	(3.97, 7.788289E-07, 3.97000027)	Assets/_Game/Content/VisualReplacementV3/Materials/VR3_IndustrialTrimAtlas.mat	Assets/_Game/Content/VisualReplacementV3/Models/VR3_platformdarkplates.fbx
S01 Composition Root/Chapter 01 Visual Environment/FloorTerrain/Chapter 01 Active Industrial Facility V45/Compact small-panel deck/VR3_FracturedDeck/VR3_FracturedDeck(Clone)	(-22, 0.105, -38)	(3.97000027, 0.0599999949, 3.97000027)	Assets/_Game/Content/VisualReplacementV3/Materials/VR3_WornIndustrialAtlas.mat	Assets/_Game/Content/VisualReplacementV3/Models/VR3_FracturedDeck.fbx
S01 Composition Root/Chapter 01 Visual Environment/FloorTerrain/Chapter 01 Active Industrial Facility V45/Compact small-panel deck/VR3_FracturedDeck/VR3_FracturedDeck(Clone)	(-22, 0.105, -34)	(3.97000027, 0.0599999949, 3.97000027)	Assets/_Game/Content/VisualReplacementV3/Materials/VR3_WornIndustrialAtlas.mat	Assets/_Game/Content/VisualReplacementV3/Models/VR3_FracturedDeck.fbx
S01 Composition Root/Chapter 01 Visual Environment/FloorTerrain/Chapter 01 Active Industrial Facility V45/Compact small-panel deck/VR3_platformmetal/VR3_platformmetal(Clone)	(-22, 0.07500039, -30)	(3.97, 7.78828735E-07, 3.97)	Assets/_Game/Content/VisualReplacementV3/Materials/VR3_IndustrialTrimAtlas.mat	Assets/_Game/Content/VisualReplacementV3/Models/VR3_platformmetal.fbx
S01 Composition Root/Chapter 01 Visual Environment/FloorTerrain/Chapter 01 Active Industrial Facility V45/Compact small-panel deck/VR3_platformdarkplates/VR3_platformdarkplates(Clone)	(-22, 0.07500039, -26)	(3.97, 7.788289E-07, 3.97000027)	Assets/_Game/Content/VisualReplacementV3/Materials/VR3_IndustrialTrimAtlas.mat	Assets/_Game/Content/VisualReplacementV3/Models/VR3_platformdarkplates.fbx
S01 Composition Root/Chapter 01 Visual Environment/FloorTerrain/Chapter 01 Active Industrial Facility V45/Compact small-panel deck/VR3_platformmetal/VR3_platformmetal(Clone)	(-22, 0.07500039, -22)	(3.97, 7.78828735E-07, 3.97)	Assets/_Game/Content/VisualReplacementV3/Materials/VR3_IndustrialTrimAtlas.mat	Assets/_Game/Content/VisualReplacementV3/Models/VR3_platformmetal.fbx
S01 Composition Root/Chapter 01 Visual Environment/FloorTerrain/Chapter 01 Active Industrial Facility V45/Compact small-panel deck/VR3_platformmetal/VR3_platformmetal(Clone)	(-22, 0.07500039, -18)	(3.97, 7.78828735E-07, 3.97)	Assets/_Game/Content/VisualReplacementV3/Materials/VR3_IndustrialTrimAtlas.mat	Assets/_Game/Content/VisualReplacementV3/Models/VR3_platformmetal.fbx
S01 Composition Root/Chapter 01 Visual Environment/FloorTerrain/Chapter 01 Active Industrial Facility V45/Compact small-panel deck/VR3_platformmetal/VR3_platformmetal(Clone)	(-22, 0.07500039, -14)	(3.97, 7.78828735E-07, 3.97)	Assets/_Game/Content/VisualReplacementV3/Materials/VR3_IndustrialTrimAtlas.mat	Assets/_Game/Content/VisualReplacementV3/Models/VR3_platformmetal.fbx
S01 Composition Root/Chapter 01 Visual Environment/FloorTerrain/Chapter 01 Active Industrial Facility V45/Compact small-panel deck/VR3_platformdarkplates/VR3_platformdarkplates(Clone)	(-22, 0.07500039, -10)	(3.97, 7.788289E-07, 3.97000027)	Assets/_Game/Content/VisualReplacementV3/Materials/VR3_IndustrialTrimAtlas.mat	Assets/_Game/Content/VisualReplacementV3/Models/VR3_platformdarkplates.fbx
S01 Composition Root/Chapter 01 Visual Environment/FloorTerrain/Chapter 01 Active Industrial Facility V45/Compact small-panel deck/VR3_platformmetal/VR3_platformmetal(Clone)	(-22, 0.07500039, -6)	(3.97, 7.78828735E-07, 3.97)	Assets/_Game/Content/VisualReplacementV3/Materials/VR3_IndustrialTrimAtlas.mat	Assets/_Game/Content/VisualReplacementV3/Models/VR3_platformmetal.fbx
S01 Composition Root/Chapter 01 Visual Environment/FloorTerrain/Chapter 01 Active Industrial Facility V45/Compact small-panel deck/VR3_platformmetal/VR3_platformmetal(Clone)	(-22, 0.07500039, -2)	(3.97, 7.78828735E-07, 3.97)	Assets/_Game/Content/VisualReplacementV3/Materials/VR3_IndustrialTrimAtlas.mat	Assets/_Game/Content/VisualReplacementV3/Models/VR3_platformmetal.fbx
S01 Composition Root/Chapter 01 Visual Environment/FloorTerrain/Chapter 01 Active Industrial Facility V45/Compact small-panel deck/VR3_platformmetal/VR3_platformmetal(Clone)	(-22, 0.07500039, 2)	(3.97, 7.78828735E-07, 3.97)	Assets/_Game/Content/VisualReplacementV3/Materials/VR3_IndustrialTrimAtlas.mat	Assets/_Game/Content/VisualReplacementV3/Models/VR3_platformmetal.fbx
S01 Composition Root/Chapter 01 Visual Environment/FloorTerrain/Chapter 01 Active Industrial Facility V45/Compact small-panel deck/VR3_platformdarkplates/VR3_platformdarkplates(Clone)	(-22, 0.07500039, 6)	(3.97, 7.788289E-07, 3.97000027)	Assets/_Game/Content/VisualReplacementV3/Materials/VR3_IndustrialTrimAtlas.mat	Assets/_Game/Content/VisualReplacementV3/Models/VR3_platformdarkplates.fbx
S01 Composition Root/Chapter 01 Visual Environment/FloorTerrain/Chapter 01 Active Industrial Facility V45/Compact small-panel deck/VR3_platformmetal/VR3_platformmetal(Clone)	(-22, 0.07500039, 10)	(3.97, 7.78828735E-07, 3.97)	Assets/_Game/Content/VisualReplacementV3/Materials/VR3_IndustrialTrimAtlas.mat	Assets/_Game/Content/VisualReplacementV3/Models/VR3_platformmetal.fbx
S01 Composition Root/Chapter 01 Visual Environment/FloorTerrain/Chapter 01 Active Industrial Facility V45/Compact small-panel deck/VR3_platformmetal/VR3_platformmetal(Clone)	(-22, 0.07500039, 14)	(3.97, 7.78828735E-07, 3.97)	Assets/_Game/Content/VisualReplacementV3/Materials/VR3_IndustrialTrimAtlas.mat	Assets/_Game/Content/VisualReplacementV3/Models/VR3_platformmetal.fbx
S01 Composition Root/Chapter 01 Visual Environment/FloorTerrain/Chapter 01 Active Industrial Facility V45/Compact small-panel deck/VR3_FracturedDeck/VR3_FracturedDeck(Clone)	(-22, 0.105, 18)	(3.97000027, 0.0599999949, 3.97000027)	Assets/_Game/Content/VisualReplacementV3/Materials/VR3_WornIndustrialAtlas.mat	Assets/_Game/Content/VisualReplacementV3/Models/VR3_FracturedDeck.fbx
S01 Composition Root/Chapter 01 Visual Environment/FloorTerrain/Chapter 01 Active Industrial Facility V45/Compact small-panel deck/VR3_FracturedDeck/VR3_FracturedDeck(Clone)	(-22, 0.105, 22)	(3.97000027, 0.0599999949, 3.97000027)	Assets/_Game/Content/VisualReplacementV3/Materials/VR3_WornIndustrialAtlas.mat	Assets/_Game/Content/VisualReplacementV3/Models/VR3_FracturedDeck.fbx
S01 Composition Root/Chapter 01 Visual Environment/FloorTerrain/Chapter 01 Active Industrial Facility V45/Compact small-panel deck/VR3_platformmetal/VR3_platformmetal(Clone)	(-22, 0.07500039, 26)	(3.97, 7.78828735E-07, 3.97)	Assets/_Game/Content/VisualReplacementV3/Materials/VR3_IndustrialTrimAtlas.mat	Assets/_Game/Content/VisualReplacementV3/Models/VR3_platformmetal.fbx
S01 Composition Root/Chapter 01 Visual Environment/FloorTerrain/Chapter 01 Active Industrial Facility V45/Compact small-panel deck/VR3_platformmetal/VR3_platformmetal(Clone)	(-22, 0.07500039, 30)	(3.97, 7.78828735E-07, 3.97)	Assets/_Game/Content/VisualReplacementV3/Materials/VR3_IndustrialTrimAtlas.mat	Assets/_Game/Content/VisualReplacementV3/Models/VR3_platformmetal.fbx
S01 Composition Root/Chapter 01 Visual Environment/FloorTerrain/Chapter 01 Active Industrial Facility V45/Compact small-panel deck/VR3_platformmetal/VR3_platformmetal(Clone)	(-22, 0.07500039, 34)	(3.97, 7.78828735E-07, 3.97)	Assets/_Game/Content/VisualReplacementV3/Materials/VR3_IndustrialTrimAtlas.mat	Assets/_Game/Content/VisualReplacementV3/Models/VR3_platformmetal.fbx
S01 Composition Root/Chapter 01 Visual Environment/FloorTerrain/Chapter 01 Active Industrial Facility V45/Compact small-panel deck/VR3_platformdarkplates/VR3_platformdarkplates(Clone)	(-22, 0.07500039, 38)	(3.97, 7.788289E-07, 3.97000027)	Assets/_Game/Content/VisualReplacementV3/Materials/VR3_IndustrialTrimAtlas.mat	Assets/_Game/Content/VisualReplacementV3/Models/VR3_platformdarkplates.fbx
S01 Composition Root/Chapter 01 Visual Environment/FloorTerrain/Chapter 01 Active Industrial Facility V45/Compact small-panel deck/VR3_platformmetal/VR3_platformmetal(Clone)	(-22, 0.07500039, 42)	(3.97, 7.78828735E-07, 3.97)	Assets/_Game/Content/VisualReplacementV3/Materials/VR3_IndustrialTrimAtlas.mat	Assets/_Game/Content/VisualReplacementV3/Models/VR3_platformmetal.fbx
S01 Composition Root/Chapter 01 Visual Environment/FloorTerrain/Chapter 01 Active Industrial Facility V45/Compact small-panel deck/VR3_platformmetal/VR3_platformmetal(Clone)	(-22, 0.07500039, 46)	(3.97, 7.78828735E-07, 3.97)	Assets/_Game/Content/VisualReplacementV3/Materials/VR3_IndustrialTrimAtlas.mat	Assets/_Game/Content/VisualReplacementV3/Models/VR3_platformmetal.fbx
S01 Composition Root/Chapter 01 Visual Environment/FloorTerrain/Chapter 01 Active Industrial Facility V45/Compact small-panel deck/VR3_platformmetal/VR3_platformmetal(Clone)	(-22, 0.07500039, 50)	(3.97, 7.78828735E-07, 3.97)	Assets/_Game/Content/VisualReplacementV3/Materials/VR3_IndustrialTrimAtlas.mat	Assets/_Game/Content/VisualReplacementV3/Models/VR3_platformmetal.fbx
S01 Composition Root/Chapter 01 Visual Environment/FloorTerrain/Chapter 01 Active Industrial Facility V45/Compact small-panel deck/VR3_platformdarkplates/VR3_platformdarkplates(Clone)	(-22, 0.07500039, 54)	(3.97, 7.788289E-07, 3.97000027)	Assets/_Game/Content/VisualReplacementV3/Materials/VR3_IndustrialTrimAtlas.mat	Assets/_Game/Content/VisualReplacementV3/Models/VR3_platformdarkplates.fbx
S01 Composition Root/Chapter 01 Visual Environment/FloorTerrain/Chapter 01 Active Industrial Facility V45/Compact small-panel deck/VR3_platformmetal/VR3_platformmetal(Clone)	(-22, 0.07500039, 58)	(3.97, 7.78828735E-07, 3.97)	Assets/_Game/Content/VisualReplacementV3/Materials/VR3_IndustrialTrimAtlas.mat	Assets/_Game/Content/VisualReplacementV3/Models/VR3_platformmetal.fbx
S01 Composition Root/Chapter 01 Visual Environment/FloorTerrain/Chapter 01 Active Industrial Facility V45/Compact small-panel deck/VR3_platformmetal/VR3_platformmetal(Clone)	(-22, 0.07500039, 62)	(3.97, 7.78828735E-07, 3.97)	Assets/_Game/Content/VisualReplacementV3/Materials/VR3_IndustrialTrimAtlas.mat	Assets/_Game/Content/VisualReplacementV3/Models/VR3_platformmetal.fbx
S01 Composition Root/Chapter 01 Visual Environment/FloorTerrain/Chapter 01 Active Industrial Facility V45/Compact small-panel deck/VR3_platformmetal/VR3_platformmetal(Clone)	(-22, 0.07500039, 66)	(3.97, 7.78828735E-07, 3.97)	Assets/_Game/Content/VisualReplacementV3/Materials/VR3_IndustrialTrimAtlas.mat	Assets/_Game/Content/VisualReplacementV3/Models/VR3_platformmetal.fbx
S01 Composition Root/Chapter 01 Visual Environment/FloorTerrain/Chapter 01 Active Industrial Facility V45/Compact small-panel deck/VR3_platformdarkplates/VR3_platformdarkplates(Clone)	(-22, 0.07500039, 70)	(3.97, 7.788289E-07, 3.97000027)	Assets/_Game/Content/VisualReplacementV3/Materials/VR3_IndustrialTrimAtlas.mat	Assets/_Game/Content/VisualReplacementV3/Models/VR3_platformdarkplates.fbx
S01 Composition Root/Chapter 01 Visual Environment/FloorTerrain/Chapter 01 Active Industrial Facility V45/Compact small-panel deck/VR3_FracturedDeck/VR3_FracturedDeck(Clone)	(-22, 0.105, 74)	(3.97000027, 0.0599999949, 3.97000027)	Assets/_Game/Content/VisualReplacementV3/Materials/VR3_WornIndustrialAtlas.mat	Assets/_Game/Content/VisualReplacementV3/Models/VR3_FracturedDeck.fbx
S01 Composition Root/Chapter 01 Visual Environment/FloorTerrain/Chapter 01 Active Industrial Facility V45/Compact small-panel deck/VR3_FracturedDeck/VR3_FracturedDeck(Clone)	(-18, 0.105, -38)	(3.97000027, 0.0599999949, 3.97000027)	Assets/_Game/Content/VisualReplacementV3/Materials/VR3_WornIndustrialAtlas.mat	Assets/_Game/Content/VisualReplacementV3/Models/VR3_FracturedDeck.fbx
S01 Composition Root/Chapter 01 Visual Environment/FloorTerrain/Chapter 01 Active Industrial Facility V45/Compact small-panel deck/VR3_platformmetal/VR3_platformmetal(Clone)	(-18, 0.07500039, -34)	(3.97, 7.78828735E-07, 3.97)	Assets/_Game/Content/VisualReplacementV3/Materials/VR3_IndustrialTrimAtlas.mat	Assets/_Game/Content/VisualReplacementV3/Models/VR3_platformmetal.fbx
S01 Composition Root/Chapter 01 Visual Environment/FloorTerrain/Chapter 01 Active Industrial Facility V45/Compact small-panel deck/VR3_platformdarkplates/VR3_platformdarkplates(Clone)	(-18, 0.07500039, -30)	(3.97, 7.788289E-07, 3.97000027)	Assets/_Game/Content/VisualReplacementV3/Materials/VR3_IndustrialTrimAtlas.mat	Assets/_Game/Content/VisualReplacementV3/Models/VR3_platformdarkplates.fbx
S01 Composition Root/Chapter 01 Visual Environment/FloorTerrain/Chapter 01 Active Industrial Facility V45/Compact small-panel deck/VR3_platformmetal/VR3_platformmetal(Clone)	(-18, 0.07500039, -26)	(3.97, 7.78828735E-07, 3.97)	Assets/_Game/Content/VisualReplacementV3/Materials/VR3_IndustrialTrimAtlas.mat	Assets/_Game/Content/VisualReplacementV3/Models/VR3_platformmetal.fbx
S01 Composition Root/Chapter 01 Visual Environment/FloorTerrain/Chapter 01 Active Industrial Facility V45/Compact small-panel deck/VR3_platformmetal/VR3_platformmetal(Clone)	(-18, 0.07500039, -22)	(3.97, 7.78828735E-07, 3.97)	Assets/_Game/Content/VisualReplacementV3/Materials/VR3_IndustrialTrimAtlas.mat	Assets/_Game/Content/VisualReplacementV3/Models/VR3_platformmetal.fbx
S01 Composition Root/Chapter 01 Visual Environment/FloorTerrain/Chapter 01 Active Industrial Facility V45/Compact small-panel deck/VR3_platformmetal/VR3_platformmetal(Clone)	(-18, 0.07500039, -18)	(3.97, 7.78828735E-07, 3.97)	Assets/_Game/Content/VisualReplacementV3/Materials/VR3_IndustrialTrimAtlas.mat	Assets/_Game/Content/VisualReplacementV3/Models/VR3_platformmetal.fbx
S01 Composition Root/Chapter 01 Visual Environment/FloorTerrain/Chapter 01 Active Industrial Facility V45/Compact small-panel deck/VR3_platformdarkplates/VR3_platformdarkplates(Clone)	(-18, 0.07500039, -14)	(3.97, 7.788289E-07, 3.97000027)	Assets/_Game/Content/VisualReplacementV3/Materials/VR3_IndustrialTrimAtlas.mat	Assets/_Game/Content/VisualReplacementV3/Models/VR3_platformdarkplates.fbx
S01 Composition Root/Chapter 01 Visual Environment/FloorTerrain/Chapter 01 Active Industrial Facility V45/Compact small-panel deck/VR3_platformmetal/VR3_platformmetal(Clone)	(-18, 0.07500039, -10)	(3.97, 7.78828735E-07, 3.97)	Assets/_Game/Content/VisualReplacementV3/Materials/VR3_IndustrialTrimAtlas.mat	Assets/_Game/Content/VisualReplacementV3/Models/VR3_platformmetal.fbx
S01 Composition Root/Chapter 01 Visual Environment/FloorTerrain/Chapter 01 Active Industrial Facility V45/Compact small-panel deck/VR3_platformmetal/VR3_platformmetal(Clone)	(-18, 0.07500039, -6)	(3.97, 7.78828735E-07, 3.97)	Assets/_Game/Content/VisualReplacementV3/Materials/VR3_IndustrialTrimAtlas.mat	Assets/_Game/Content/VisualReplacementV3/Models/VR3_platformmetal.fbx
S01 Composition Root/Chapter 01 Visual Environment/FloorTerrain/Chapter 01 Active Industrial Facility V45/Compact small-panel deck/VR3_platformmetal/VR3_platformmetal(Clone)	(-18, 0.07500039, -2)	(3.97, 7.78828735E-07, 3.97)	Assets/_Game/Content/VisualReplacementV3/Materials/VR3_IndustrialTrimAtlas.mat	Assets/_Game/Content/VisualReplacementV3/Models/VR3_platformmetal.fbx
S01 Composition Root/Chapter 01 Visual Environment/FloorTerrain/Chapter 01 Active Industrial Facility V45/Compact small-panel deck/VR3_platformdarkplates/VR3_platformdarkplates(Clone)	(-18, 0.07500039, 2)	(3.97, 7.788289E-07, 3.97000027)	Assets/_Game/Content/VisualReplacementV3/Materials/VR3_IndustrialTrimAtlas.mat	Assets/_Game/Content/VisualReplacementV3/Models/VR3_platformdarkplates.fbx
S01 Composition Root/Chapter 01 Visual Environment/FloorTerrain/Chapter 01 Active Industrial Facility V45/Compact small-panel deck/VR3_platformmetal/VR3_platformmetal(Clone)	(-18, 0.07500039, 6)	(3.97, 7.78828735E-07, 3.97)	Assets/_Game/Content/VisualReplacementV3/Materials/VR3_IndustrialTrimAtlas.mat	Assets/_Game/Content/VisualReplacementV3/Models/VR3_platformmetal.fbx
S01 Composition Root/Chapter 01 Visual Environment/FloorTerrain/Chapter 01 Active Industrial Facility V45/Compact small-panel deck/VR3_platformmetal/VR3_platformmetal(Clone)	(-18, 0.07500039, 10)	(3.97, 7.78828735E-07, 3.97)	Assets/_Game/Content/VisualReplacementV3/Materials/VR3_IndustrialTrimAtlas.mat	Assets/_Game/Content/VisualReplacementV3/Models/VR3_platformmetal.fbx
S01 Composition Root/Chapter 01 Visual Environment/FloorTerrain/Chapter 01 Active Industrial Facility V45/Compact small-panel deck/VR3_FracturedDeck/VR3_FracturedDeck(Clone)	(-18, 0.105, 14)	(3.97000027, 0.0599999949, 3.97000027)	Assets/_Game/Content/VisualReplacementV3/Materials/VR3_WornIndustrialAtlas.mat	Assets/_Game/Content/VisualReplacementV3/Models/VR3_FracturedDeck.fbx
S01 Composition Root/Chapter 01 Visual Environment/FloorTerrain/Chapter 01 Active Industrial Facility V45/Compact small-panel deck/VR3_FracturedDeck/VR3_FracturedDeck(Clone)	(-18, 0.105, 18)	(3.97000027, 0.0599999949, 3.97000027)	Assets/_Game/Content/VisualReplacementV3/Materials/VR3_WornIndustrialAtlas.mat	Assets/_Game/Content/VisualReplacementV3/Models/VR3_FracturedDeck.fbx
S01 Composition Root/Chapter 01 Visual Environment/FloorTerrain/Chapter 01 Active Industrial Facility V45/Compact small-panel deck/VR3_platformmetal/VR3_platformmetal(Clone)	(-18, 0.07500039, 22)	(3.97, 7.78828735E-07, 3.97)	Assets/_Game/Content/VisualReplacementV3/Materials/VR3_IndustrialTrimAtlas.mat	Assets/_Game/Content/VisualReplacementV3/Models/VR3_platformmetal.fbx
S01 Composition Root/Chapter 01 Visual Environment/FloorTerrain/Chapter 01 Active Industrial Facility V45/Compact small-panel deck/VR3_platformmetal/VR3_platformmetal(Clone)	(-18, 0.07500039, 26)	(3.97, 7.78828735E-07, 3.97)	Assets/_Game/Content/VisualReplacementV3/Materials/VR3_IndustrialTrimAtlas.mat	Assets/_Game/Content/VisualReplacementV3/Models/VR3_platformmetal.fbx
S01 Composition Root/Chapter 01 Visual Environment/FloorTerrain/Chapter 01 Active Industrial Facility V45/Compact small-panel deck/VR3_platformmetal/VR3_platformmetal(Clone)	(-18, 0.07500039, 30)	(3.97, 7.78828735E-07, 3.97)	Assets/_Game/Content/VisualReplacementV3/Materials/VR3_IndustrialTrimAtlas.mat	Assets/_Game/Content/VisualReplacementV3/Models/VR3_platformmetal.fbx
S01 Composition Root/Chapter 01 Visual Environment/FloorTerrain/Chapter 01 Active Industrial Facility V45/Compact small-panel deck/VR3_platformdarkplates/VR3_platformdarkplates(Clone)	(-18, 0.07500039, 34)	(3.97, 7.788289E-07, 3.97000027)	Assets/_Game/Content/VisualReplacementV3/Materials/VR3_IndustrialTrimAtlas.mat	Assets/_Game/Content/VisualReplacementV3/Models/VR3_platformdarkplates.fbx
S01 Composition Root/Chapter 01 Visual Environment/FloorTerrain/Chapter 01 Active Industrial Facility V45/Compact small-panel deck/VR3_platformmetal/VR3_platformmetal(Clone)	(-18, 0.07500039, 38)	(3.97, 7.78828735E-07, 3.97)	Assets/_Game/Content/VisualReplacementV3/Materials/VR3_IndustrialTrimAtlas.mat	Assets/_Game/Content/VisualReplacementV3/Models/VR3_platformmetal.fbx
S01 Composition Root/Chapter 01 Visual Environment/FloorTerrain/Chapter 01 Active Industrial Facility V45/Compact small-panel deck/VR3_platformmetal/VR3_platformmetal(Clone)	(-18, 0.07500039, 42)	(3.97, 7.78828735E-07, 3.97)	Assets/_Game/Content/VisualReplacementV3/Materials/VR3_IndustrialTrimAtlas.mat	Assets/_Game/Content/VisualReplacementV3/Models/VR3_platformmetal.fbx
S01 Composition Root/Chapter 01 Visual Environment/FloorTerrain/Chapter 01 Active Industrial Facility V45/Compact small-panel deck/VR3_platformmetal/VR3_platformmetal(Clone)	(-18, 0.07500039, 46)	(3.97, 7.78828735E-07, 3.97)	Assets/_Game/Content/VisualReplacementV3/Materials/VR3_IndustrialTrimAtlas.mat	Assets/_Game/Content/VisualReplacementV3/Models/VR3_platformmetal.fbx
S01 Composition Root/Chapter 01 Visual Environment/FloorTerrain/Chapter 01 Active Industrial Facility V45/Compact small-panel deck/VR3_platformdarkplates/VR3_platformdarkplates(Clone)	(-18, 0.07500039, 50)	(3.97, 7.788289E-07, 3.97000027)	Assets/_Game/Content/VisualReplacementV3/Materials/VR3_IndustrialTrimAtlas.mat	Assets/_Game/Content/VisualReplacementV3/Models/VR3_platformdarkplates.fbx
S01 Composition Root/Chapter 01 Visual Environment/FloorTerrain/Chapter 01 Active Industrial Facility V45/Compact small-panel deck/VR3_platformmetal/VR3_platformmetal(Clone)	(-18, 0.07500039, 54)	(3.97, 7.78828735E-07, 3.97)	Assets/_Game/Content/VisualReplacementV3/Materials/VR3_IndustrialTrimAtlas.mat	Assets/_Game/Content/VisualReplacementV3/Models/VR3_platformmetal.fbx
S01 Composition Root/Chapter 01 Visual Environment/FloorTerrain/Chapter 01 Active Industrial Facility V45/Compact small-panel deck/VR3_platformmetal/VR3_platformmetal(Clone)	(-18, 0.07500039, 58)	(3.97, 7.78828735E-07, 3.97)	Assets/_Game/Content/VisualReplacementV3/Materials/VR3_IndustrialTrimAtlas.mat	Assets/_Game/Content/VisualReplacementV3/Models/VR3_platformmetal.fbx
S01 Composition Root/Chapter 01 Visual Environment/FloorTerrain/Chapter 01 Active Industrial Facility V45/Compact small-panel deck/VR3_platformmetal/VR3_platformmetal(Clone)	(-18, 0.07500039, 62)	(3.97, 7.78828735E-07, 3.97)	Assets/_Game/Content/VisualReplacementV3/Materials/VR3_IndustrialTrimAtlas.mat	Assets/_Game/Content/VisualReplacementV3/Models/VR3_platformmetal.fbx
S01 Composition Root/Chapter 01 Visual Environment/FloorTerrain/Chapter 01 Active Industrial Facility V45/Compact small-panel deck/VR3_platformdarkplates/VR3_platformdarkplates(Clone)	(-18, 0.07500039, 66)	(3.97, 7.788289E-07, 3.97000027)	Assets/_Game/Content/VisualReplacementV3/Materials/VR3_IndustrialTrimAtlas.mat	Assets/_Game/Content/VisualReplacementV3/Models/VR3_platformdarkplates.fbx
S01 Composition Root/Chapter 01 Visual Environment/FloorTerrain/Chapter 01 Active Industrial Facility V45/Compact small-panel deck/VR3_FracturedDeck/VR3_FracturedDeck(Clone)	(-18, 0.105, 70)	(3.97000027, 0.0599999949, 3.97000027)	Assets/_Game/Content/VisualReplacementV3/Materials/VR3_WornIndustrialAtlas.mat	Assets/_Game/Content/VisualReplacementV3/Models/VR3_FracturedDeck.fbx
S01 Composition Root/Chapter 01 Visual Environment/FloorTerrain/Chapter 01 Active Industrial Facility V45/Compact small-panel deck/VR3_FracturedDeck/VR3_FracturedDeck(Clone)	(-18, 0.105, 74)	(3.97000027, 0.0599999949, 3.97000027)	Assets/_Game/Content/VisualReplacementV3/Materials/VR3_WornIndustrialAtlas.mat	Assets/_Game/Content/VisualReplacementV3/Models/VR3_FracturedDeck.fbx
S01 Composition Root/Chapter 01 Visual Environment/FloorTerrain/Chapter 01 Active Industrial Facility V45/Compact small-panel deck/VR3_platformmetal/VR3_platformmetal(Clone)	(-14, 0.07500039, -38)	(3.97, 7.78828735E-07, 3.97)	Assets/_Game/Content/VisualReplacementV3/Materials/VR3_IndustrialTrimAtlas.mat	Assets/_Game/Content/VisualReplacementV3/Models/VR3_platformmetal.fbx
S01 Composition Root/Chapter 01 Visual Environment/FloorTerrain/Chapter 01 Active Industrial Facility V45/Compact small-panel deck/VR3_platformdarkplates/VR3_platformdarkplates(Clone)	(-14, 0.07500039, -34)	(3.97, 7.788289E-07, 3.97000027)	Assets/_Game/Content/VisualReplacementV3/Materials/VR3_IndustrialTrimAtlas.mat	Assets/_Game/Content/VisualReplacementV3/Models/VR3_platformdarkplates.fbx
S01 Composition Root/Chapter 01 Visual Environment/FloorTerrain/Chapter 01 Active Industrial Facility V45/Compact small-panel deck/VR3_platformmetal/VR3_platformmetal(Clone)	(-14, 0.07500039, -30)	(3.97, 7.78828735E-07, 3.97)	Assets/_Game/Content/VisualReplacementV3/Materials/VR3_IndustrialTrimAtlas.mat	Assets/_Game/Content/VisualReplacementV3/Models/VR3_platformmetal.fbx
S01 Composition Root/Chapter 01 Visual Environment/FloorTerrain/Chapter 01 Active Industrial Facility V45/Compact small-panel deck/VR3_platformmetal/VR3_platformmetal(Clone)	(-14, 0.07500039, -26)	(3.97, 7.78828735E-07, 3.97)	Assets/_Game/Content/VisualReplacementV3/Materials/VR3_IndustrialTrimAtlas.mat	Assets/_Game/Content/VisualReplacementV3/Models/VR3_platformmetal.fbx
S01 Composition Root/Chapter 01 Visual Environment/FloorTerrain/Chapter 01 Active Industrial Facility V45/Compact small-panel deck/VR3_platformmetal/VR3_platformmetal(Clone)	(-14, 0.07500039, -22)	(3.97, 7.78828735E-07, 3.97)	Assets/_Game/Content/VisualReplacementV3/Materials/VR3_IndustrialTrimAtlas.mat	Assets/_Game/Content/VisualReplacementV3/Models/VR3_platformmetal.fbx
S01 Composition Root/Chapter 01 Visual Environment/FloorTerrain/Chapter 01 Active Industrial Facility V45/Compact small-panel deck/VR3_platformdarkplates/VR3_platformdarkplates(Clone)	(-14, 0.07500039, -18)	(3.97, 7.788289E-07, 3.97000027)	Assets/_Game/Content/VisualReplacementV3/Materials/VR3_IndustrialTrimAtlas.mat	Assets/_Game/Content/VisualReplacementV3/Models/VR3_platformdarkplates.fbx
S01 Composition Root/Chapter 01 Visual Environment/FloorTerrain/Chapter 01 Active Industrial Facility V45/Compact small-panel deck/VR3_platformmetal/VR3_platformmetal(Clone)	(-14, 0.07500039, -14)	(3.97, 7.78828735E-07, 3.97)	Assets/_Game/Content/VisualReplacementV3/Materials/VR3_IndustrialTrimAtlas.mat	Assets/_Game/Content/VisualReplacementV3/Models/VR3_platformmetal.fbx
S01 Composition Root/Chapter 01 Visual Environment/FloorTerrain/Chapter 01 Active Industrial Facility V45/Compact small-panel deck/VR3_platformmetal/VR3_platformmetal(Clone)	(-14, 0.07500039, -10)	(3.97, 7.78828735E-07, 3.97)	Assets/_Game/Content/VisualReplacementV3/Materials/VR3_IndustrialTrimAtlas.mat	Assets/_Game/Content/VisualReplacementV3/Models/VR3_platformmetal.fbx
S01 Composition Root/Chapter 01 Visual Environment/FloorTerrain/Chapter 01 Active Industrial Facility V45/Compact small-panel deck/VR3_platformmetal/VR3_platformmetal(Clone)	(-14, 0.07500039, -6)	(3.97, 7.78828735E-07, 3.97)	Assets/_Game/Content/VisualReplacementV3/Materials/VR3_IndustrialTrimAtlas.mat	Assets/_Game/Content/VisualReplacementV3/Models/VR3_platformmetal.fbx
S01 Composition Root/Chapter 01 Visual Environment/FloorTerrain/Chapter 01 Active Industrial Facility V45/Compact small-panel deck/VR3_platformdarkplates/VR3_platformdarkplates(Clone)	(-14, 0.07500039, -2)	(3.97, 7.788289E-07, 3.97000027)	Assets/_Game/Content/VisualReplacementV3/Materials/VR3_IndustrialTrimAtlas.mat	Assets/_Game/Content/VisualReplacementV3/Models/VR3_platformdarkplates.fbx
S01 Composition Root/Chapter 01 Visual Environment/FloorTerrain/Chapter 01 Active Industrial Facility V45/Compact small-panel deck/VR3_platformmetal/VR3_platformmetal(Clone)	(-14, 0.07500039, 2)	(3.97, 7.78828735E-07, 3.97)	Assets/_Game/Content/VisualReplacementV3/Materials/VR3_IndustrialTrimAtlas.mat	Assets/_Game/Content/VisualReplacementV3/Models/VR3_platformmetal.fbx
S01 Composition Root/Chapter 01 Visual Environment/FloorTerrain/Chapter 01 Active Industrial Facility V45/Compact small-panel deck/VR3_platformmetal/VR3_platformmetal(Clone)	(-14, 0.07500039, 6)	(3.97, 7.78828735E-07, 3.97)	Assets/_Game/Content/VisualReplacementV3/Materials/VR3_IndustrialTrimAtlas.mat	Assets/_Game/Content/VisualReplacementV3/Models/VR3_platformmetal.fbx
S01 Composition Root/Chapter 01 Visual Environment/FloorTerrain/Chapter 01 Active Industrial Facility V45/Compact small-panel deck/VR3_FracturedDeck/VR3_FracturedDeck(Clone)	(-14, 0.105, 10)	(3.97000027, 0.0599999949, 3.97000027)	Assets/_Game/Content/VisualReplacementV3/Materials/VR3_WornIndustrialAtlas.mat	Assets/_Game/Content/VisualReplacementV3/Models/VR3_FracturedDeck.fbx
S01 Composition Root/Chapter 01 Visual Environment/FloorTerrain/Chapter 01 Active Industrial Facility V45/Compact small-panel deck/VR3_FracturedDeck/VR3_FracturedDeck(Clone)	(-14, 0.105, 14)	(3.97000027, 0.0599999949, 3.97000027)	Assets/_Game/Content/VisualReplacementV3/Materials/VR3_WornIndustrialAtlas.mat	Assets/_Game/Content/VisualReplacementV3/Models/VR3_FracturedDeck.fbx
S01 Composition Root/Chapter 01 Visual Environment/FloorTerrain/Chapter 01 Active Industrial Facility V45/Compact small-panel deck/VR3_platformmetal/VR3_platformmetal(Clone)	(-14, 0.07500039, 18)	(3.97, 7.78828735E-07, 3.97)	Assets/_Game/Content/VisualReplacementV3/Materials/VR3_IndustrialTrimAtlas.mat	Assets/_Game/Content/VisualReplacementV3/Models/VR3_platformmetal.fbx
S01 Composition Root/Chapter 01 Visual Environment/FloorTerrain/Chapter 01 Active Industrial Facility V45/Compact small-panel deck/VR3_platformmetal/VR3_platformmetal(Clone)	(-14, 0.07500039, 22)	(3.97, 7.78828735E-07, 3.97)	Assets/_Game/Content/VisualReplacementV3/Materials/VR3_IndustrialTrimAtlas.mat	Assets/_Game/Content/VisualReplacementV3/Models/VR3_platformmetal.fbx
S01 Composition Root/Chapter 01 Visual Environment/FloorTerrain/Chapter 01 Active Industrial Facility V45/Compact small-panel deck/VR3_platformmetal/VR3_platformmetal(Clone)	(-14, 0.07500039, 26)	(3.97, 7.78828735E-07, 3.97)	Assets/_Game/Content/VisualReplacementV3/Materials/VR3_IndustrialTrimAtlas.mat	Assets/_Game/Content/VisualReplacementV3/Models/VR3_platformmetal.fbx
S01 Composition Root/Chapter 01 Visual Environment/FloorTerrain/Chapter 01 Active Industrial Facility V45/Compact small-panel deck/VR3_platformdarkplates/VR3_platformdarkplates(Clone)	(-14, 0.07500039, 30)	(3.97, 7.788289E-07, 3.97000027)	Assets/_Game/Content/VisualReplacementV3/Materials/VR3_IndustrialTrimAtlas.mat	Assets/_Game/Content/VisualReplacementV3/Models/VR3_platformdarkplates.fbx
S01 Composition Root/Chapter 01 Visual Environment/FloorTerrain/Chapter 01 Active Industrial Facility V45/Compact small-panel deck/VR3_platformmetal/VR3_platformmetal(Clone)	(-14, 0.07500039, 34)	(3.97, 7.78828735E-07, 3.97)	Assets/_Game/Content/VisualReplacementV3/Materials/VR3_IndustrialTrimAtlas.mat	Assets/_Game/Content/VisualReplacementV3/Models/VR3_platformmetal.fbx
S01 Composition Root/Chapter 01 Visual Environment/FloorTerrain/Chapter 01 Active Industrial Facility V45/Compact small-panel deck/VR3_platformmetal/VR3_platformmetal(Clone)	(-14, 0.07500039, 38)	(3.97, 7.78828735E-07, 3.97)	Assets/_Game/Content/VisualReplacementV3/Materials/VR3_IndustrialTrimAtlas.mat	Assets/_Game/Content/VisualReplacementV3/Models/VR3_platformmetal.fbx
S01 Composition Root/Chapter 01 Visual Environment/FloorTerrain/Chapter 01 Active Industrial Facility V45/Compact small-panel deck/VR3_platformmetal/VR3_platformmetal(Clone)	(-14, 0.07500039, 42)	(3.97, 7.78828735E-07, 3.97)	Assets/_Game/Content/VisualReplacementV3/Materials/VR3_IndustrialTrimAtlas.mat	Assets/_Game/Content/VisualReplacementV3/Models/VR3_platformmetal.fbx
S01 Composition Root/Chapter 01 Visual Environment/FloorTerrain/Chapter 01 Active Industrial Facility V45/Compact small-panel deck/VR3_platformdarkplates/VR3_platformdarkplates(Clone)	(-14, 0.07500039, 46)	(3.97, 7.788289E-07, 3.97000027)	Assets/_Game/Content/VisualReplacementV3/Materials/VR3_IndustrialTrimAtlas.mat	Assets/_Game/Content/VisualReplacementV3/Models/VR3_platformdarkplates.fbx
S01 Composition Root/Chapter 01 Visual Environment/FloorTerrain/Chapter 01 Active Industrial Facility V45/Compact small-panel deck/VR3_platformmetal/VR3_platformmetal(Clone)	(-14, 0.07500039, 50)	(3.97, 7.78828735E-07, 3.97)	Assets/_Game/Content/VisualReplacementV3/Materials/VR3_IndustrialTrimAtlas.mat	Assets/_Game/Content/VisualReplacementV3/Models/VR3_platformmetal.fbx
S01 Composition Root/Chapter 01 Visual Environment/FloorTerrain/Chapter 01 Active Industrial Facility V45/Compact small-panel deck/VR3_platformmetal/VR3_platformmetal(Clone)	(-14, 0.07500039, 54)	(3.97, 7.78828735E-07, 3.97)	Assets/_Game/Content/VisualReplacementV3/Materials/VR3_IndustrialTrimAtlas.mat	Assets/_Game/Content/VisualReplacementV3/Models/VR3_platformmetal.fbx
S01 Composition Root/Chapter 01 Visual Environment/FloorTerrain/Chapter 01 Active Industrial Facility V45/Compact small-panel deck/VR3_platformmetal/VR3_platformmetal(Clone)	(-14, 0.07500039, 58)	(3.97, 7.78828735E-07, 3.97)	Assets/_Game/Content/VisualReplacementV3/Materials/VR3_IndustrialTrimAtlas.mat	Assets/_Game/Content/VisualReplacementV3/Models/VR3_platformmetal.fbx
S01 Composition Root/Chapter 01 Visual Environment/FloorTerrain/Chapter 01 Active Industrial Facility V45/Compact small-panel deck/VR3_platformdarkplates/VR3_platformdarkplates(Clone)	(-14, 0.07500039, 62)	(3.97, 7.788289E-07, 3.97000027)	Assets/_Game/Content/VisualReplacementV3/Materials/VR3_IndustrialTrimAtlas.mat	Assets/_Game/Content/VisualReplacementV3/Models/VR3_platformdarkplates.fbx
S01 Composition Root/Chapter 01 Visual Environment/FloorTerrain/Chapter 01 Active Industrial Facility V45/Compact small-panel deck/VR3_FracturedDeck/VR3_FracturedDeck(Clone)	(-14, 0.105, 66)	(3.97000027, 0.0599999949, 3.97000027)	Assets/_Game/Content/VisualReplacementV3/Materials/VR3_WornIndustrialAtlas.mat	Assets/_Game/Content/VisualReplacementV3/Models/VR3_FracturedDeck.fbx
S01 Composition Root/Chapter 01 Visual Environment/FloorTerrain/Chapter 01 Active Industrial Facility V45/Compact small-panel deck/VR3_FracturedDeck/VR3_FracturedDeck(Clone)	(-14, 0.105, 70)	(3.97000027, 0.0599999949, 3.97000027)	Assets/_Game/Content/VisualReplacementV3/Materials/VR3_WornIndustrialAtlas.mat	Assets/_Game/Content/VisualReplacementV3/Models/VR3_FracturedDeck.fbx
S01 Composition Root/Chapter 01 Visual Environment/FloorTerrain/Chapter 01 Active Industrial Facility V45/Compact small-panel deck/VR3_platformmetal/VR3_platformmetal(Clone)	(-14, 0.07500039, 74)	(3.97, 7.78828735E-07, 3.97)	Assets/_Game/Content/VisualReplacementV3/Materials/VR3_IndustrialTrimAtlas.mat	Assets/_Game/Content/VisualReplacementV3/Models/VR3_platformmetal.fbx
S01 Composition Root/Chapter 01 Visual Environment/FloorTerrain/Chapter 01 Active Industrial Facility V45/Compact small-panel deck/VR3_platformdarkplates/VR3_platformdarkplates(Clone)	(-10, 0.07500039, -38)	(3.97, 7.788289E-07, 3.97000027)	Assets/_Game/Content/VisualReplacementV3/Materials/VR3_IndustrialTrimAtlas.mat	Assets/_Game/Content/VisualReplacementV3/Models/VR3_platformdarkplates.fbx
S01 Composition Root/Chapter 01 Visual Environment/FloorTerrain/Chapter 01 Active Industrial Facility V45/Compact small-panel deck/VR3_platformmetal/VR3_platformmetal(Clone)	(-10, 0.07500039, -34)	(3.97, 7.78828735E-07, 3.97)	Assets/_Game/Content/VisualReplacementV3/Materials/VR3_IndustrialTrimAtlas.mat	Assets/_Game/Content/VisualReplacementV3/Models/VR3_platformmetal.fbx
S01 Composition Root/Chapter 01 Visual Environment/FloorTerrain/Chapter 01 Active Industrial Facility V45/Compact small-panel deck/VR3_platformmetal/VR3_platformmetal(Clone)	(-10, 0.07500039, -30)	(3.97, 7.78828735E-07, 3.97)	Assets/_Game/Content/VisualReplacementV3/Materials/VR3_IndustrialTrimAtlas.mat	Assets/_Game/Content/VisualReplacementV3/Models/VR3_platformmetal.fbx
S01 Composition Root/Chapter 01 Visual Environment/FloorTerrain/Chapter 01 Active Industrial Facility V45/Compact small-panel deck/VR3_platformmetal/VR3_platformmetal(Clone)	(-10, 0.07500039, -26)	(3.97, 7.78828735E-07, 3.97)	Assets/_Game/Content/VisualReplacementV3/Materials/VR3_IndustrialTrimAtlas.mat	Assets/_Game/Content/VisualReplacementV3/Models/VR3_platformmetal.fbx
S01 Composition Root/Chapter 01 Visual Environment/FloorTerrain/Chapter 01 Active Industrial Facility V45/Compact small-panel deck/VR3_platformdarkplates/VR3_platformdarkplates(Clone)	(-10, 0.07500039, -22)	(3.97, 7.788289E-07, 3.97000027)	Assets/_Game/Content/VisualReplacementV3/Materials/VR3_IndustrialTrimAtlas.mat	Assets/_Game/Content/VisualReplacementV3/Models/VR3_platformdarkplates.fbx
S01 Composition Root/Chapter 01 Visual Environment/FloorTerrain/Chapter 01 Active Industrial Facility V45/Compact small-panel deck/VR3_platformmetal/VR3_platformmetal(Clone)	(-10, 0.07500039, -18)	(3.97, 7.78828735E-07, 3.97)	Assets/_Game/Content/VisualReplacementV3/Materials/VR3_IndustrialTrimAtlas.mat	Assets/_Game/Content/VisualReplacementV3/Models/VR3_platformmetal.fbx
S01 Composition Root/Chapter 01 Visual Environment/FloorTerrain/Chapter 01 Active Industrial Facility V45/Compact small-panel deck/VR3_platformmetal/VR3_platformmetal(Clone)	(-10, 0.07500039, -14)	(3.97, 7.78828735E-07, 3.97)	Assets/_Game/Content/VisualReplacementV3/Materials/VR3_IndustrialTrimAtlas.mat	Assets/_Game/Content/VisualReplacementV3/Models/VR3_platformmetal.fbx
S01 Composition Root/Chapter 01 Visual Environment/FloorTerrain/Chapter 01 Active Industrial Facility V45/Compact small-panel deck/VR3_platformmetal/VR3_platformmetal(Clone)	(-10, 0.07500039, -10)	(3.97, 7.78828735E-07, 3.97)	Assets/_Game/Content/VisualReplacementV3/Materials/VR3_IndustrialTrimAtlas.mat	Assets/_Game/Content/VisualReplacementV3/Models/VR3_platformmetal.fbx
S01 Composition Root/Chapter 01 Visual Environment/FloorTerrain/Chapter 01 Active Industrial Facility V45/Compact small-panel deck/VR3_platformdarkplates/VR3_platformdarkplates(Clone)	(-10, 0.07500039, -6)	(3.97, 7.788289E-07, 3.97000027)	Assets/_Game/Content/VisualReplacementV3/Materials/VR3_IndustrialTrimAtlas.mat	Assets/_Game/Content/VisualReplacementV3/Models/VR3_platformdarkplates.fbx
S01 Composition Root/Chapter 01 Visual Environment/FloorTerrain/Chapter 01 Active Industrial Facility V45/Compact small-panel deck/VR3_platformmetal/VR3_platformmetal(Clone)	(-10, 0.07500039, -2)	(3.97, 7.78828735E-07, 3.97)	Assets/_Game/Content/VisualReplacementV3/Materials/VR3_IndustrialTrimAtlas.mat	Assets/_Game/Content/VisualReplacementV3/Models/VR3_platformmetal.fbx
S01 Composition Root/Chapter 01 Visual Environment/FloorTerrain/Chapter 01 Active Industrial Facility V45/Compact small-panel deck/VR3_platformmetal/VR3_platformmetal(Clone)	(-10, 0.07500039, 2)	(3.97, 7.78828735E-07, 3.97)	Assets/_Game/Content/VisualReplacementV3/Materials/VR3_IndustrialTrimAtlas.mat	Assets/_Game/Content/VisualReplacementV3/Models/VR3_platformmetal.fbx
S01 Composition Root/Chapter 01 Visual Environment/FloorTerrain/Chapter 01 Active Industrial Facility V45/Compact small-panel deck/VR3_FracturedDeck/VR3_FracturedDeck(Clone)	(-10, 0.105, 6)	(3.97000027, 0.0599999949, 3.97000027)	Assets/_Game/Content/VisualReplacementV3/Materials/VR3_WornIndustrialAtlas.mat	Assets/_Game/Content/VisualReplacementV3/Models/VR3_FracturedDeck.fbx
S01 Composition Root/Chapter 01 Visual Environment/FloorTerrain/Chapter 01 Active Industrial Facility V45/Compact small-panel deck/VR3_FracturedDeck/VR3_FracturedDeck(Clone)	(-10, 0.105, 10)	(3.97000027, 0.0599999949, 3.97000027)	Assets/_Game/Content/VisualReplacementV3/Materials/VR3_WornIndustrialAtlas.mat	Assets/_Game/Content/VisualReplacementV3/Models/VR3_FracturedDeck.fbx
S01 Composition Root/Chapter 01 Visual Environment/FloorTerrain/Chapter 01 Active Industrial Facility V45/Compact small-panel deck/VR3_platformmetal/VR3_platformmetal(Clone)	(-10, 0.07500039, 14)	(3.97, 7.78828735E-07, 3.97)	Assets/_Game/Content/VisualReplacementV3/Materials/VR3_IndustrialTrimAtlas.mat	Assets/_Game/Content/VisualReplacementV3/Models/VR3_platformmetal.fbx
S01 Composition Root/Chapter 01 Visual Environment/FloorTerrain/Chapter 01 Active Industrial Facility V45/Compact small-panel deck/VR3_platformmetal/VR3_platformmetal(Clone)	(-10, 0.07500039, 18)	(3.97, 7.78828735E-07, 3.97)	Assets/_Game/Content/VisualReplacementV3/Materials/VR3_IndustrialTrimAtlas.mat	Assets/_Game/Content/VisualReplacementV3/Models/VR3_platformmetal.fbx
S01 Composition Root/Chapter 01 Visual Environment/FloorTerrain/Chapter 01 Active Industrial Facility V45/Compact small-panel deck/VR3_platformmetal/VR3_platformmetal(Clone)	(-10, 0.07500039, 22)	(3.97, 7.78828735E-07, 3.97)	Assets/_Game/Content/VisualReplacementV3/Materials/VR3_IndustrialTrimAtlas.mat	Assets/_Game/Content/VisualReplacementV3/Models/VR3_platformmetal.fbx
S01 Composition Root/Chapter 01 Visual Environment/FloorTerrain/Chapter 01 Active Industrial Facility V45/Compact small-panel deck/VR3_platformdarkplates/VR3_platformdarkplates(Clone)	(-10, 0.07500039, 26)	(3.97, 7.788289E-07, 3.97000027)	Assets/_Game/Content/VisualReplacementV3/Materials/VR3_IndustrialTrimAtlas.mat	Assets/_Game/Content/VisualReplacementV3/Models/VR3_platformdarkplates.fbx
S01 Composition Root/Chapter 01 Visual Environment/FloorTerrain/Chapter 01 Active Industrial Facility V45/Compact small-panel deck/VR3_platformmetal/VR3_platformmetal(Clone)	(-10, 0.07500039, 30)	(3.97, 7.78828735E-07, 3.97)	Assets/_Game/Content/VisualReplacementV3/Materials/VR3_IndustrialTrimAtlas.mat	Assets/_Game/Content/VisualReplacementV3/Models/VR3_platformmetal.fbx
S01 Composition Root/Chapter 01 Visual Environment/FloorTerrain/Chapter 01 Active Industrial Facility V45/Compact small-panel deck/VR3_platformmetal/VR3_platformmetal(Clone)	(-10, 0.07500039, 34)	(3.97, 7.78828735E-07, 3.97)	Assets/_Game/Content/VisualReplacementV3/Materials/VR3_IndustrialTrimAtlas.mat	Assets/_Game/Content/VisualReplacementV3/Models/VR3_platformmetal.fbx
S01 Composition Root/Chapter 01 Visual Environment/FloorTerrain/Chapter 01 Active Industrial Facility V45/Compact small-panel deck/VR3_platformmetal/VR3_platformmetal(Clone)	(-10, 0.07500039, 38)	(3.97, 7.78828735E-07, 3.97)	Assets/_Game/Content/VisualReplacementV3/Materials/VR3_IndustrialTrimAtlas.mat	Assets/_Game/Content/VisualReplacementV3/Models/VR3_platformmetal.fbx
S01 Composition Root/Chapter 01 Visual Environment/FloorTerrain/Chapter 01 Active Industrial Facility V45/Compact small-panel deck/VR3_platformdarkplates/VR3_platformdarkplates(Clone)	(-10, 0.07500039, 42)	(3.97, 7.788289E-07, 3.97000027)	Assets/_Game/Content/VisualReplacementV3/Materials/VR3_IndustrialTrimAtlas.mat	Assets/_Game/Content/VisualReplacementV3/Models/VR3_platformdarkplates.fbx
S01 Composition Root/Chapter 01 Visual Environment/FloorTerrain/Chapter 01 Active Industrial Facility V45/Compact small-panel deck/VR3_platformmetal/VR3_platformmetal(Clone)	(-10, 0.07500039, 46)	(3.97, 7.78828735E-07, 3.97)	Assets/_Game/Content/VisualReplacementV3/Materials/VR3_IndustrialTrimAtlas.mat	Assets/_Game/Content/VisualReplacementV3/Models/VR3_platformmetal.fbx
S01 Composition Root/Chapter 01 Visual Environment/FloorTerrain/Chapter 01 Active Industrial Facility V45/Compact small-panel deck/VR3_platformmetal/VR3_platformmetal(Clone)	(-10, 0.07500039, 50)	(3.97, 7.78828735E-07, 3.97)	Assets/_Game/Content/VisualReplacementV3/Materials/VR3_IndustrialTrimAtlas.mat	Assets/_Game/Content/VisualReplacementV3/Models/VR3_platformmetal.fbx
S01 Composition Root/Chapter 01 Visual Environment/FloorTerrain/Chapter 01 Active Industrial Facility V45/Compact small-panel deck/VR3_platformmetal/VR3_platformmetal(Clone)	(-10, 0.07500039, 54)	(3.97, 7.78828735E-07, 3.97)	Assets/_Game/Content/VisualReplacementV3/Materials/VR3_IndustrialTrimAtlas.mat	Assets/_Game/Content/VisualReplacementV3/Models/VR3_platformmetal.fbx
S01 Composition Root/Chapter 01 Visual Environment/FloorTerrain/Chapter 01 Active Industrial Facility V45/Compact small-panel deck/VR3_platformdarkplates/VR3_platformdarkplates(Clone)	(-10, 0.07500039, 58)	(3.97, 7.788289E-07, 3.97000027)	Assets/_Game/Content/VisualReplacementV3/Materials/VR3_IndustrialTrimAtlas.mat	Assets/_Game/Content/VisualReplacementV3/Models/VR3_platformdarkplates.fbx
S01 Composition Root/Chapter 01 Visual Environment/FloorTerrain/Chapter 01 Active Industrial Facility V45/Compact small-panel deck/VR3_FracturedDeck/VR3_FracturedDeck(Clone)	(-10, 0.105, 62)	(3.97000027, 0.0599999949, 3.97000027)	Assets/_Game/Content/VisualReplacementV3/Materials/VR3_WornIndustrialAtlas.mat	Assets/_Game/Content/VisualReplacementV3/Models/VR3_FracturedDeck.fbx
S01 Composition Root/Chapter 01 Visual Environment/FloorTerrain/Chapter 01 Active Industrial Facility V45/Compact small-panel deck/VR3_FracturedDeck/VR3_FracturedDeck(Clone)	(-10, 0.105, 66)	(3.97000027, 0.0599999949, 3.97000027)	Assets/_Game/Content/VisualReplacementV3/Materials/VR3_WornIndustrialAtlas.mat	Assets/_Game/Content/VisualReplacementV3/Models/VR3_FracturedDeck.fbx
S01 Composition Root/Chapter 01 Visual Environment/FloorTerrain/Chapter 01 Active Industrial Facility V45/Compact small-panel deck/VR3_platformmetal/VR3_platformmetal(Clone)	(-10, 0.07500039, 70)	(3.97, 7.78828735E-07, 3.97)	Assets/_Game/Content/VisualReplacementV3/Materials/VR3_IndustrialTrimAtlas.mat	Assets/_Game/Content/VisualReplacementV3/Models/VR3_platformmetal.fbx
S01 Composition Root/Chapter 01 Visual Environment/FloorTerrain/Chapter 01 Active Industrial Facility V45/Compact small-panel deck/VR3_platformdarkplates/VR3_platformdarkplates(Clone)	(-10, 0.07500039, 74)	(3.97, 7.788289E-07, 3.97000027)	Assets/_Game/Content/VisualReplacementV3/Materials/VR3_IndustrialTrimAtlas.mat	Assets/_Game/Content/VisualReplacementV3/Models/VR3_platformdarkplates.fbx
S01 Composition Root/Chapter 01 Visual Environment/FloorTerrain/Chapter 01 Active Industrial Facility V45/Compact small-panel deck/VR3_platformmetal/VR3_platformmetal(Clone)	(-6, 0.07500039, -38)	(3.97, 7.78828735E-07, 3.97)	Assets/_Game/Content/VisualReplacementV3/Materials/VR3_IndustrialTrimAtlas.mat	Assets/_Game/Content/VisualReplacementV3/Models/VR3_platformmetal.fbx
S01 Composition Root/Chapter 01 Visual Environment/FloorTerrain/Chapter 01 Active Industrial Facility V45/Compact small-panel deck/VR3_platformmetal/VR3_platformmetal(Clone)	(-6, 0.07500039, -34)	(3.97, 7.78828735E-07, 3.97)	Assets/_Game/Content/VisualReplacementV3/Materials/VR3_IndustrialTrimAtlas.mat	Assets/_Game/Content/VisualReplacementV3/Models/VR3_platformmetal.fbx
S01 Composition Root/Chapter 01 Visual Environment/FloorTerrain/Chapter 01 Active Industrial Facility V45/Compact small-panel deck/VR3_platformmetal/VR3_platformmetal(Clone)	(-6, 0.07500039, -30)	(3.97, 7.78828735E-07, 3.97)	Assets/_Game/Content/VisualReplacementV3/Materials/VR3_IndustrialTrimAtlas.mat	Assets/_Game/Content/VisualReplacementV3/Models/VR3_platformmetal.fbx
S01 Composition Root/Chapter 01 Visual Environment/FloorTerrain/Chapter 01 Active Industrial Facility V45/Compact small-panel deck/VR3_platformdarkplates/VR3_platformdarkplates(Clone)	(-6, 0.07500039, -26)	(3.97, 7.788289E-07, 3.97000027)	Assets/_Game/Content/VisualReplacementV3/Materials/VR3_IndustrialTrimAtlas.mat	Assets/_Game/Content/VisualReplacementV3/Models/VR3_platformdarkplates.fbx
S01 Composition Root/Chapter 01 Visual Environment/FloorTerrain/Chapter 01 Active Industrial Facility V45/Compact small-panel deck/VR3_platformmetal/VR3_platformmetal(Clone)	(-6, 0.07500039, -22)	(3.97, 7.78828735E-07, 3.97)	Assets/_Game/Content/VisualReplacementV3/Materials/VR3_IndustrialTrimAtlas.mat	Assets/_Game/Content/VisualReplacementV3/Models/VR3_platformmetal.fbx
S01 Composition Root/Chapter 01 Visual Environment/FloorTerrain/Chapter 01 Active Industrial Facility V45/Compact small-panel deck/VR3_platformmetal/VR3_platformmetal(Clone)	(-6, 0.07500039, -18)	(3.97, 7.78828735E-07, 3.97)	Assets/_Game/Content/VisualReplacementV3/Materials/VR3_IndustrialTrimAtlas.mat	Assets/_Game/Content/VisualReplacementV3/Models/VR3_platformmetal.fbx
S01 Composition Root/Chapter 01 Visual Environment/FloorTerrain/Chapter 01 Active Industrial Facility V45/Compact small-panel deck/VR3_platformmetal/VR3_platformmetal(Clone)	(-6, 0.07500039, -14)	(3.97, 7.78828735E-07, 3.97)	Assets/_Game/Content/VisualReplacementV3/Materials/VR3_IndustrialTrimAtlas.mat	Assets/_Game/Content/VisualReplacementV3/Models/VR3_platformmetal.fbx
S01 Composition Root/Chapter 01 Visual Environment/FloorTerrain/Chapter 01 Active Industrial Facility V45/Compact small-panel deck/VR3_platformdarkplates/VR3_platformdarkplates(Clone)	(-6, 0.07500039, -10)	(3.97, 7.788289E-07, 3.97000027)	Assets/_Game/Content/VisualReplacementV3/Materials/VR3_IndustrialTrimAtlas.mat	Assets/_Game/Content/VisualReplacementV3/Models/VR3_platformdarkplates.fbx
S01 Composition Root/Chapter 01 Visual Environment/FloorTerrain/Chapter 01 Active Industrial Facility V45/Compact small-panel deck/VR3_platformmetal/VR3_platformmetal(Clone)	(-6, 0.07500039, -6)	(3.97, 7.78828735E-07, 3.97)	Assets/_Game/Content/VisualReplacementV3/Materials/VR3_IndustrialTrimAtlas.mat	Assets/_Game/Content/VisualReplacementV3/Models/VR3_platformmetal.fbx
S01 Composition Root/Chapter 01 Visual Environment/FloorTerrain/Chapter 01 Active Industrial Facility V45/Compact small-panel deck/VR3_platformmetal/VR3_platformmetal(Clone)	(-6, 0.07500039, -2)	(3.97, 7.78828735E-07, 3.97)	Assets/_Game/Content/VisualReplacementV3/Materials/VR3_IndustrialTrimAtlas.mat	Assets/_Game/Content/VisualReplacementV3/Models/VR3_platformmetal.fbx
S01 Composition Root/Chapter 01 Visual Environment/FloorTerrain/Chapter 01 Active Industrial Facility V45/Compact small-panel deck/VR3_FracturedDeck/VR3_FracturedDeck(Clone)	(-6, 0.105, 2)	(3.97000027, 0.0599999949, 3.97000027)	Assets/_Game/Content/VisualReplacementV3/Materials/VR3_WornIndustrialAtlas.mat	Assets/_Game/Content/VisualReplacementV3/Models/VR3_FracturedDeck.fbx
S01 Composition Root/Chapter 01 Visual Environment/FloorTerrain/Chapter 01 Active Industrial Facility V45/Compact small-panel deck/VR3_FracturedDeck/VR3_FracturedDeck(Clone)	(-6, 0.105, 6)	(3.97000027, 0.0599999949, 3.97000027)	Assets/_Game/Content/VisualReplacementV3/Materials/VR3_WornIndustrialAtlas.mat	Assets/_Game/Content/VisualReplacementV3/Models/VR3_FracturedDeck.fbx
S01 Composition Root/Chapter 01 Visual Environment/FloorTerrain/Chapter 01 Active Industrial Facility V45/Compact small-panel deck/VR3_platformmetal/VR3_platformmetal(Clone)	(-6, 0.07500039, 10)	(3.97, 7.78828735E-07, 3.97)	Assets/_Game/Content/VisualReplacementV3/Materials/VR3_IndustrialTrimAtlas.mat	Assets/_Game/Content/VisualReplacementV3/Models/VR3_platformmetal.fbx
S01 Composition Root/Chapter 01 Visual Environment/FloorTerrain/Chapter 01 Active Industrial Facility V45/Compact small-panel deck/VR3_platformmetal/VR3_platformmetal(Clone)	(-6, 0.07500039, 14)	(3.97, 7.78828735E-07, 3.97)	Assets/_Game/Content/VisualReplacementV3/Materials/VR3_IndustrialTrimAtlas.mat	Assets/_Game/Content/VisualReplacementV3/Models/VR3_platformmetal.fbx
S01 Composition Root/Chapter 01 Visual Environment/FloorTerrain/Chapter 01 Active Industrial Facility V45/Compact small-panel deck/VR3_platformmetal/VR3_platformmetal(Clone)	(-6, 0.07500039, 18)	(3.97, 7.78828735E-07, 3.97)	Assets/_Game/Content/VisualReplacementV3/Materials/VR3_IndustrialTrimAtlas.mat	Assets/_Game/Content/VisualReplacementV3/Models/VR3_platformmetal.fbx
S01 Composition Root/Chapter 01 Visual Environment/FloorTerrain/Chapter 01 Active Industrial Facility V45/Compact small-panel deck/VR3_platformdarkplates/VR3_platformdarkplates(Clone)	(-6, 0.07500039, 22)	(3.97, 7.788289E-07, 3.97000027)	Assets/_Game/Content/VisualReplacementV3/Materials/VR3_IndustrialTrimAtlas.mat	Assets/_Game/Content/VisualReplacementV3/Models/VR3_platformdarkplates.fbx
S01 Composition Root/Chapter 01 Visual Environment/FloorTerrain/Chapter 01 Active Industrial Facility V45/Compact small-panel deck/VR3_platformmetal/VR3_platformmetal(Clone)	(-6, 0.07500039, 26)	(3.97, 7.78828735E-07, 3.97)	Assets/_Game/Content/VisualReplacementV3/Materials/VR3_IndustrialTrimAtlas.mat	Assets/_Game/Content/VisualReplacementV3/Models/VR3_platformmetal.fbx
S01 Composition Root/Chapter 01 Visual Environment/FloorTerrain/Chapter 01 Active Industrial Facility V45/Compact small-panel deck/VR3_platformmetal/VR3_platformmetal(Clone)	(-6, 0.07500039, 30)	(3.97, 7.78828735E-07, 3.97)	Assets/_Game/Content/VisualReplacementV3/Materials/VR3_IndustrialTrimAtlas.mat	Assets/_Game/Content/VisualReplacementV3/Models/VR3_platformmetal.fbx
S01 Composition Root/Chapter 01 Visual Environment/FloorTerrain/Chapter 01 Active Industrial Facility V45/Compact small-panel deck/VR3_platformmetal/VR3_platformmetal(Clone)	(-6, 0.07500039, 34)	(3.97, 7.78828735E-07, 3.97)	Assets/_Game/Content/VisualReplacementV3/Materials/VR3_IndustrialTrimAtlas.mat	Assets/_Game/Content/VisualReplacementV3/Models/VR3_platformmetal.fbx
S01 Composition Root/Chapter 01 Visual Environment/FloorTerrain/Chapter 01 Active Industrial Facility V45/Compact small-panel deck/VR3_platformdarkplates/VR3_platformdarkplates(Clone)	(-6, 0.07500039, 38)	(3.97, 7.788289E-07, 3.97000027)	Assets/_Game/Content/VisualReplacementV3/Materials/VR3_IndustrialTrimAtlas.mat	Assets/_Game/Content/VisualReplacementV3/Models/VR3_platformdarkplates.fbx
S01 Composition Root/Chapter 01 Visual Environment/FloorTerrain/Chapter 01 Active Industrial Facility V45/Compact small-panel deck/VR3_platformmetal/VR3_platformmetal(Clone)	(-6, 0.07500039, 42)	(3.97, 7.78828735E-07, 3.97)	Assets/_Game/Content/VisualReplacementV3/Materials/VR3_IndustrialTrimAtlas.mat	Assets/_Game/Content/VisualReplacementV3/Models/VR3_platformmetal.fbx
S01 Composition Root/Chapter 01 Visual Environment/FloorTerrain/Chapter 01 Active Industrial Facility V45/Compact small-panel deck/VR3_platformmetal/VR3_platformmetal(Clone)	(-6, 0.07500039, 46)	(3.97, 7.78828735E-07, 3.97)	Assets/_Game/Content/VisualReplacementV3/Materials/VR3_IndustrialTrimAtlas.mat	Assets/_Game/Content/VisualReplacementV3/Models/VR3_platformmetal.fbx
S01 Composition Root/Chapter 01 Visual Environment/FloorTerrain/Chapter 01 Active Industrial Facility V45/Compact small-panel deck/VR3_platformmetal/VR3_platformmetal(Clone)	(-6, 0.07500039, 50)	(3.97, 7.78828735E-07, 3.97)	Assets/_Game/Content/VisualReplacementV3/Materials/VR3_IndustrialTrimAtlas.mat	Assets/_Game/Content/VisualReplacementV3/Models/VR3_platformmetal.fbx
S01 Composition Root/Chapter 01 Visual Environment/FloorTerrain/Chapter 01 Active Industrial Facility V45/Compact small-panel deck/VR3_platformdarkplates/VR3_platformdarkplates(Clone)	(-6, 0.07500039, 54)	(3.97, 7.788289E-07, 3.97000027)	Assets/_Game/Content/VisualReplacementV3/Materials/VR3_IndustrialTrimAtlas.mat	Assets/_Game/Content/VisualReplacementV3/Models/VR3_platformdarkplates.fbx
S01 Composition Root/Chapter 01 Visual Environment/FloorTerrain/Chapter 01 Active Industrial Facility V45/Compact small-panel deck/VR3_FracturedDeck/VR3_FracturedDeck(Clone)	(-6, 0.105, 58)	(3.97000027, 0.0599999949, 3.97000027)	Assets/_Game/Content/VisualReplacementV3/Materials/VR3_WornIndustrialAtlas.mat	Assets/_Game/Content/VisualReplacementV3/Models/VR3_FracturedDeck.fbx
S01 Composition Root/Chapter 01 Visual Environment/FloorTerrain/Chapter 01 Active Industrial Facility V45/Compact small-panel deck/VR3_FracturedDeck/VR3_FracturedDeck(Clone)	(-6, 0.105, 62)	(3.97000027, 0.0599999949, 3.97000027)	Assets/_Game/Content/VisualReplacementV3/Materials/VR3_WornIndustrialAtlas.mat	Assets/_Game/Content/VisualReplacementV3/Models/VR3_FracturedDeck.fbx
S01 Composition Root/Chapter 01 Visual Environment/FloorTerrain/Chapter 01 Active Industrial Facility V45/Compact small-panel deck/VR3_platformmetal/VR3_platformmetal(Clone)	(-6, 0.07500039, 66)	(3.97, 7.78828735E-07, 3.97)	Assets/_Game/Content/VisualReplacementV3/Materials/VR3_IndustrialTrimAtlas.mat	Assets/_Game/Content/VisualReplacementV3/Models/VR3_platformmetal.fbx
S01 Composition Root/Chapter 01 Visual Environment/FloorTerrain/Chapter 01 Active Industrial Facility V45/Compact small-panel deck/VR3_platformdarkplates/VR3_platformdarkplates(Clone)	(-6, 0.07500039, 70)	(3.97, 7.788289E-07, 3.97000027)	Assets/_Game/Content/VisualReplacementV3/Materials/VR3_IndustrialTrimAtlas.mat	Assets/_Game/Content/VisualReplacementV3/Models/VR3_platformdarkplates.fbx
S01 Composition Root/Chapter 01 Visual Environment/FloorTerrain/Chapter 01 Active Industrial Facility V45/Compact small-panel deck/VR3_platformmetal/VR3_platformmetal(Clone)	(-6, 0.07500039, 74)	(3.97, 7.78828735E-07, 3.97)	Assets/_Game/Content/VisualReplacementV3/Materials/VR3_IndustrialTrimAtlas.mat	Assets/_Game/Content/VisualReplacementV3/Models/VR3_platformmetal.fbx
S01 Composition Root/Chapter 01 Visual Environment/FloorTerrain/Chapter 01 Active Industrial Facility V45/Compact small-panel deck/VR3_platformmetal/VR3_platformmetal(Clone)	(-2, 0.07500039, -38)	(3.97, 7.78828735E-07, 3.97)	Assets/_Game/Content/VisualReplacementV3/Materials/VR3_IndustrialTrimAtlas.mat	Assets/_Game/Content/VisualReplacementV3/Models/VR3_platformmetal.fbx
S01 Composition Root/Chapter 01 Visual Environment/FloorTerrain/Chapter 01 Active Industrial Facility V45/Compact small-panel deck/VR3_platformmetal/VR3_platformmetal(Clone)	(-2, 0.07500039, -34)	(3.97, 7.78828735E-07, 3.97)	Assets/_Game/Content/VisualReplacementV3/Materials/VR3_IndustrialTrimAtlas.mat	Assets/_Game/Content/VisualReplacementV3/Models/VR3_platformmetal.fbx
S01 Composition Root/Chapter 01 Visual Environment/FloorTerrain/Chapter 01 Active Industrial Facility V45/Compact small-panel deck/VR3_platformdarkplates/VR3_platformdarkplates(Clone)	(-2, 0.07500039, -30)	(3.97, 7.788289E-07, 3.97000027)	Assets/_Game/Content/VisualReplacementV3/Materials/VR3_IndustrialTrimAtlas.mat	Assets/_Game/Content/VisualReplacementV3/Models/VR3_platformdarkplates.fbx
S01 Composition Root/Chapter 01 Visual Environment/FloorTerrain/Chapter 01 Active Industrial Facility V45/Compact small-panel deck/VR3_platformmetal/VR3_platformmetal(Clone)	(-2, 0.07500039, -26)	(3.97, 7.78828735E-07, 3.97)	Assets/_Game/Content/VisualReplacementV3/Materials/VR3_IndustrialTrimAtlas.mat	Assets/_Game/Content/VisualReplacementV3/Models/VR3_platformmetal.fbx
S01 Composition Root/Chapter 01 Visual Environment/FloorTerrain/Chapter 01 Active Industrial Facility V45/Compact small-panel deck/VR3_platformmetal/VR3_platformmetal(Clone)	(-2, 0.07500039, -22)	(3.97, 7.78828735E-07, 3.97)	Assets/_Game/Content/VisualReplacementV3/Materials/VR3_IndustrialTrimAtlas.mat	Assets/_Game/Content/VisualReplacementV3/Models/VR3_platformmetal.fbx
S01 Composition Root/Chapter 01 Visual Environment/FloorTerrain/Chapter 01 Active Industrial Facility V45/Compact small-panel deck/VR3_platformmetal/VR3_platformmetal(Clone)	(-2, 0.07500039, -18)	(3.97, 7.78828735E-07, 3.97)	Assets/_Game/Content/VisualReplacementV3/Materials/VR3_IndustrialTrimAtlas.mat	Assets/_Game/Content/VisualReplacementV3/Models/VR3_platformmetal.fbx
S01 Composition Root/Chapter 01 Visual Environment/FloorTerrain/Chapter 01 Active Industrial Facility V45/Compact small-panel deck/VR3_platformdarkplates/VR3_platformdarkplates(Clone)	(-2, 0.07500039, -14)	(3.97, 7.788289E-07, 3.97000027)	Assets/_Game/Content/VisualReplacementV3/Materials/VR3_IndustrialTrimAtlas.mat	Assets/_Game/Content/VisualReplacementV3/Models/VR3_platformdarkplates.fbx
S01 Composition Root/Chapter 01 Visual Environment/FloorTerrain/Chapter 01 Active Industrial Facility V45/Compact small-panel deck/VR3_platformmetal/VR3_platformmetal(Clone)	(-2, 0.07500039, -10)	(3.97, 7.78828735E-07, 3.97)	Assets/_Game/Content/VisualReplacementV3/Materials/VR3_IndustrialTrimAtlas.mat	Assets/_Game/Content/VisualReplacementV3/Models/VR3_platformmetal.fbx
S01 Composition Root/Chapter 01 Visual Environment/FloorTerrain/Chapter 01 Active Industrial Facility V45/Compact small-panel deck/VR3_platformmetal/VR3_platformmetal(Clone)	(-2, 0.07500039, -6)	(3.97, 7.78828735E-07, 3.97)	Assets/_Game/Content/VisualReplacementV3/Materials/VR3_IndustrialTrimAtlas.mat	Assets/_Game/Content/VisualReplacementV3/Models/VR3_platformmetal.fbx
S01 Composition Root/Chapter 01 Visual Environment/FloorTerrain/Chapter 01 Active Industrial Facility V45/Compact small-panel deck/VR3_FracturedDeck/VR3_FracturedDeck(Clone)	(-2, 0.105, -2)	(3.97000027, 0.0599999949, 3.97000027)	Assets/_Game/Content/VisualReplacementV3/Materials/VR3_WornIndustrialAtlas.mat	Assets/_Game/Content/VisualReplacementV3/Models/VR3_FracturedDeck.fbx
S01 Composition Root/Chapter 01 Visual Environment/FloorTerrain/Chapter 01 Active Industrial Facility V45/Compact small-panel deck/VR3_FracturedDeck/VR3_FracturedDeck(Clone)	(-2, 0.105, 2)	(3.97000027, 0.0599999949, 3.97000027)	Assets/_Game/Content/VisualReplacementV3/Materials/VR3_WornIndustrialAtlas.mat	Assets/_Game/Content/VisualReplacementV3/Models/VR3_FracturedDeck.fbx
S01 Composition Root/Chapter 01 Visual Environment/FloorTerrain/Chapter 01 Active Industrial Facility V45/Compact small-panel deck/VR3_platformmetal/VR3_platformmetal(Clone)	(-2, 0.07500039, 6)	(3.97, 7.78828735E-07, 3.97)	Assets/_Game/Content/VisualReplacementV3/Materials/VR3_IndustrialTrimAtlas.mat	Assets/_Game/Content/VisualReplacementV3/Models/VR3_platformmetal.fbx
S01 Composition Root/Chapter 01 Visual Environment/FloorTerrain/Chapter 01 Active Industrial Facility V45/Compact small-panel deck/VR3_platformmetal/VR3_platformmetal(Clone)	(-2, 0.07500039, 10)	(3.97, 7.78828735E-07, 3.97)	Assets/_Game/Content/VisualReplacementV3/Materials/VR3_IndustrialTrimAtlas.mat	Assets/_Game/Content/VisualReplacementV3/Models/VR3_platformmetal.fbx
S01 Composition Root/Chapter 01 Visual Environment/FloorTerrain/Chapter 01 Active Industrial Facility V45/Compact small-panel deck/VR3_platformmetal/VR3_platformmetal(Clone)	(-2, 0.07500039, 14)	(3.97, 7.78828735E-07, 3.97)	Assets/_Game/Content/VisualReplacementV3/Materials/VR3_IndustrialTrimAtlas.mat	Assets/_Game/Content/VisualReplacementV3/Models/VR3_platformmetal.fbx
S01 Composition Root/Chapter 01 Visual Environment/FloorTerrain/Chapter 01 Active Industrial Facility V45/Compact small-panel deck/VR3_platformdarkplates/VR3_platformdarkplates(Clone)	(-2, 0.07500039, 18)	(3.97, 7.788289E-07, 3.97000027)	Assets/_Game/Content/VisualReplacementV3/Materials/VR3_IndustrialTrimAtlas.mat	Assets/_Game/Content/VisualReplacementV3/Models/VR3_platformdarkplates.fbx
S01 Composition Root/Chapter 01 Visual Environment/FloorTerrain/Chapter 01 Active Industrial Facility V45/Compact small-panel deck/VR3_platformmetal/VR3_platformmetal(Clone)	(-2, 0.07500039, 22)	(3.97, 7.78828735E-07, 3.97)	Assets/_Game/Content/VisualReplacementV3/Materials/VR3_IndustrialTrimAtlas.mat	Assets/_Game/Content/VisualReplacementV3/Models/VR3_platformmetal.fbx
S01 Composition Root/Chapter 01 Visual Environment/FloorTerrain/Chapter 01 Active Industrial Facility V45/Compact small-panel deck/VR3_platformmetal/VR3_platformmetal(Clone)	(-2, 0.07500039, 26)	(3.97, 7.78828735E-07, 3.97)	Assets/_Game/Content/VisualReplacementV3/Materials/VR3_IndustrialTrimAtlas.mat	Assets/_Game/Content/VisualReplacementV3/Models/VR3_platformmetal.fbx
S01 Composition Root/Chapter 01 Visual Environment/FloorTerrain/Chapter 01 Active Industrial Facility V45/Compact small-panel deck/VR3_platformmetal/VR3_platformmetal(Clone)	(-2, 0.07500039, 30)	(3.97, 7.78828735E-07, 3.97)	Assets/_Game/Content/VisualReplacementV3/Materials/VR3_IndustrialTrimAtlas.mat	Assets/_Game/Content/VisualReplacementV3/Models/VR3_platformmetal.fbx
S01 Composition Root/Chapter 01 Visual Environment/FloorTerrain/Chapter 01 Active Industrial Facility V45/Compact small-panel deck/VR3_platformdarkplates/VR3_platformdarkplates(Clone)	(-2, 0.07500039, 34)	(3.97, 7.788289E-07, 3.97000027)	Assets/_Game/Content/VisualReplacementV3/Materials/VR3_IndustrialTrimAtlas.mat	Assets/_Game/Content/VisualReplacementV3/Models/VR3_platformdarkplates.fbx
S01 Composition Root/Chapter 01 Visual Environment/FloorTerrain/Chapter 01 Active Industrial Facility V45/Compact small-panel deck/VR3_platformmetal/VR3_platformmetal(Clone)	(-2, 0.07500039, 38)	(3.97, 7.78828735E-07, 3.97)	Assets/_Game/Content/VisualReplacementV3/Materials/VR3_IndustrialTrimAtlas.mat	Assets/_Game/Content/VisualReplacementV3/Models/VR3_platformmetal.fbx
S01 Composition Root/Chapter 01 Visual Environment/FloorTerrain/Chapter 01 Active Industrial Facility V45/Compact small-panel deck/VR3_platformmetal/VR3_platformmetal(Clone)	(-2, 0.07500039, 42)	(3.97, 7.78828735E-07, 3.97)	Assets/_Game/Content/VisualReplacementV3/Materials/VR3_IndustrialTrimAtlas.mat	Assets/_Game/Content/VisualReplacementV3/Models/VR3_platformmetal.fbx
S01 Composition Root/Chapter 01 Visual Environment/FloorTerrain/Chapter 01 Active Industrial Facility V45/Compact small-panel deck/VR3_platformmetal/VR3_platformmetal(Clone)	(-2, 0.07500039, 46)	(3.97, 7.78828735E-07, 3.97)	Assets/_Game/Content/VisualReplacementV3/Materials/VR3_IndustrialTrimAtlas.mat	Assets/_Game/Content/VisualReplacementV3/Models/VR3_platformmetal.fbx
S01 Composition Root/Chapter 01 Visual Environment/FloorTerrain/Chapter 01 Active Industrial Facility V45/Compact small-panel deck/VR3_platformdarkplates/VR3_platformdarkplates(Clone)	(-2, 0.07500039, 50)	(3.97, 7.788289E-07, 3.97000027)	Assets/_Game/Content/VisualReplacementV3/Materials/VR3_IndustrialTrimAtlas.mat	Assets/_Game/Content/VisualReplacementV3/Models/VR3_platformdarkplates.fbx
S01 Composition Root/Chapter 01 Visual Environment/FloorTerrain/Chapter 01 Active Industrial Facility V45/Compact small-panel deck/VR3_FracturedDeck/VR3_FracturedDeck(Clone)	(-2, 0.105, 54)	(3.97000027, 0.0599999949, 3.97000027)	Assets/_Game/Content/VisualReplacementV3/Materials/VR3_WornIndustrialAtlas.mat	Assets/_Game/Content/VisualReplacementV3/Models/VR3_FracturedDeck.fbx
S01 Composition Root/Chapter 01 Visual Environment/FloorTerrain/Chapter 01 Active Industrial Facility V45/Compact small-panel deck/VR3_FracturedDeck/VR3_FracturedDeck(Clone)	(-2, 0.105, 58)	(3.97000027, 0.0599999949, 3.97000027)	Assets/_Game/Content/VisualReplacementV3/Materials/VR3_WornIndustrialAtlas.mat	Assets/_Game/Content/VisualReplacementV3/Models/VR3_FracturedDeck.fbx
S01 Composition Root/Chapter 01 Visual Environment/FloorTerrain/Chapter 01 Active Industrial Facility V45/Compact small-panel deck/VR3_platformmetal/VR3_platformmetal(Clone)	(-2, 0.07500039, 62)	(3.97, 7.78828735E-07, 3.97)	Assets/_Game/Content/VisualReplacementV3/Materials/VR3_IndustrialTrimAtlas.mat	Assets/_Game/Content/VisualReplacementV3/Models/VR3_platformmetal.fbx
S01 Composition Root/Chapter 01 Visual Environment/FloorTerrain/Chapter 01 Active Industrial Facility V45/Compact small-panel deck/VR3_platformdarkplates/VR3_platformdarkplates(Clone)	(-2, 0.07500039, 66)	(3.97, 7.788289E-07, 3.97000027)	Assets/_Game/Content/VisualReplacementV3/Materials/VR3_IndustrialTrimAtlas.mat	Assets/_Game/Content/VisualReplacementV3/Models/VR3_platformdarkplates.fbx
S01 Composition Root/Chapter 01 Visual Environment/FloorTerrain/Chapter 01 Active Industrial Facility V45/Compact small-panel deck/VR3_platformmetal/VR3_platformmetal(Clone)	(-2, 0.07500039, 70)	(3.97, 7.78828735E-07, 3.97)	Assets/_Game/Content/VisualReplacementV3/Materials/VR3_IndustrialTrimAtlas.mat	Assets/_Game/Content/VisualReplacementV3/Models/VR3_platformmetal.fbx
S01 Composition Root/Chapter 01 Visual Environment/FloorTerrain/Chapter 01 Active Industrial Facility V45/Compact small-panel deck/VR3_platformmetal/VR3_platformmetal(Clone)	(-2, 0.07500039, 74)	(3.97, 7.78828735E-07, 3.97)	Assets/_Game/Content/VisualReplacementV3/Materials/VR3_IndustrialTrimAtlas.mat	Assets/_Game/Content/VisualReplacementV3/Models/VR3_platformmetal.fbx
S01 Composition Root/Chapter 01 Visual Environment/FloorTerrain/Chapter 01 Active Industrial Facility V45/Compact small-panel deck/VR3_platformmetal/VR3_platformmetal(Clone)	(2, 0.07500039, -38)	(3.97, 7.78828735E-07, 3.97)	Assets/_Game/Content/VisualReplacementV3/Materials/VR3_IndustrialTrimAtlas.mat	Assets/_Game/Content/VisualReplacementV3/Models/VR3_platformmetal.fbx
S01 Composition Root/Chapter 01 Visual Environment/FloorTerrain/Chapter 01 Active Industrial Facility V45/Compact small-panel deck/VR3_platformdarkplates/VR3_platformdarkplates(Clone)	(2, 0.07500039, -34)	(3.97, 7.788289E-07, 3.97000027)	Assets/_Game/Content/VisualReplacementV3/Materials/VR3_IndustrialTrimAtlas.mat	Assets/_Game/Content/VisualReplacementV3/Models/VR3_platformdarkplates.fbx
S01 Composition Root/Chapter 01 Visual Environment/FloorTerrain/Chapter 01 Active Industrial Facility V45/Compact small-panel deck/VR3_platformmetal/VR3_platformmetal(Clone)	(2, 0.07500039, -30)	(3.97, 7.78828735E-07, 3.97)	Assets/_Game/Content/VisualReplacementV3/Materials/VR3_IndustrialTrimAtlas.mat	Assets/_Game/Content/VisualReplacementV3/Models/VR3_platformmetal.fbx
S01 Composition Root/Chapter 01 Visual Environment/FloorTerrain/Chapter 01 Active Industrial Facility V45/Compact small-panel deck/VR3_platformmetal/VR3_platformmetal(Clone)	(2, 0.07500039, -26)	(3.97, 7.78828735E-07, 3.97)	Assets/_Game/Content/VisualReplacementV3/Materials/VR3_IndustrialTrimAtlas.mat	Assets/_Game/Content/VisualReplacementV3/Models/VR3_platformmetal.fbx
S01 Composition Root/Chapter 01 Visual Environment/FloorTerrain/Chapter 01 Active Industrial Facility V45/Compact small-panel deck/VR3_platformmetal/VR3_platformmetal(Clone)	(2, 0.07500039, -22)	(3.97, 7.78828735E-07, 3.97)	Assets/_Game/Content/VisualReplacementV3/Materials/VR3_IndustrialTrimAtlas.mat	Assets/_Game/Content/VisualReplacementV3/Models/VR3_platformmetal.fbx
S01 Composition Root/Chapter 01 Visual Environment/FloorTerrain/Chapter 01 Active Industrial Facility V45/Compact small-panel deck/VR3_platformdarkplates/VR3_platformdarkplates(Clone)	(2, 0.07500039, -18)	(3.97, 7.788289E-07, 3.97000027)	Assets/_Game/Content/VisualReplacementV3/Materials/VR3_IndustrialTrimAtlas.mat	Assets/_Game/Content/VisualReplacementV3/Models/VR3_platformdarkplates.fbx
S01 Composition Root/Chapter 01 Visual Environment/FloorTerrain/Chapter 01 Active Industrial Facility V45/Compact small-panel deck/VR3_platformmetal/VR3_platformmetal(Clone)	(2, 0.07500039, -14)	(3.97, 7.78828735E-07, 3.97)	Assets/_Game/Content/VisualReplacementV3/Materials/VR3_IndustrialTrimAtlas.mat	Assets/_Game/Content/VisualReplacementV3/Models/VR3_platformmetal.fbx
S01 Composition Root/Chapter 01 Visual Environment/FloorTerrain/Chapter 01 Active Industrial Facility V45/Compact small-panel deck/VR3_platformmetal/VR3_platformmetal(Clone)	(2, 0.07500039, -10)	(3.97, 7.78828735E-07, 3.97)	Assets/_Game/Content/VisualReplacementV3/Materials/VR3_IndustrialTrimAtlas.mat	Assets/_Game/Content/VisualReplacementV3/Models/VR3_platformmetal.fbx
S01 Composition Root/Chapter 01 Visual Environment/FloorTerrain/Chapter 01 Active Industrial Facility V45/Compact small-panel deck/VR3_platformmetal/VR3_platformmetal(Clone)	(2, 0.07500039, -6)	(3.97, 7.78828735E-07, 3.97)	Assets/_Game/Content/VisualReplacementV3/Materials/VR3_IndustrialTrimAtlas.mat	Assets/_Game/Content/VisualReplacementV3/Models/VR3_platformmetal.fbx
S01 Composition Root/Chapter 01 Visual Environment/FloorTerrain/Chapter 01 Active Industrial Facility V45/Compact small-panel deck/VR3_FracturedDeck/VR3_FracturedDeck(Clone)	(2, 0.105, -2)	(3.97000027, 0.0599999949, 3.97000027)	Assets/_Game/Content/VisualReplacementV3/Materials/VR3_WornIndustrialAtlas.mat	Assets/_Game/Content/VisualReplacementV3/Models/VR3_FracturedDeck.fbx
S01 Composition Root/Chapter 01 Visual Environment/FloorTerrain/Chapter 01 Active Industrial Facility V45/Compact small-panel deck/VR3_FracturedDeck/VR3_FracturedDeck(Clone)	(2, 0.105, 2)	(3.97000027, 0.0599999949, 3.97000027)	Assets/_Game/Content/VisualReplacementV3/Materials/VR3_WornIndustrialAtlas.mat	Assets/_Game/Content/VisualReplacementV3/Models/VR3_FracturedDeck.fbx
S01 Composition Root/Chapter 01 Visual Environment/FloorTerrain/Chapter 01 Active Industrial Facility V45/Compact small-panel deck/VR3_platformmetal/VR3_platformmetal(Clone)	(2, 0.07500039, 6)	(3.97, 7.78828735E-07, 3.97)	Assets/_Game/Content/VisualReplacementV3/Materials/VR3_IndustrialTrimAtlas.mat	Assets/_Game/Content/VisualReplacementV3/Models/VR3_platformmetal.fbx
S01 Composition Root/Chapter 01 Visual Environment/FloorTerrain/Chapter 01 Active Industrial Facility V45/Compact small-panel deck/VR3_platformmetal/VR3_platformmetal(Clone)	(2, 0.07500039, 10)	(3.97, 7.78828735E-07, 3.97)	Assets/_Game/Content/VisualReplacementV3/Materials/VR3_IndustrialTrimAtlas.mat	Assets/_Game/Content/VisualReplacementV3/Models/VR3_platformmetal.fbx
S01 Composition Root/Chapter 01 Visual Environment/FloorTerrain/Chapter 01 Active Industrial Facility V45/Compact small-panel deck/VR3_platformdarkplates/VR3_platformdarkplates(Clone)	(2, 0.07500039, 14)	(3.97, 7.788289E-07, 3.97000027)	Assets/_Game/Content/VisualReplacementV3/Materials/VR3_IndustrialTrimAtlas.mat	Assets/_Game/Content/VisualReplacementV3/Models/VR3_platformdarkplates.fbx
S01 Composition Root/Chapter 01 Visual Environment/FloorTerrain/Chapter 01 Active Industrial Facility V45/Compact small-panel deck/VR3_platformmetal/VR3_platformmetal(Clone)	(2, 0.07500039, 18)	(3.97, 7.78828735E-07, 3.97)	Assets/_Game/Content/VisualReplacementV3/Materials/VR3_IndustrialTrimAtlas.mat	Assets/_Game/Content/VisualReplacementV3/Models/VR3_platformmetal.fbx
S01 Composition Root/Chapter 01 Visual Environment/FloorTerrain/Chapter 01 Active Industrial Facility V45/Compact small-panel deck/VR3_platformmetal/VR3_platformmetal(Clone)	(2, 0.07500039, 22)	(3.97, 7.78828735E-07, 3.97)	Assets/_Game/Content/VisualReplacementV3/Materials/VR3_IndustrialTrimAtlas.mat	Assets/_Game/Content/VisualReplacementV3/Models/VR3_platformmetal.fbx
S01 Composition Root/Chapter 01 Visual Environment/FloorTerrain/Chapter 01 Active Industrial Facility V45/Compact small-panel deck/VR3_platformmetal/VR3_platformmetal(Clone)	(2, 0.07500039, 26)	(3.97, 7.78828735E-07, 3.97)	Assets/_Game/Content/VisualReplacementV3/Materials/VR3_IndustrialTrimAtlas.mat	Assets/_Game/Content/VisualReplacementV3/Models/VR3_platformmetal.fbx
S01 Composition Root/Chapter 01 Visual Environment/FloorTerrain/Chapter 01 Active Industrial Facility V45/Compact small-panel deck/VR3_platformdarkplates/VR3_platformdarkplates(Clone)	(2, 0.07500039, 30)	(3.97, 7.788289E-07, 3.97000027)	Assets/_Game/Content/VisualReplacementV3/Materials/VR3_IndustrialTrimAtlas.mat	Assets/_Game/Content/VisualReplacementV3/Models/VR3_platformdarkplates.fbx
S01 Composition Root/Chapter 01 Visual Environment/FloorTerrain/Chapter 01 Active Industrial Facility V45/Compact small-panel deck/VR3_platformmetal/VR3_platformmetal(Clone)	(2, 0.07500039, 34)	(3.97, 7.78828735E-07, 3.97)	Assets/_Game/Content/VisualReplacementV3/Materials/VR3_IndustrialTrimAtlas.mat	Assets/_Game/Content/VisualReplacementV3/Models/VR3_platformmetal.fbx
S01 Composition Root/Chapter 01 Visual Environment/FloorTerrain/Chapter 01 Active Industrial Facility V45/Compact small-panel deck/VR3_platformmetal/VR3_platformmetal(Clone)	(2, 0.07500039, 38)	(3.97, 7.78828735E-07, 3.97)	Assets/_Game/Content/VisualReplacementV3/Materials/VR3_IndustrialTrimAtlas.mat	Assets/_Game/Content/VisualReplacementV3/Models/VR3_platformmetal.fbx
S01 Composition Root/Chapter 01 Visual Environment/FloorTerrain/Chapter 01 Active Industrial Facility V45/Compact small-panel deck/VR3_platformmetal/VR3_platformmetal(Clone)	(2, 0.07500039, 42)	(3.97, 7.78828735E-07, 3.97)	Assets/_Game/Content/VisualReplacementV3/Materials/VR3_IndustrialTrimAtlas.mat	Assets/_Game/Content/VisualReplacementV3/Models/VR3_platformmetal.fbx
S01 Composition Root/Chapter 01 Visual Environment/FloorTerrain/Chapter 01 Active Industrial Facility V45/Compact small-panel deck/VR3_platformdarkplates/VR3_platformdarkplates(Clone)	(2, 0.07500039, 46)	(3.97, 7.788289E-07, 3.97000027)	Assets/_Game/Content/VisualReplacementV3/Materials/VR3_IndustrialTrimAtlas.mat	Assets/_Game/Content/VisualReplacementV3/Models/VR3_platformdarkplates.fbx
S01 Composition Root/Chapter 01 Visual Environment/FloorTerrain/Chapter 01 Active Industrial Facility V45/Compact small-panel deck/VR3_platformmetal/VR3_platformmetal(Clone)	(2, 0.07500039, 50)	(3.97, 7.78828735E-07, 3.97)	Assets/_Game/Content/VisualReplacementV3/Materials/VR3_IndustrialTrimAtlas.mat	Assets/_Game/Content/VisualReplacementV3/Models/VR3_platformmetal.fbx
S01 Composition Root/Chapter 01 Visual Environment/FloorTerrain/Chapter 01 Active Industrial Facility V45/Compact small-panel deck/VR3_FracturedDeck/VR3_FracturedDeck(Clone)	(2, 0.105, 54)	(3.97000027, 0.0599999949, 3.97000027)	Assets/_Game/Content/VisualReplacementV3/Materials/VR3_WornIndustrialAtlas.mat	Assets/_Game/Content/VisualReplacementV3/Models/VR3_FracturedDeck.fbx
S01 Composition Root/Chapter 01 Visual Environment/FloorTerrain/Chapter 01 Active Industrial Facility V45/Compact small-panel deck/VR3_FracturedDeck/VR3_FracturedDeck(Clone)	(2, 0.105, 58)	(3.97000027, 0.0599999949, 3.97000027)	Assets/_Game/Content/VisualReplacementV3/Materials/VR3_WornIndustrialAtlas.mat	Assets/_Game/Content/VisualReplacementV3/Models/VR3_FracturedDeck.fbx
S01 Composition Root/Chapter 01 Visual Environment/FloorTerrain/Chapter 01 Active Industrial Facility V45/Compact small-panel deck/VR3_platformdarkplates/VR3_platformdarkplates(Clone)	(2, 0.07500039, 62)	(3.97, 7.788289E-07, 3.97000027)	Assets/_Game/Content/VisualReplacementV3/Materials/VR3_IndustrialTrimAtlas.mat	Assets/_Game/Content/VisualReplacementV3/Models/VR3_platformdarkplates.fbx
S01 Composition Root/Chapter 01 Visual Environment/FloorTerrain/Chapter 01 Active Industrial Facility V45/Compact small-panel deck/VR3_platformmetal/VR3_platformmetal(Clone)	(2, 0.07500039, 66)	(3.97, 7.78828735E-07, 3.97)	Assets/_Game/Content/VisualReplacementV3/Materials/VR3_IndustrialTrimAtlas.mat	Assets/_Game/Content/VisualReplacementV3/Models/VR3_platformmetal.fbx
S01 Composition Root/Chapter 01 Visual Environment/FloorTerrain/Chapter 01 Active Industrial Facility V45/Compact small-panel deck/VR3_platformmetal/VR3_platformmetal(Clone)	(2, 0.07500039, 70)	(3.97, 7.78828735E-07, 3.97)	Assets/_Game/Content/VisualReplacementV3/Materials/VR3_IndustrialTrimAtlas.mat	Assets/_Game/Content/VisualReplacementV3/Models/VR3_platformmetal.fbx
S01 Composition Root/Chapter 01 Visual Environment/FloorTerrain/Chapter 01 Active Industrial Facility V45/Compact small-panel deck/VR3_platformmetal/VR3_platformmetal(Clone)	(2, 0.07500039, 74)	(3.97, 7.78828735E-07, 3.97)	Assets/_Game/Content/VisualReplacementV3/Materials/VR3_IndustrialTrimAtlas.mat	Assets/_Game/Content/VisualReplacementV3/Models/VR3_platformmetal.fbx
S01 Composition Root/Chapter 01 Visual Environment/FloorTerrain/Chapter 01 Active Industrial Facility V45/Compact small-panel deck/VR3_platformdarkplates/VR3_platformdarkplates(Clone)	(6, 0.07500039, -38)	(3.97, 7.788289E-07, 3.97000027)	Assets/_Game/Content/VisualReplacementV3/Materials/VR3_IndustrialTrimAtlas.mat	Assets/_Game/Content/VisualReplacementV3/Models/VR3_platformdarkplates.fbx
S01 Composition Root/Chapter 01 Visual Environment/FloorTerrain/Chapter 01 Active Industrial Facility V45/Compact small-panel deck/VR3_platformmetal/VR3_platformmetal(Clone)	(6, 0.07500039, -34)	(3.97, 7.78828735E-07, 3.97)	Assets/_Game/Content/VisualReplacementV3/Materials/VR3_IndustrialTrimAtlas.mat	Assets/_Game/Content/VisualReplacementV3/Models/VR3_platformmetal.fbx
S01 Composition Root/Chapter 01 Visual Environment/FloorTerrain/Chapter 01 Active Industrial Facility V45/Compact small-panel deck/VR3_platformmetal/VR3_platformmetal(Clone)	(6, 0.07500039, -30)	(3.97, 7.78828735E-07, 3.97)	Assets/_Game/Content/VisualReplacementV3/Materials/VR3_IndustrialTrimAtlas.mat	Assets/_Game/Content/VisualReplacementV3/Models/VR3_platformmetal.fbx
S01 Composition Root/Chapter 01 Visual Environment/FloorTerrain/Chapter 01 Active Industrial Facility V45/Compact small-panel deck/VR3_platformmetal/VR3_platformmetal(Clone)	(6, 0.07500039, -26)	(3.97, 7.78828735E-07, 3.97)	Assets/_Game/Content/VisualReplacementV3/Materials/VR3_IndustrialTrimAtlas.mat	Assets/_Game/Content/VisualReplacementV3/Models/VR3_platformmetal.fbx
S01 Composition Root/Chapter 01 Visual Environment/FloorTerrain/Chapter 01 Active Industrial Facility V45/Compact small-panel deck/VR3_platformdarkplates/VR3_platformdarkplates(Clone)	(6, 0.07500039, -22)	(3.97, 7.788289E-07, 3.97000027)	Assets/_Game/Content/VisualReplacementV3/Materials/VR3_IndustrialTrimAtlas.mat	Assets/_Game/Content/VisualReplacementV3/Models/VR3_platformdarkplates.fbx
S01 Composition Root/Chapter 01 Visual Environment/FloorTerrain/Chapter 01 Active Industrial Facility V45/Compact small-panel deck/VR3_platformmetal/VR3_platformmetal(Clone)	(6, 0.07500039, -18)	(3.97, 7.78828735E-07, 3.97)	Assets/_Game/Content/VisualReplacementV3/Materials/VR3_IndustrialTrimAtlas.mat	Assets/_Game/Content/VisualReplacementV3/Models/VR3_platformmetal.fbx
S01 Composition Root/Chapter 01 Visual Environment/FloorTerrain/Chapter 01 Active Industrial Facility V45/Compact small-panel deck/VR3_platformmetal/VR3_platformmetal(Clone)	(6, 0.07500039, -14)	(3.97, 7.78828735E-07, 3.97)	Assets/_Game/Content/VisualReplacementV3/Materials/VR3_IndustrialTrimAtlas.mat	Assets/_Game/Content/VisualReplacementV3/Models/VR3_platformmetal.fbx
S01 Composition Root/Chapter 01 Visual Environment/FloorTerrain/Chapter 01 Active Industrial Facility V45/Compact small-panel deck/VR3_platformmetal/VR3_platformmetal(Clone)	(6, 0.07500039, -10)	(3.97, 7.78828735E-07, 3.97)	Assets/_Game/Content/VisualReplacementV3/Materials/VR3_IndustrialTrimAtlas.mat	Assets/_Game/Content/VisualReplacementV3/Models/VR3_platformmetal.fbx
S01 Composition Root/Chapter 01 Visual Environment/FloorTerrain/Chapter 01 Active Industrial Facility V45/Compact small-panel deck/VR3_FracturedDeck/VR3_FracturedDeck(Clone)	(6, 0.105, -6)	(3.97000027, 0.0599999949, 3.97000027)	Assets/_Game/Content/VisualReplacementV3/Materials/VR3_WornIndustrialAtlas.mat	Assets/_Game/Content/VisualReplacementV3/Models/VR3_FracturedDeck.fbx
S01 Composition Root/Chapter 01 Visual Environment/FloorTerrain/Chapter 01 Active Industrial Facility V45/Compact small-panel deck/VR3_FracturedDeck/VR3_FracturedDeck(Clone)	(6, 0.105, -2)	(3.97000027, 0.0599999949, 3.97000027)	Assets/_Game/Content/VisualReplacementV3/Materials/VR3_WornIndustrialAtlas.mat	Assets/_Game/Content/VisualReplacementV3/Models/VR3_FracturedDeck.fbx
S01 Composition Root/Chapter 01 Visual Environment/FloorTerrain/Chapter 01 Active Industrial Facility V45/Compact small-panel deck/VR3_platformmetal/VR3_platformmetal(Clone)	(6, 0.07500039, 2)	(3.97, 7.78828735E-07, 3.97)	Assets/_Game/Content/VisualReplacementV3/Materials/VR3_IndustrialTrimAtlas.mat	Assets/_Game/Content/VisualReplacementV3/Models/VR3_platformmetal.fbx
S01 Composition Root/Chapter 01 Visual Environment/FloorTerrain/Chapter 01 Active Industrial Facility V45/Compact small-panel deck/VR3_platformmetal/VR3_platformmetal(Clone)	(6, 0.07500039, 6)	(3.97, 7.78828735E-07, 3.97)	Assets/_Game/Content/VisualReplacementV3/Materials/VR3_IndustrialTrimAtlas.mat	Assets/_Game/Content/VisualReplacementV3/Models/VR3_platformmetal.fbx
S01 Composition Root/Chapter 01 Visual Environment/FloorTerrain/Chapter 01 Active Industrial Facility V45/Compact small-panel deck/VR3_platformdarkplates/VR3_platformdarkplates(Clone)	(6, 0.07500039, 10)	(3.97, 7.788289E-07, 3.97000027)	Assets/_Game/Content/VisualReplacementV3/Materials/VR3_IndustrialTrimAtlas.mat	Assets/_Game/Content/VisualReplacementV3/Models/VR3_platformdarkplates.fbx
S01 Composition Root/Chapter 01 Visual Environment/FloorTerrain/Chapter 01 Active Industrial Facility V45/Compact small-panel deck/VR3_platformmetal/VR3_platformmetal(Clone)	(6, 0.07500039, 14)	(3.97, 7.78828735E-07, 3.97)	Assets/_Game/Content/VisualReplacementV3/Materials/VR3_IndustrialTrimAtlas.mat	Assets/_Game/Content/VisualReplacementV3/Models/VR3_platformmetal.fbx
S01 Composition Root/Chapter 01 Visual Environment/FloorTerrain/Chapter 01 Active Industrial Facility V45/Compact small-panel deck/VR3_platformmetal/VR3_platformmetal(Clone)	(6, 0.07500039, 18)	(3.97, 7.78828735E-07, 3.97)	Assets/_Game/Content/VisualReplacementV3/Materials/VR3_IndustrialTrimAtlas.mat	Assets/_Game/Content/VisualReplacementV3/Models/VR3_platformmetal.fbx
S01 Composition Root/Chapter 01 Visual Environment/FloorTerrain/Chapter 01 Active Industrial Facility V45/Compact small-panel deck/VR3_platformmetal/VR3_platformmetal(Clone)	(6, 0.07500039, 22)	(3.97, 7.78828735E-07, 3.97)	Assets/_Game/Content/VisualReplacementV3/Materials/VR3_IndustrialTrimAtlas.mat	Assets/_Game/Content/VisualReplacementV3/Models/VR3_platformmetal.fbx
S01 Composition Root/Chapter 01 Visual Environment/FloorTerrain/Chapter 01 Active Industrial Facility V45/Compact small-panel deck/VR3_platformdarkplates/VR3_platformdarkplates(Clone)	(6, 0.07500039, 26)	(3.97, 7.788289E-07, 3.97000027)	Assets/_Game/Content/VisualReplacementV3/Materials/VR3_IndustrialTrimAtlas.mat	Assets/_Game/Content/VisualReplacementV3/Models/VR3_platformdarkplates.fbx
S01 Composition Root/Chapter 01 Visual Environment/FloorTerrain/Chapter 01 Active Industrial Facility V45/Compact small-panel deck/VR3_platformmetal/VR3_platformmetal(Clone)	(6, 0.07500039, 30)	(3.97, 7.78828735E-07, 3.97)	Assets/_Game/Content/VisualReplacementV3/Materials/VR3_IndustrialTrimAtlas.mat	Assets/_Game/Content/VisualReplacementV3/Models/VR3_platformmetal.fbx
S01 Composition Root/Chapter 01 Visual Environment/FloorTerrain/Chapter 01 Active Industrial Facility V45/Compact small-panel deck/VR3_platformmetal/VR3_platformmetal(Clone)	(6, 0.07500039, 34)	(3.97, 7.78828735E-07, 3.97)	Assets/_Game/Content/VisualReplacementV3/Materials/VR3_IndustrialTrimAtlas.mat	Assets/_Game/Content/VisualReplacementV3/Models/VR3_platformmetal.fbx
S01 Composition Root/Chapter 01 Visual Environment/FloorTerrain/Chapter 01 Active Industrial Facility V45/Compact small-panel deck/VR3_platformmetal/VR3_platformmetal(Clone)	(6, 0.07500039, 38)	(3.97, 7.78828735E-07, 3.97)	Assets/_Game/Content/VisualReplacementV3/Materials/VR3_IndustrialTrimAtlas.mat	Assets/_Game/Content/VisualReplacementV3/Models/VR3_platformmetal.fbx
S01 Composition Root/Chapter 01 Visual Environment/FloorTerrain/Chapter 01 Active Industrial Facility V45/Compact small-panel deck/VR3_platformdarkplates/VR3_platformdarkplates(Clone)	(6, 0.07500039, 42)	(3.97, 7.788289E-07, 3.97000027)	Assets/_Game/Content/VisualReplacementV3/Materials/VR3_IndustrialTrimAtlas.mat	Assets/_Game/Content/VisualReplacementV3/Models/VR3_platformdarkplates.fbx
S01 Composition Root/Chapter 01 Visual Environment/FloorTerrain/Chapter 01 Active Industrial Facility V45/Compact small-panel deck/VR3_platformmetal/VR3_platformmetal(Clone)	(6, 0.07500039, 46)	(3.97, 7.78828735E-07, 3.97)	Assets/_Game/Content/VisualReplacementV3/Materials/VR3_IndustrialTrimAtlas.mat	Assets/_Game/Content/VisualReplacementV3/Models/VR3_platformmetal.fbx
S01 Composition Root/Chapter 01 Visual Environment/FloorTerrain/Chapter 01 Active Industrial Facility V45/Compact small-panel deck/VR3_FracturedDeck/VR3_FracturedDeck(Clone)	(6, 0.105, 50)	(3.97000027, 0.0599999949, 3.97000027)	Assets/_Game/Content/VisualReplacementV3/Materials/VR3_WornIndustrialAtlas.mat	Assets/_Game/Content/VisualReplacementV3/Models/VR3_FracturedDeck.fbx
S01 Composition Root/Chapter 01 Visual Environment/FloorTerrain/Chapter 01 Active Industrial Facility V45/Compact small-panel deck/VR3_FracturedDeck/VR3_FracturedDeck(Clone)	(6, 0.105, 54)	(3.97000027, 0.0599999949, 3.97000027)	Assets/_Game/Content/VisualReplacementV3/Materials/VR3_WornIndustrialAtlas.mat	Assets/_Game/Content/VisualReplacementV3/Models/VR3_FracturedDeck.fbx
S01 Composition Root/Chapter 01 Visual Environment/FloorTerrain/Chapter 01 Active Industrial Facility V45/Compact small-panel deck/VR3_platformdarkplates/VR3_platformdarkplates(Clone)	(6, 0.07500039, 58)	(3.97, 7.788289E-07, 3.97000027)	Assets/_Game/Content/VisualReplacementV3/Materials/VR3_IndustrialTrimAtlas.mat	Assets/_Game/Content/VisualReplacementV3/Models/VR3_platformdarkplates.fbx
S01 Composition Root/Chapter 01 Visual Environment/FloorTerrain/Chapter 01 Active Industrial Facility V45/Compact small-panel deck/VR3_platformmetal/VR3_platformmetal(Clone)	(6, 0.07500039, 62)	(3.97, 7.78828735E-07, 3.97)	Assets/_Game/Content/VisualReplacementV3/Materials/VR3_IndustrialTrimAtlas.mat	Assets/_Game/Content/VisualReplacementV3/Models/VR3_platformmetal.fbx
S01 Composition Root/Chapter 01 Visual Environment/FloorTerrain/Chapter 01 Active Industrial Facility V45/Compact small-panel deck/VR3_platformmetal/VR3_platformmetal(Clone)	(6, 0.07500039, 66)	(3.97, 7.78828735E-07, 3.97)	Assets/_Game/Content/VisualReplacementV3/Materials/VR3_IndustrialTrimAtlas.mat	Assets/_Game/Content/VisualReplacementV3/Models/VR3_platformmetal.fbx
S01 Composition Root/Chapter 01 Visual Environment/FloorTerrain/Chapter 01 Active Industrial Facility V45/Compact small-panel deck/VR3_platformmetal/VR3_platformmetal(Clone)	(6, 0.07500039, 70)	(3.97, 7.78828735E-07, 3.97)	Assets/_Game/Content/VisualReplacementV3/Materials/VR3_IndustrialTrimAtlas.mat	Assets/_Game/Content/VisualReplacementV3/Models/VR3_platformmetal.fbx
S01 Composition Root/Chapter 01 Visual Environment/FloorTerrain/Chapter 01 Active Industrial Facility V45/Compact small-panel deck/VR3_platformdarkplates/VR3_platformdarkplates(Clone)	(6, 0.07500039, 74)	(3.97, 7.788289E-07, 3.97000027)	Assets/_Game/Content/VisualReplacementV3/Materials/VR3_IndustrialTrimAtlas.mat	Assets/_Game/Content/VisualReplacementV3/Models/VR3_platformdarkplates.fbx
S01 Composition Root/Chapter 01 Visual Environment/FloorTerrain/Chapter 01 Active Industrial Facility V45/Compact small-panel deck/VR3_platformmetal/VR3_platformmetal(Clone)	(10, 0.07500039, -38)	(3.97, 7.78828735E-07, 3.97)	Assets/_Game/Content/VisualReplacementV3/Materials/VR3_IndustrialTrimAtlas.mat	Assets/_Game/Content/VisualReplacementV3/Models/VR3_platformmetal.fbx
S01 Composition Root/Chapter 01 Visual Environment/FloorTerrain/Chapter 01 Active Industrial Facility V45/Compact small-panel deck/VR3_platformmetal/VR3_platformmetal(Clone)	(10, 0.07500039, -34)	(3.97, 7.78828735E-07, 3.97)	Assets/_Game/Content/VisualReplacementV3/Materials/VR3_IndustrialTrimAtlas.mat	Assets/_Game/Content/VisualReplacementV3/Models/VR3_platformmetal.fbx
S01 Composition Root/Chapter 01 Visual Environment/FloorTerrain/Chapter 01 Active Industrial Facility V45/Compact small-panel deck/VR3_platformmetal/VR3_platformmetal(Clone)	(10, 0.07500039, -30)	(3.97, 7.78828735E-07, 3.97)	Assets/_Game/Content/VisualReplacementV3/Materials/VR3_IndustrialTrimAtlas.mat	Assets/_Game/Content/VisualReplacementV3/Models/VR3_platformmetal.fbx
S01 Composition Root/Chapter 01 Visual Environment/FloorTerrain/Chapter 01 Active Industrial Facility V45/Compact small-panel deck/VR3_platformdarkplates/VR3_platformdarkplates(Clone)	(10, 0.07500039, -26)	(3.97, 7.788289E-07, 3.97000027)	Assets/_Game/Content/VisualReplacementV3/Materials/VR3_IndustrialTrimAtlas.mat	Assets/_Game/Content/VisualReplacementV3/Models/VR3_platformdarkplates.fbx
S01 Composition Root/Chapter 01 Visual Environment/FloorTerrain/Chapter 01 Active Industrial Facility V45/Compact small-panel deck/VR3_platformmetal/VR3_platformmetal(Clone)	(10, 0.07500039, -22)	(3.97, 7.78828735E-07, 3.97)	Assets/_Game/Content/VisualReplacementV3/Materials/VR3_IndustrialTrimAtlas.mat	Assets/_Game/Content/VisualReplacementV3/Models/VR3_platformmetal.fbx
S01 Composition Root/Chapter 01 Visual Environment/FloorTerrain/Chapter 01 Active Industrial Facility V45/Compact small-panel deck/VR3_platformmetal/VR3_platformmetal(Clone)	(10, 0.07500039, -18)	(3.97, 7.78828735E-07, 3.97)	Assets/_Game/Content/VisualReplacementV3/Materials/VR3_IndustrialTrimAtlas.mat	Assets/_Game/Content/VisualReplacementV3/Models/VR3_platformmetal.fbx
S01 Composition Root/Chapter 01 Visual Environment/FloorTerrain/Chapter 01 Active Industrial Facility V45/Compact small-panel deck/VR3_platformmetal/VR3_platformmetal(Clone)	(10, 0.07500039, -14)	(3.97, 7.78828735E-07, 3.97)	Assets/_Game/Content/VisualReplacementV3/Materials/VR3_IndustrialTrimAtlas.mat	Assets/_Game/Content/VisualReplacementV3/Models/VR3_platformmetal.fbx
S01 Composition Root/Chapter 01 Visual Environment/FloorTerrain/Chapter 01 Active Industrial Facility V45/Compact small-panel deck/VR3_FracturedDeck/VR3_FracturedDeck(Clone)	(10, 0.105, -10)	(3.97000027, 0.0599999949, 3.97000027)	Assets/_Game/Content/VisualReplacementV3/Materials/VR3_WornIndustrialAtlas.mat	Assets/_Game/Content/VisualReplacementV3/Models/VR3_FracturedDeck.fbx
S01 Composition Root/Chapter 01 Visual Environment/FloorTerrain/Chapter 01 Active Industrial Facility V45/Compact small-panel deck/VR3_FracturedDeck/VR3_FracturedDeck(Clone)	(10, 0.105, -6)	(3.97000027, 0.0599999949, 3.97000027)	Assets/_Game/Content/VisualReplacementV3/Materials/VR3_WornIndustrialAtlas.mat	Assets/_Game/Content/VisualReplacementV3/Models/VR3_FracturedDeck.fbx
S01 Composition Root/Chapter 01 Visual Environment/FloorTerrain/Chapter 01 Active Industrial Facility V45/Compact small-panel deck/VR3_platformmetal/VR3_platformmetal(Clone)	(10, 0.07500039, -2)	(3.97, 7.78828735E-07, 3.97)	Assets/_Game/Content/VisualReplacementV3/Materials/VR3_IndustrialTrimAtlas.mat	Assets/_Game/Content/VisualReplacementV3/Models/VR3_platformmetal.fbx
S01 Composition Root/Chapter 01 Visual Environment/FloorTerrain/Chapter 01 Active Industrial Facility V45/Compact small-panel deck/VR3_platformmetal/VR3_platformmetal(Clone)	(10, 0.07500039, 2)	(3.97, 7.78828735E-07, 3.97)	Assets/_Game/Content/VisualReplacementV3/Materials/VR3_IndustrialTrimAtlas.mat	Assets/_Game/Content/VisualReplacementV3/Models/VR3_platformmetal.fbx
S01 Composition Root/Chapter 01 Visual Environment/FloorTerrain/Chapter 01 Active Industrial Facility V45/Compact small-panel deck/VR3_platformdarkplates/VR3_platformdarkplates(Clone)	(10, 0.07500039, 6)	(3.97, 7.788289E-07, 3.97000027)	Assets/_Game/Content/VisualReplacementV3/Materials/VR3_IndustrialTrimAtlas.mat	Assets/_Game/Content/VisualReplacementV3/Models/VR3_platformdarkplates.fbx
S01 Composition Root/Chapter 01 Visual Environment/FloorTerrain/Chapter 01 Active Industrial Facility V45/Compact small-panel deck/VR3_platformmetal/VR3_platformmetal(Clone)	(10, 0.07500039, 10)	(3.97, 7.78828735E-07, 3.97)	Assets/_Game/Content/VisualReplacementV3/Materials/VR3_IndustrialTrimAtlas.mat	Assets/_Game/Content/VisualReplacementV3/Models/VR3_platformmetal.fbx
S01 Composition Root/Chapter 01 Visual Environment/FloorTerrain/Chapter 01 Active Industrial Facility V45/Compact small-panel deck/VR3_platformmetal/VR3_platformmetal(Clone)	(10, 0.07500039, 14)	(3.97, 7.78828735E-07, 3.97)	Assets/_Game/Content/VisualReplacementV3/Materials/VR3_IndustrialTrimAtlas.mat	Assets/_Game/Content/VisualReplacementV3/Models/VR3_platformmetal.fbx
S01 Composition Root/Chapter 01 Visual Environment/FloorTerrain/Chapter 01 Active Industrial Facility V45/Compact small-panel deck/VR3_platformmetal/VR3_platformmetal(Clone)	(10, 0.07500039, 18)	(3.97, 7.78828735E-07, 3.97)	Assets/_Game/Content/VisualReplacementV3/Materials/VR3_IndustrialTrimAtlas.mat	Assets/_Game/Content/VisualReplacementV3/Models/VR3_platformmetal.fbx
S01 Composition Root/Chapter 01 Visual Environment/FloorTerrain/Chapter 01 Active Industrial Facility V45/Compact small-panel deck/VR3_platformdarkplates/VR3_platformdarkplates(Clone)	(10, 0.07500039, 22)	(3.97, 7.788289E-07, 3.97000027)	Assets/_Game/Content/VisualReplacementV3/Materials/VR3_IndustrialTrimAtlas.mat	Assets/_Game/Content/VisualReplacementV3/Models/VR3_platformdarkplates.fbx
S01 Composition Root/Chapter 01 Visual Environment/FloorTerrain/Chapter 01 Active Industrial Facility V45/Compact small-panel deck/VR3_platformmetal/VR3_platformmetal(Clone)	(10, 0.07500039, 26)	(3.97, 7.78828735E-07, 3.97)	Assets/_Game/Content/VisualReplacementV3/Materials/VR3_IndustrialTrimAtlas.mat	Assets/_Game/Content/VisualReplacementV3/Models/VR3_platformmetal.fbx
S01 Composition Root/Chapter 01 Visual Environment/FloorTerrain/Chapter 01 Active Industrial Facility V45/Compact small-panel deck/VR3_platformmetal/VR3_platformmetal(Clone)	(10, 0.07500039, 30)	(3.97, 7.78828735E-07, 3.97)	Assets/_Game/Content/VisualReplacementV3/Materials/VR3_IndustrialTrimAtlas.mat	Assets/_Game/Content/VisualReplacementV3/Models/VR3_platformmetal.fbx
S01 Composition Root/Chapter 01 Visual Environment/FloorTerrain/Chapter 01 Active Industrial Facility V45/Compact small-panel deck/VR3_platformmetal/VR3_platformmetal(Clone)	(10, 0.07500039, 34)	(3.97, 7.78828735E-07, 3.97)	Assets/_Game/Content/VisualReplacementV3/Materials/VR3_IndustrialTrimAtlas.mat	Assets/_Game/Content/VisualReplacementV3/Models/VR3_platformmetal.fbx
S01 Composition Root/Chapter 01 Visual Environment/FloorTerrain/Chapter 01 Active Industrial Facility V45/Compact small-panel deck/VR3_platformdarkplates/VR3_platformdarkplates(Clone)	(10, 0.07500039, 38)	(3.97, 7.788289E-07, 3.97000027)	Assets/_Game/Content/VisualReplacementV3/Materials/VR3_IndustrialTrimAtlas.mat	Assets/_Game/Content/VisualReplacementV3/Models/VR3_platformdarkplates.fbx
S01 Composition Root/Chapter 01 Visual Environment/FloorTerrain/Chapter 01 Active Industrial Facility V45/Compact small-panel deck/VR3_platformmetal/VR3_platformmetal(Clone)	(10, 0.07500039, 42)	(3.97, 7.78828735E-07, 3.97)	Assets/_Game/Content/VisualReplacementV3/Materials/VR3_IndustrialTrimAtlas.mat	Assets/_Game/Content/VisualReplacementV3/Models/VR3_platformmetal.fbx
S01 Composition Root/Chapter 01 Visual Environment/FloorTerrain/Chapter 01 Active Industrial Facility V45/Compact small-panel deck/VR3_FracturedDeck/VR3_FracturedDeck(Clone)	(10, 0.105, 46)	(3.97000027, 0.0599999949, 3.97000027)	Assets/_Game/Content/VisualReplacementV3/Materials/VR3_WornIndustrialAtlas.mat	Assets/_Game/Content/VisualReplacementV3/Models/VR3_FracturedDeck.fbx
S01 Composition Root/Chapter 01 Visual Environment/FloorTerrain/Chapter 01 Active Industrial Facility V45/Compact small-panel deck/VR3_FracturedDeck/VR3_FracturedDeck(Clone)	(10, 0.105, 50)	(3.97000027, 0.0599999949, 3.97000027)	Assets/_Game/Content/VisualReplacementV3/Materials/VR3_WornIndustrialAtlas.mat	Assets/_Game/Content/VisualReplacementV3/Models/VR3_FracturedDeck.fbx
S01 Composition Root/Chapter 01 Visual Environment/FloorTerrain/Chapter 01 Active Industrial Facility V45/Compact small-panel deck/VR3_platformdarkplates/VR3_platformdarkplates(Clone)	(10, 0.07500039, 54)	(3.97, 7.788289E-07, 3.97000027)	Assets/_Game/Content/VisualReplacementV3/Materials/VR3_IndustrialTrimAtlas.mat	Assets/_Game/Content/VisualReplacementV3/Models/VR3_platformdarkplates.fbx
S01 Composition Root/Chapter 01 Visual Environment/FloorTerrain/Chapter 01 Active Industrial Facility V45/Compact small-panel deck/VR3_platformmetal/VR3_platformmetal(Clone)	(10, 0.07500039, 58)	(3.97, 7.78828735E-07, 3.97)	Assets/_Game/Content/VisualReplacementV3/Materials/VR3_IndustrialTrimAtlas.mat	Assets/_Game/Content/VisualReplacementV3/Models/VR3_platformmetal.fbx
S01 Composition Root/Chapter 01 Visual Environment/FloorTerrain/Chapter 01 Active Industrial Facility V45/Compact small-panel deck/VR3_platformmetal/VR3_platformmetal(Clone)	(10, 0.07500039, 62)	(3.97, 7.78828735E-07, 3.97)	Assets/_Game/Content/VisualReplacementV3/Materials/VR3_IndustrialTrimAtlas.mat	Assets/_Game/Content/VisualReplacementV3/Models/VR3_platformmetal.fbx
S01 Composition Root/Chapter 01 Visual Environment/FloorTerrain/Chapter 01 Active Industrial Facility V45/Compact small-panel deck/VR3_platformmetal/VR3_platformmetal(Clone)	(10, 0.07500039, 66)	(3.97, 7.78828735E-07, 3.97)	Assets/_Game/Content/VisualReplacementV3/Materials/VR3_IndustrialTrimAtlas.mat	Assets/_Game/Content/VisualReplacementV3/Models/VR3_platformmetal.fbx
S01 Composition Root/Chapter 01 Visual Environment/FloorTerrain/Chapter 01 Active Industrial Facility V45/Compact small-panel deck/VR3_platformdarkplates/VR3_platformdarkplates(Clone)	(10, 0.07500039, 70)	(3.97, 7.788289E-07, 3.97000027)	Assets/_Game/Content/VisualReplacementV3/Materials/VR3_IndustrialTrimAtlas.mat	Assets/_Game/Content/VisualReplacementV3/Models/VR3_platformdarkplates.fbx
S01 Composition Root/Chapter 01 Visual Environment/FloorTerrain/Chapter 01 Active Industrial Facility V45/Compact small-panel deck/VR3_platformmetal/VR3_platformmetal(Clone)	(10, 0.07500039, 74)	(3.97, 7.78828735E-07, 3.97)	Assets/_Game/Content/VisualReplacementV3/Materials/VR3_IndustrialTrimAtlas.mat	Assets/_Game/Content/VisualReplacementV3/Models/VR3_platformmetal.fbx
S01 Composition Root/Chapter 01 Visual Environment/FloorTerrain/Chapter 01 Active Industrial Facility V45/Compact small-panel deck/VR3_platformmetal/VR3_platformmetal(Clone)	(14, 0.07500039, -38)	(3.97, 7.78828735E-07, 3.97)	Assets/_Game/Content/VisualReplacementV3/Materials/VR3_IndustrialTrimAtlas.mat	Assets/_Game/Content/VisualReplacementV3/Models/VR3_platformmetal.fbx
S01 Composition Root/Chapter 01 Visual Environment/FloorTerrain/Chapter 01 Active Industrial Facility V45/Compact small-panel deck/VR3_platformmetal/VR3_platformmetal(Clone)	(14, 0.07500039, -34)	(3.97, 7.78828735E-07, 3.97)	Assets/_Game/Content/VisualReplacementV3/Materials/VR3_IndustrialTrimAtlas.mat	Assets/_Game/Content/VisualReplacementV3/Models/VR3_platformmetal.fbx
S01 Composition Root/Chapter 01 Visual Environment/FloorTerrain/Chapter 01 Active Industrial Facility V45/Compact small-panel deck/VR3_platformdarkplates/VR3_platformdarkplates(Clone)	(14, 0.07500039, -30)	(3.97, 7.788289E-07, 3.97000027)	Assets/_Game/Content/VisualReplacementV3/Materials/VR3_IndustrialTrimAtlas.mat	Assets/_Game/Content/VisualReplacementV3/Models/VR3_platformdarkplates.fbx
S01 Composition Root/Chapter 01 Visual Environment/FloorTerrain/Chapter 01 Active Industrial Facility V45/Compact small-panel deck/VR3_platformmetal/VR3_platformmetal(Clone)	(14, 0.07500039, -26)	(3.97, 7.78828735E-07, 3.97)	Assets/_Game/Content/VisualReplacementV3/Materials/VR3_IndustrialTrimAtlas.mat	Assets/_Game/Content/VisualReplacementV3/Models/VR3_platformmetal.fbx
S01 Composition Root/Chapter 01 Visual Environment/FloorTerrain/Chapter 01 Active Industrial Facility V45/Compact small-panel deck/VR3_platformmetal/VR3_platformmetal(Clone)	(14, 0.07500039, -22)	(3.97, 7.78828735E-07, 3.97)	Assets/_Game/Content/VisualReplacementV3/Materials/VR3_IndustrialTrimAtlas.mat	Assets/_Game/Content/VisualReplacementV3/Models/VR3_platformmetal.fbx
S01 Composition Root/Chapter 01 Visual Environment/FloorTerrain/Chapter 01 Active Industrial Facility V45/Compact small-panel deck/VR3_platformmetal/VR3_platformmetal(Clone)	(14, 0.07500039, -18)	(3.97, 7.78828735E-07, 3.97)	Assets/_Game/Content/VisualReplacementV3/Materials/VR3_IndustrialTrimAtlas.mat	Assets/_Game/Content/VisualReplacementV3/Models/VR3_platformmetal.fbx
S01 Composition Root/Chapter 01 Visual Environment/FloorTerrain/Chapter 01 Active Industrial Facility V45/Compact small-panel deck/VR3_FracturedDeck/VR3_FracturedDeck(Clone)	(14, 0.105, -14)	(3.97000027, 0.0599999949, 3.97000027)	Assets/_Game/Content/VisualReplacementV3/Materials/VR3_WornIndustrialAtlas.mat	Assets/_Game/Content/VisualReplacementV3/Models/VR3_FracturedDeck.fbx
S01 Composition Root/Chapter 01 Visual Environment/FloorTerrain/Chapter 01 Active Industrial Facility V45/Compact small-panel deck/VR3_FracturedDeck/VR3_FracturedDeck(Clone)	(14, 0.105, -10)	(3.97000027, 0.0599999949, 3.97000027)	Assets/_Game/Content/VisualReplacementV3/Materials/VR3_WornIndustrialAtlas.mat	Assets/_Game/Content/VisualReplacementV3/Models/VR3_FracturedDeck.fbx
S01 Composition Root/Chapter 01 Visual Environment/FloorTerrain/Chapter 01 Active Industrial Facility V45/Compact small-panel deck/VR3_platformmetal/VR3_platformmetal(Clone)	(14, 0.07500039, -6)	(3.97, 7.78828735E-07, 3.97)	Assets/_Game/Content/VisualReplacementV3/Materials/VR3_IndustrialTrimAtlas.mat	Assets/_Game/Content/VisualReplacementV3/Models/VR3_platformmetal.fbx
S01 Composition Root/Chapter 01 Visual Environment/FloorTerrain/Chapter 01 Active Industrial Facility V45/Compact small-panel deck/VR3_platformmetal/VR3_platformmetal(Clone)	(14, 0.07500039, -2)	(3.97, 7.78828735E-07, 3.97)	Assets/_Game/Content/VisualReplacementV3/Materials/VR3_IndustrialTrimAtlas.mat	Assets/_Game/Content/VisualReplacementV3/Models/VR3_platformmetal.fbx
S01 Composition Root/Chapter 01 Visual Environment/FloorTerrain/Chapter 01 Active Industrial Facility V45/Compact small-panel deck/VR3_platformdarkplates/VR3_platformdarkplates(Clone)	(14, 0.07500039, 2)	(3.97, 7.788289E-07, 3.97000027)	Assets/_Game/Content/VisualReplacementV3/Materials/VR3_IndustrialTrimAtlas.mat	Assets/_Game/Content/VisualReplacementV3/Models/VR3_platformdarkplates.fbx
S01 Composition Root/Chapter 01 Visual Environment/FloorTerrain/Chapter 01 Active Industrial Facility V45/Compact small-panel deck/VR3_platformmetal/VR3_platformmetal(Clone)	(14, 0.07500039, 6)	(3.97, 7.78828735E-07, 3.97)	Assets/_Game/Content/VisualReplacementV3/Materials/VR3_IndustrialTrimAtlas.mat	Assets/_Game/Content/VisualReplacementV3/Models/VR3_platformmetal.fbx
S01 Composition Root/Chapter 01 Visual Environment/FloorTerrain/Chapter 01 Active Industrial Facility V45/Compact small-panel deck/VR3_platformmetal/VR3_platformmetal(Clone)	(14, 0.07500039, 10)	(3.97, 7.78828735E-07, 3.97)	Assets/_Game/Content/VisualReplacementV3/Materials/VR3_IndustrialTrimAtlas.mat	Assets/_Game/Content/VisualReplacementV3/Models/VR3_platformmetal.fbx
S01 Composition Root/Chapter 01 Visual Environment/FloorTerrain/Chapter 01 Active Industrial Facility V45/Compact small-panel deck/VR3_platformmetal/VR3_platformmetal(Clone)	(14, 0.07500039, 14)	(3.97, 7.78828735E-07, 3.97)	Assets/_Game/Content/VisualReplacementV3/Materials/VR3_IndustrialTrimAtlas.mat	Assets/_Game/Content/VisualReplacementV3/Models/VR3_platformmetal.fbx
S01 Composition Root/Chapter 01 Visual Environment/FloorTerrain/Chapter 01 Active Industrial Facility V45/Compact small-panel deck/VR3_platformdarkplates/VR3_platformdarkplates(Clone)	(14, 0.07500039, 18)	(3.97, 7.788289E-07, 3.97000027)	Assets/_Game/Content/VisualReplacementV3/Materials/VR3_IndustrialTrimAtlas.mat	Assets/_Game/Content/VisualReplacementV3/Models/VR3_platformdarkplates.fbx
S01 Composition Root/Chapter 01 Visual Environment/FloorTerrain/Chapter 01 Active Industrial Facility V45/Compact small-panel deck/VR3_platformmetal/VR3_platformmetal(Clone)	(14, 0.07500039, 22)	(3.97, 7.78828735E-07, 3.97)	Assets/_Game/Content/VisualReplacementV3/Materials/VR3_IndustrialTrimAtlas.mat	Assets/_Game/Content/VisualReplacementV3/Models/VR3_platformmetal.fbx
S01 Composition Root/Chapter 01 Visual Environment/FloorTerrain/Chapter 01 Active Industrial Facility V45/Compact small-panel deck/VR3_platformmetal/VR3_platformmetal(Clone)	(14, 0.07500039, 26)	(3.97, 7.78828735E-07, 3.97)	Assets/_Game/Content/VisualReplacementV3/Materials/VR3_IndustrialTrimAtlas.mat	Assets/_Game/Content/VisualReplacementV3/Models/VR3_platformmetal.fbx
S01 Composition Root/Chapter 01 Visual Environment/FloorTerrain/Chapter 01 Active Industrial Facility V45/Compact small-panel deck/VR3_platformmetal/VR3_platformmetal(Clone)	(14, 0.07500039, 30)	(3.97, 7.78828735E-07, 3.97)	Assets/_Game/Content/VisualReplacementV3/Materials/VR3_IndustrialTrimAtlas.mat	Assets/_Game/Content/VisualReplacementV3/Models/VR3_platformmetal.fbx
S01 Composition Root/Chapter 01 Visual Environment/FloorTerrain/Chapter 01 Active Industrial Facility V45/Compact small-panel deck/VR3_platformdarkplates/VR3_platformdarkplates(Clone)	(14, 0.07500039, 34)	(3.97, 7.788289E-07, 3.97000027)	Assets/_Game/Content/VisualReplacementV3/Materials/VR3_IndustrialTrimAtlas.mat	Assets/_Game/Content/VisualReplacementV3/Models/VR3_platformdarkplates.fbx
S01 Composition Root/Chapter 01 Visual Environment/FloorTerrain/Chapter 01 Active Industrial Facility V45/Compact small-panel deck/VR3_platformmetal/VR3_platformmetal(Clone)	(14, 0.07500039, 38)	(3.97, 7.78828735E-07, 3.97)	Assets/_Game/Content/VisualReplacementV3/Materials/VR3_IndustrialTrimAtlas.mat	Assets/_Game/Content/VisualReplacementV3/Models/VR3_platformmetal.fbx
S01 Composition Root/Chapter 01 Visual Environment/FloorTerrain/Chapter 01 Active Industrial Facility V45/Compact small-panel deck/VR3_FracturedDeck/VR3_FracturedDeck(Clone)	(14, 0.105, 42)	(3.97000027, 0.0599999949, 3.97000027)	Assets/_Game/Content/VisualReplacementV3/Materials/VR3_WornIndustrialAtlas.mat	Assets/_Game/Content/VisualReplacementV3/Models/VR3_FracturedDeck.fbx
S01 Composition Root/Chapter 01 Visual Environment/FloorTerrain/Chapter 01 Active Industrial Facility V45/Compact small-panel deck/VR3_FracturedDeck/VR3_FracturedDeck(Clone)	(14, 0.105, 46)	(3.97000027, 0.0599999949, 3.97000027)	Assets/_Game/Content/VisualReplacementV3/Materials/VR3_WornIndustrialAtlas.mat	Assets/_Game/Content/VisualReplacementV3/Models/VR3_FracturedDeck.fbx
S01 Composition Root/Chapter 01 Visual Environment/FloorTerrain/Chapter 01 Active Industrial Facility V45/Compact small-panel deck/VR3_platformdarkplates/VR3_platformdarkplates(Clone)	(14, 0.07500039, 50)	(3.97, 7.788289E-07, 3.97000027)	Assets/_Game/Content/VisualReplacementV3/Materials/VR3_IndustrialTrimAtlas.mat	Assets/_Game/Content/VisualReplacementV3/Models/VR3_platformdarkplates.fbx
S01 Composition Root/Chapter 01 Visual Environment/FloorTerrain/Chapter 01 Active Industrial Facility V45/Compact small-panel deck/VR3_platformmetal/VR3_platformmetal(Clone)	(14, 0.07500039, 54)	(3.97, 7.78828735E-07, 3.97)	Assets/_Game/Content/VisualReplacementV3/Materials/VR3_IndustrialTrimAtlas.mat	Assets/_Game/Content/VisualReplacementV3/Models/VR3_platformmetal.fbx
S01 Composition Root/Chapter 01 Visual Environment/FloorTerrain/Chapter 01 Active Industrial Facility V45/Compact small-panel deck/VR3_platformmetal/VR3_platformmetal(Clone)	(14, 0.07500039, 58)	(3.97, 7.78828735E-07, 3.97)	Assets/_Game/Content/VisualReplacementV3/Materials/VR3_IndustrialTrimAtlas.mat	Assets/_Game/Content/VisualReplacementV3/Models/VR3_platformmetal.fbx
S01 Composition Root/Chapter 01 Visual Environment/FloorTerrain/Chapter 01 Active Industrial Facility V45/Compact small-panel deck/VR3_platformmetal/VR3_platformmetal(Clone)	(14, 0.07500039, 62)	(3.97, 7.78828735E-07, 3.97)	Assets/_Game/Content/VisualReplacementV3/Materials/VR3_IndustrialTrimAtlas.mat	Assets/_Game/Content/VisualReplacementV3/Models/VR3_platformmetal.fbx
S01 Composition Root/Chapter 01 Visual Environment/FloorTerrain/Chapter 01 Active Industrial Facility V45/Compact small-panel deck/VR3_platformdarkplates/VR3_platformdarkplates(Clone)	(14, 0.07500039, 66)	(3.97, 7.788289E-07, 3.97000027)	Assets/_Game/Content/VisualReplacementV3/Materials/VR3_IndustrialTrimAtlas.mat	Assets/_Game/Content/VisualReplacementV3/Models/VR3_platformdarkplates.fbx
S01 Composition Root/Chapter 01 Visual Environment/FloorTerrain/Chapter 01 Active Industrial Facility V45/Compact small-panel deck/VR3_platformmetal/VR3_platformmetal(Clone)	(14, 0.07500039, 70)	(3.97, 7.78828735E-07, 3.97)	Assets/_Game/Content/VisualReplacementV3/Materials/VR3_IndustrialTrimAtlas.mat	Assets/_Game/Content/VisualReplacementV3/Models/VR3_platformmetal.fbx
S01 Composition Root/Chapter 01 Visual Environment/FloorTerrain/Chapter 01 Active Industrial Facility V45/Compact small-panel deck/VR3_platformmetal/VR3_platformmetal(Clone)	(14, 0.07500039, 74)	(3.97, 7.78828735E-07, 3.97)	Assets/_Game/Content/VisualReplacementV3/Materials/VR3_IndustrialTrimAtlas.mat	Assets/_Game/Content/VisualReplacementV3/Models/VR3_platformmetal.fbx
S01 Composition Root/Chapter 01 Visual Environment/FloorTerrain/Chapter 01 Active Industrial Facility V45/Compact small-panel deck/VR3_platformmetal/VR3_platformmetal(Clone)	(18, 0.07500039, -38)	(3.97, 7.78828735E-07, 3.97)	Assets/_Game/Content/VisualReplacementV3/Materials/VR3_IndustrialTrimAtlas.mat	Assets/_Game/Content/VisualReplacementV3/Models/VR3_platformmetal.fbx
S01 Composition Root/Chapter 01 Visual Environment/FloorTerrain/Chapter 01 Active Industrial Facility V45/Compact small-panel deck/VR3_platformdarkplates/VR3_platformdarkplates(Clone)	(18, 0.07500039, -34)	(3.97, 7.788289E-07, 3.97000027)	Assets/_Game/Content/VisualReplacementV3/Materials/VR3_IndustrialTrimAtlas.mat	Assets/_Game/Content/VisualReplacementV3/Models/VR3_platformdarkplates.fbx
S01 Composition Root/Chapter 01 Visual Environment/FloorTerrain/Chapter 01 Active Industrial Facility V45/Compact small-panel deck/VR3_platformmetal/VR3_platformmetal(Clone)	(18, 0.07500039, -30)	(3.97, 7.78828735E-07, 3.97)	Assets/_Game/Content/VisualReplacementV3/Materials/VR3_IndustrialTrimAtlas.mat	Assets/_Game/Content/VisualReplacementV3/Models/VR3_platformmetal.fbx
S01 Composition Root/Chapter 01 Visual Environment/FloorTerrain/Chapter 01 Active Industrial Facility V45/Compact small-panel deck/VR3_platformmetal/VR3_platformmetal(Clone)	(18, 0.07500039, -26)	(3.97, 7.78828735E-07, 3.97)	Assets/_Game/Content/VisualReplacementV3/Materials/VR3_IndustrialTrimAtlas.mat	Assets/_Game/Content/VisualReplacementV3/Models/VR3_platformmetal.fbx
S01 Composition Root/Chapter 01 Visual Environment/FloorTerrain/Chapter 01 Active Industrial Facility V45/Compact small-panel deck/VR3_platformmetal/VR3_platformmetal(Clone)	(18, 0.07500039, -22)	(3.97, 7.78828735E-07, 3.97)	Assets/_Game/Content/VisualReplacementV3/Materials/VR3_IndustrialTrimAtlas.mat	Assets/_Game/Content/VisualReplacementV3/Models/VR3_platformmetal.fbx
S01 Composition Root/Chapter 01 Visual Environment/FloorTerrain/Chapter 01 Active Industrial Facility V45/Compact small-panel deck/VR3_FracturedDeck/VR3_FracturedDeck(Clone)	(18, 0.105, -18)	(3.97000027, 0.0599999949, 3.97000027)	Assets/_Game/Content/VisualReplacementV3/Materials/VR3_WornIndustrialAtlas.mat	Assets/_Game/Content/VisualReplacementV3/Models/VR3_FracturedDeck.fbx
S01 Composition Root/Chapter 01 Visual Environment/FloorTerrain/Chapter 01 Active Industrial Facility V45/Compact small-panel deck/VR3_FracturedDeck/VR3_FracturedDeck(Clone)	(18, 0.105, -14)	(3.97000027, 0.0599999949, 3.97000027)	Assets/_Game/Content/VisualReplacementV3/Materials/VR3_WornIndustrialAtlas.mat	Assets/_Game/Content/VisualReplacementV3/Models/VR3_FracturedDeck.fbx
S01 Composition Root/Chapter 01 Visual Environment/FloorTerrain/Chapter 01 Active Industrial Facility V45/Compact small-panel deck/VR3_platformmetal/VR3_platformmetal(Clone)	(18, 0.07500039, -10)	(3.97, 7.78828735E-07, 3.97)	Assets/_Game/Content/VisualReplacementV3/Materials/VR3_IndustrialTrimAtlas.mat	Assets/_Game/Content/VisualReplacementV3/Models/VR3_platformmetal.fbx
S01 Composition Root/Chapter 01 Visual Environment/FloorTerrain/Chapter 01 Active Industrial Facility V45/Compact small-panel deck/VR3_platformmetal/VR3_platformmetal(Clone)	(18, 0.07500039, -6)	(3.97, 7.78828735E-07, 3.97)	Assets/_Game/Content/VisualReplacementV3/Materials/VR3_IndustrialTrimAtlas.mat	Assets/_Game/Content/VisualReplacementV3/Models/VR3_platformmetal.fbx
S01 Composition Root/Chapter 01 Visual Environment/FloorTerrain/Chapter 01 Active Industrial Facility V45/Compact small-panel deck/VR3_platformdarkplates/VR3_platformdarkplates(Clone)	(18, 0.07500039, -2)	(3.97, 7.788289E-07, 3.97000027)	Assets/_Game/Content/VisualReplacementV3/Materials/VR3_IndustrialTrimAtlas.mat	Assets/_Game/Content/VisualReplacementV3/Models/VR3_platformdarkplates.fbx
S01 Composition Root/Chapter 01 Visual Environment/FloorTerrain/Chapter 01 Active Industrial Facility V45/Compact small-panel deck/VR3_platformmetal/VR3_platformmetal(Clone)	(18, 0.07500039, 2)	(3.97, 7.78828735E-07, 3.97)	Assets/_Game/Content/VisualReplacementV3/Materials/VR3_IndustrialTrimAtlas.mat	Assets/_Game/Content/VisualReplacementV3/Models/VR3_platformmetal.fbx
S01 Composition Root/Chapter 01 Visual Environment/FloorTerrain/Chapter 01 Active Industrial Facility V45/Compact small-panel deck/VR3_platformmetal/VR3_platformmetal(Clone)	(18, 0.07500039, 6)	(3.97, 7.78828735E-07, 3.97)	Assets/_Game/Content/VisualReplacementV3/Materials/VR3_IndustrialTrimAtlas.mat	Assets/_Game/Content/VisualReplacementV3/Models/VR3_platformmetal.fbx
S01 Composition Root/Chapter 01 Visual Environment/FloorTerrain/Chapter 01 Active Industrial Facility V45/Compact small-panel deck/VR3_platformmetal/VR3_platformmetal(Clone)	(18, 0.07500039, 10)	(3.97, 7.78828735E-07, 3.97)	Assets/_Game/Content/VisualReplacementV3/Materials/VR3_IndustrialTrimAtlas.mat	Assets/_Game/Content/VisualReplacementV3/Models/VR3_platformmetal.fbx
S01 Composition Root/Chapter 01 Visual Environment/FloorTerrain/Chapter 01 Active Industrial Facility V45/Compact small-panel deck/VR3_platformdarkplates/VR3_platformdarkplates(Clone)	(18, 0.07500039, 14)	(3.97, 7.788289E-07, 3.97000027)	Assets/_Game/Content/VisualReplacementV3/Materials/VR3_IndustrialTrimAtlas.mat	Assets/_Game/Content/VisualReplacementV3/Models/VR3_platformdarkplates.fbx
S01 Composition Root/Chapter 01 Visual Environment/FloorTerrain/Chapter 01 Active Industrial Facility V45/Compact small-panel deck/VR3_platformmetal/VR3_platformmetal(Clone)	(18, 0.07500039, 18)	(3.97, 7.78828735E-07, 3.97)	Assets/_Game/Content/VisualReplacementV3/Materials/VR3_IndustrialTrimAtlas.mat	Assets/_Game/Content/VisualReplacementV3/Models/VR3_platformmetal.fbx
S01 Composition Root/Chapter 01 Visual Environment/FloorTerrain/Chapter 01 Active Industrial Facility V45/Compact small-panel deck/VR3_platformmetal/VR3_platformmetal(Clone)	(18, 0.07500039, 22)	(3.97, 7.78828735E-07, 3.97)	Assets/_Game/Content/VisualReplacementV3/Materials/VR3_IndustrialTrimAtlas.mat	Assets/_Game/Content/VisualReplacementV3/Models/VR3_platformmetal.fbx
S01 Composition Root/Chapter 01 Visual Environment/FloorTerrain/Chapter 01 Active Industrial Facility V45/Compact small-panel deck/VR3_platformmetal/VR3_platformmetal(Clone)	(18, 0.07500039, 26)	(3.97, 7.78828735E-07, 3.97)	Assets/_Game/Content/VisualReplacementV3/Materials/VR3_IndustrialTrimAtlas.mat	Assets/_Game/Content/VisualReplacementV3/Models/VR3_platformmetal.fbx
S01 Composition Root/Chapter 01 Visual Environment/FloorTerrain/Chapter 01 Active Industrial Facility V45/Compact small-panel deck/VR3_platformdarkplates/VR3_platformdarkplates(Clone)	(18, 0.07500039, 30)	(3.97, 7.788289E-07, 3.97000027)	Assets/_Game/Content/VisualReplacementV3/Materials/VR3_IndustrialTrimAtlas.mat	Assets/_Game/Content/VisualReplacementV3/Models/VR3_platformdarkplates.fbx
S01 Composition Root/Chapter 01 Visual Environment/FloorTerrain/Chapter 01 Active Industrial Facility V45/Compact small-panel deck/VR3_platformmetal/VR3_platformmetal(Clone)	(18, 0.07500039, 34)	(3.97, 7.78828735E-07, 3.97)	Assets/_Game/Content/VisualReplacementV3/Materials/VR3_IndustrialTrimAtlas.mat	Assets/_Game/Content/VisualReplacementV3/Models/VR3_platformmetal.fbx
S01 Composition Root/Chapter 01 Visual Environment/FloorTerrain/Chapter 01 Active Industrial Facility V45/Compact small-panel deck/VR3_FracturedDeck/VR3_FracturedDeck(Clone)	(18, 0.105, 38)	(3.97000027, 0.0599999949, 3.97000027)	Assets/_Game/Content/VisualReplacementV3/Materials/VR3_WornIndustrialAtlas.mat	Assets/_Game/Content/VisualReplacementV3/Models/VR3_FracturedDeck.fbx
S01 Composition Root/Chapter 01 Visual Environment/FloorTerrain/Chapter 01 Active Industrial Facility V45/Compact small-panel deck/VR3_FracturedDeck/VR3_FracturedDeck(Clone)	(18, 0.105, 42)	(3.97000027, 0.0599999949, 3.97000027)	Assets/_Game/Content/VisualReplacementV3/Materials/VR3_WornIndustrialAtlas.mat	Assets/_Game/Content/VisualReplacementV3/Models/VR3_FracturedDeck.fbx
S01 Composition Root/Chapter 01 Visual Environment/FloorTerrain/Chapter 01 Active Industrial Facility V45/Compact small-panel deck/VR3_platformdarkplates/VR3_platformdarkplates(Clone)	(18, 0.07500039, 46)	(3.97, 7.788289E-07, 3.97000027)	Assets/_Game/Content/VisualReplacementV3/Materials/VR3_IndustrialTrimAtlas.mat	Assets/_Game/Content/VisualReplacementV3/Models/VR3_platformdarkplates.fbx
S01 Composition Root/Chapter 01 Visual Environment/FloorTerrain/Chapter 01 Active Industrial Facility V45/Compact small-panel deck/VR3_platformmetal/VR3_platformmetal(Clone)	(18, 0.07500039, 50)	(3.97, 7.78828735E-07, 3.97)	Assets/_Game/Content/VisualReplacementV3/Materials/VR3_IndustrialTrimAtlas.mat	Assets/_Game/Content/VisualReplacementV3/Models/VR3_platformmetal.fbx
S01 Composition Root/Chapter 01 Visual Environment/FloorTerrain/Chapter 01 Active Industrial Facility V45/Compact small-panel deck/VR3_platformmetal/VR3_platformmetal(Clone)	(18, 0.07500039, 54)	(3.97, 7.78828735E-07, 3.97)	Assets/_Game/Content/VisualReplacementV3/Materials/VR3_IndustrialTrimAtlas.mat	Assets/_Game/Content/VisualReplacementV3/Models/VR3_platformmetal.fbx
S01 Composition Root/Chapter 01 Visual Environment/FloorTerrain/Chapter 01 Active Industrial Facility V45/Compact small-panel deck/VR3_platformmetal/VR3_platformmetal(Clone)	(18, 0.07500039, 58)	(3.97, 7.78828735E-07, 3.97)	Assets/_Game/Content/VisualReplacementV3/Materials/VR3_IndustrialTrimAtlas.mat	Assets/_Game/Content/VisualReplacementV3/Models/VR3_platformmetal.fbx
S01 Composition Root/Chapter 01 Visual Environment/FloorTerrain/Chapter 01 Active Industrial Facility V45/Compact small-panel deck/VR3_platformdarkplates/VR3_platformdarkplates(Clone)	(18, 0.07500039, 62)	(3.97, 7.788289E-07, 3.97000027)	Assets/_Game/Content/VisualReplacementV3/Materials/VR3_IndustrialTrimAtlas.mat	Assets/_Game/Content/VisualReplacementV3/Models/VR3_platformdarkplates.fbx
S01 Composition Root/Chapter 01 Visual Environment/FloorTerrain/Chapter 01 Active Industrial Facility V45/Compact small-panel deck/VR3_platformmetal/VR3_platformmetal(Clone)	(18, 0.07500039, 66)	(3.97, 7.78828735E-07, 3.97)	Assets/_Game/Content/VisualReplacementV3/Materials/VR3_IndustrialTrimAtlas.mat	Assets/_Game/Content/VisualReplacementV3/Models/VR3_platformmetal.fbx
S01 Composition Root/Chapter 01 Visual Environment/FloorTerrain/Chapter 01 Active Industrial Facility V45/Compact small-panel deck/VR3_platformmetal/VR3_platformmetal(Clone)	(18, 0.07500039, 70)	(3.97, 7.78828735E-07, 3.97)	Assets/_Game/Content/VisualReplacementV3/Materials/VR3_IndustrialTrimAtlas.mat	Assets/_Game/Content/VisualReplacementV3/Models/VR3_platformmetal.fbx
S01 Composition Root/Chapter 01 Visual Environment/FloorTerrain/Chapter 01 Active Industrial Facility V45/Compact small-panel deck/VR3_platformmetal/VR3_platformmetal(Clone)	(18, 0.07500039, 74)	(3.97, 7.78828735E-07, 3.97)	Assets/_Game/Content/VisualReplacementV3/Materials/VR3_IndustrialTrimAtlas.mat	Assets/_Game/Content/VisualReplacementV3/Models/VR3_platformmetal.fbx
S01 Composition Root/Chapter 01 Visual Environment/FloorTerrain/Chapter 01 Active Industrial Facility V45/Compact small-panel deck/VR3_platformdarkplates/VR3_platformdarkplates(Clone)	(22, 0.07500039, -38)	(3.97, 7.788289E-07, 3.97000027)	Assets/_Game/Content/VisualReplacementV3/Materials/VR3_IndustrialTrimAtlas.mat	Assets/_Game/Content/VisualReplacementV3/Models/VR3_platformdarkplates.fbx
S01 Composition Root/Chapter 01 Visual Environment/FloorTerrain/Chapter 01 Active Industrial Facility V45/Compact small-panel deck/VR3_platformmetal/VR3_platformmetal(Clone)	(22, 0.07500039, -34)	(3.97, 7.78828735E-07, 3.97)	Assets/_Game/Content/VisualReplacementV3/Materials/VR3_IndustrialTrimAtlas.mat	Assets/_Game/Content/VisualReplacementV3/Models/VR3_platformmetal.fbx
S01 Composition Root/Chapter 01 Visual Environment/FloorTerrain/Chapter 01 Active Industrial Facility V45/Compact small-panel deck/VR3_platformmetal/VR3_platformmetal(Clone)	(22, 0.07500039, -30)	(3.97, 7.78828735E-07, 3.97)	Assets/_Game/Content/VisualReplacementV3/Materials/VR3_IndustrialTrimAtlas.mat	Assets/_Game/Content/VisualReplacementV3/Models/VR3_platformmetal.fbx
S01 Composition Root/Chapter 01 Visual Environment/FloorTerrain/Chapter 01 Active Industrial Facility V45/Compact small-panel deck/VR3_platformmetal/VR3_platformmetal(Clone)	(22, 0.07500039, -26)	(3.97, 7.78828735E-07, 3.97)	Assets/_Game/Content/VisualReplacementV3/Materials/VR3_IndustrialTrimAtlas.mat	Assets/_Game/Content/VisualReplacementV3/Models/VR3_platformmetal.fbx
S01 Composition Root/Chapter 01 Visual Environment/FloorTerrain/Chapter 01 Active Industrial Facility V45/Compact small-panel deck/VR3_FracturedDeck/VR3_FracturedDeck(Clone)	(22, 0.105, -22)	(3.97000027, 0.0599999949, 3.97000027)	Assets/_Game/Content/VisualReplacementV3/Materials/VR3_WornIndustrialAtlas.mat	Assets/_Game/Content/VisualReplacementV3/Models/VR3_FracturedDeck.fbx
S01 Composition Root/Chapter 01 Visual Environment/FloorTerrain/Chapter 01 Active Industrial Facility V45/Compact small-panel deck/VR3_FracturedDeck/VR3_FracturedDeck(Clone)	(22, 0.105, -18)	(3.97000027, 0.0599999949, 3.97000027)	Assets/_Game/Content/VisualReplacementV3/Materials/VR3_WornIndustrialAtlas.mat	Assets/_Game/Content/VisualReplacementV3/Models/VR3_FracturedDeck.fbx
S01 Composition Root/Chapter 01 Visual Environment/FloorTerrain/Chapter 01 Active Industrial Facility V45/Compact small-panel deck/VR3_platformmetal/VR3_platformmetal(Clone)	(22, 0.07500039, -14)	(3.97, 7.78828735E-07, 3.97)	Assets/_Game/Content/VisualReplacementV3/Materials/VR3_IndustrialTrimAtlas.mat	Assets/_Game/Content/VisualReplacementV3/Models/VR3_platformmetal.fbx
S01 Composition Root/Chapter 01 Visual Environment/FloorTerrain/Chapter 01 Active Industrial Facility V45/Compact small-panel deck/VR3_platformmetal/VR3_platformmetal(Clone)	(22, 0.07500039, -10)	(3.97, 7.78828735E-07, 3.97)	Assets/_Game/Content/VisualReplacementV3/Materials/VR3_IndustrialTrimAtlas.mat	Assets/_Game/Content/VisualReplacementV3/Models/VR3_platformmetal.fbx
S01 Composition Root/Chapter 01 Visual Environment/FloorTerrain/Chapter 01 Active Industrial Facility V45/Compact small-panel deck/VR3_platformdarkplates/VR3_platformdarkplates(Clone)	(22, 0.07500039, -6)	(3.97, 7.788289E-07, 3.97000027)	Assets/_Game/Content/VisualReplacementV3/Materials/VR3_IndustrialTrimAtlas.mat	Assets/_Game/Content/VisualReplacementV3/Models/VR3_platformdarkplates.fbx
S01 Composition Root/Chapter 01 Visual Environment/FloorTerrain/Chapter 01 Active Industrial Facility V45/Compact small-panel deck/VR3_platformmetal/VR3_platformmetal(Clone)	(22, 0.07500039, -2)	(3.97, 7.78828735E-07, 3.97)	Assets/_Game/Content/VisualReplacementV3/Materials/VR3_IndustrialTrimAtlas.mat	Assets/_Game/Content/VisualReplacementV3/Models/VR3_platformmetal.fbx
S01 Composition Root/Chapter 01 Visual Environment/FloorTerrain/Chapter 01 Active Industrial Facility V45/Compact small-panel deck/VR3_platformmetal/VR3_platformmetal(Clone)	(22, 0.07500039, 2)	(3.97, 7.78828735E-07, 3.97)	Assets/_Game/Content/VisualReplacementV3/Materials/VR3_IndustrialTrimAtlas.mat	Assets/_Game/Content/VisualReplacementV3/Models/VR3_platformmetal.fbx
S01 Composition Root/Chapter 01 Visual Environment/FloorTerrain/Chapter 01 Active Industrial Facility V45/Compact small-panel deck/VR3_platformmetal/VR3_platformmetal(Clone)	(22, 0.07500039, 6)	(3.97, 7.78828735E-07, 3.97)	Assets/_Game/Content/VisualReplacementV3/Materials/VR3_IndustrialTrimAtlas.mat	Assets/_Game/Content/VisualReplacementV3/Models/VR3_platformmetal.fbx
S01 Composition Root/Chapter 01 Visual Environment/FloorTerrain/Chapter 01 Active Industrial Facility V45/Compact small-panel deck/VR3_platformdarkplates/VR3_platformdarkplates(Clone)	(22, 0.07500039, 10)	(3.97, 7.788289E-07, 3.97000027)	Assets/_Game/Content/VisualReplacementV3/Materials/VR3_IndustrialTrimAtlas.mat	Assets/_Game/Content/VisualReplacementV3/Models/VR3_platformdarkplates.fbx
S01 Composition Root/Chapter 01 Visual Environment/FloorTerrain/Chapter 01 Active Industrial Facility V45/Compact small-panel deck/VR3_platformmetal/VR3_platformmetal(Clone)	(22, 0.07500039, 14)	(3.97, 7.78828735E-07, 3.97)	Assets/_Game/Content/VisualReplacementV3/Materials/VR3_IndustrialTrimAtlas.mat	Assets/_Game/Content/VisualReplacementV3/Models/VR3_platformmetal.fbx
S01 Composition Root/Chapter 01 Visual Environment/FloorTerrain/Chapter 01 Active Industrial Facility V45/Compact small-panel deck/VR3_platformmetal/VR3_platformmetal(Clone)	(22, 0.07500039, 18)	(3.97, 7.78828735E-07, 3.97)	Assets/_Game/Content/VisualReplacementV3/Materials/VR3_IndustrialTrimAtlas.mat	Assets/_Game/Content/VisualReplacementV3/Models/VR3_platformmetal.fbx
S01 Composition Root/Chapter 01 Visual Environment/FloorTerrain/Chapter 01 Active Industrial Facility V45/Compact small-panel deck/VR3_platformmetal/VR3_platformmetal(Clone)	(22, 0.07500039, 22)	(3.97, 7.78828735E-07, 3.97)	Assets/_Game/Content/VisualReplacementV3/Materials/VR3_IndustrialTrimAtlas.mat	Assets/_Game/Content/VisualReplacementV3/Models/VR3_platformmetal.fbx
S01 Composition Root/Chapter 01 Visual Environment/FloorTerrain/Chapter 01 Active Industrial Facility V45/Compact small-panel deck/VR3_platformdarkplates/VR3_platformdarkplates(Clone)	(22, 0.07500039, 26)	(3.97, 7.788289E-07, 3.97000027)	Assets/_Game/Content/VisualReplacementV3/Materials/VR3_IndustrialTrimAtlas.mat	Assets/_Game/Content/VisualReplacementV3/Models/VR3_platformdarkplates.fbx
S01 Composition Root/Chapter 01 Visual Environment/FloorTerrain/Chapter 01 Active Industrial Facility V45/Compact small-panel deck/VR3_platformmetal/VR3_platformmetal(Clone)	(22, 0.07500039, 30)	(3.97, 7.78828735E-07, 3.97)	Assets/_Game/Content/VisualReplacementV3/Materials/VR3_IndustrialTrimAtlas.mat	Assets/_Game/Content/VisualReplacementV3/Models/VR3_platformmetal.fbx
S01 Composition Root/Chapter 01 Visual Environment/FloorTerrain/Chapter 01 Active Industrial Facility V45/Compact small-panel deck/VR3_FracturedDeck/VR3_FracturedDeck(Clone)	(22, 0.105, 34)	(3.97000027, 0.0599999949, 3.97000027)	Assets/_Game/Content/VisualReplacementV3/Materials/VR3_WornIndustrialAtlas.mat	Assets/_Game/Content/VisualReplacementV3/Models/VR3_FracturedDeck.fbx
S01 Composition Root/Chapter 01 Visual Environment/FloorTerrain/Chapter 01 Active Industrial Facility V45/Compact small-panel deck/VR3_FracturedDeck/VR3_FracturedDeck(Clone)	(22, 0.105, 38)	(3.97000027, 0.0599999949, 3.97000027)	Assets/_Game/Content/VisualReplacementV3/Materials/VR3_WornIndustrialAtlas.mat	Assets/_Game/Content/VisualReplacementV3/Models/VR3_FracturedDeck.fbx
S01 Composition Root/Chapter 01 Visual Environment/FloorTerrain/Chapter 01 Active Industrial Facility V45/Compact small-panel deck/VR3_platformdarkplates/VR3_platformdarkplates(Clone)	(22, 0.07500039, 42)	(3.97, 7.788289E-07, 3.97000027)	Assets/_Game/Content/VisualReplacementV3/Materials/VR3_IndustrialTrimAtlas.mat	Assets/_Game/Content/VisualReplacementV3/Models/VR3_platformdarkplates.fbx
S01 Composition Root/Chapter 01 Visual Environment/FloorTerrain/Chapter 01 Active Industrial Facility V45/Compact small-panel deck/VR3_platformmetal/VR3_platformmetal(Clone)	(22, 0.07500039, 46)	(3.97, 7.78828735E-07, 3.97)	Assets/_Game/Content/VisualReplacementV3/Materials/VR3_IndustrialTrimAtlas.mat	Assets/_Game/Content/VisualReplacementV3/Models/VR3_platformmetal.fbx
S01 Composition Root/Chapter 01 Visual Environment/FloorTerrain/Chapter 01 Active Industrial Facility V45/Compact small-panel deck/VR3_platformmetal/VR3_platformmetal(Clone)	(22, 0.07500039, 50)	(3.97, 7.78828735E-07, 3.97)	Assets/_Game/Content/VisualReplacementV3/Materials/VR3_IndustrialTrimAtlas.mat	Assets/_Game/Content/VisualReplacementV3/Models/VR3_platformmetal.fbx
S01 Composition Root/Chapter 01 Visual Environment/FloorTerrain/Chapter 01 Active Industrial Facility V45/Compact small-panel deck/VR3_platformmetal/VR3_platformmetal(Clone)	(22, 0.07500039, 54)	(3.97, 7.78828735E-07, 3.97)	Assets/_Game/Content/VisualReplacementV3/Materials/VR3_IndustrialTrimAtlas.mat	Assets/_Game/Content/VisualReplacementV3/Models/VR3_platformmetal.fbx
S01 Composition Root/Chapter 01 Visual Environment/FloorTerrain/Chapter 01 Active Industrial Facility V45/Compact small-panel deck/VR3_platformdarkplates/VR3_platformdarkplates(Clone)	(22, 0.07500039, 58)	(3.97, 7.788289E-07, 3.97000027)	Assets/_Game/Content/VisualReplacementV3/Materials/VR3_IndustrialTrimAtlas.mat	Assets/_Game/Content/VisualReplacementV3/Models/VR3_platformdarkplates.fbx
S01 Composition Root/Chapter 01 Visual Environment/FloorTerrain/Chapter 01 Active Industrial Facility V45/Compact small-panel deck/VR3_platformmetal/VR3_platformmetal(Clone)	(22, 0.07500039, 62)	(3.97, 7.78828735E-07, 3.97)	Assets/_Game/Content/VisualReplacementV3/Materials/VR3_IndustrialTrimAtlas.mat	Assets/_Game/Content/VisualReplacementV3/Models/VR3_platformmetal.fbx
S01 Composition Root/Chapter 01 Visual Environment/FloorTerrain/Chapter 01 Active Industrial Facility V45/Compact small-panel deck/VR3_platformmetal/VR3_platformmetal(Clone)	(22, 0.07500039, 66)	(3.97, 7.78828735E-07, 3.97)	Assets/_Game/Content/VisualReplacementV3/Materials/VR3_IndustrialTrimAtlas.mat	Assets/_Game/Content/VisualReplacementV3/Models/VR3_platformmetal.fbx
S01 Composition Root/Chapter 01 Visual Environment/FloorTerrain/Chapter 01 Active Industrial Facility V45/Compact small-panel deck/VR3_platformmetal/VR3_platformmetal(Clone)	(22, 0.07500039, 70)	(3.97, 7.78828735E-07, 3.97)	Assets/_Game/Content/VisualReplacementV3/Materials/VR3_IndustrialTrimAtlas.mat	Assets/_Game/Content/VisualReplacementV3/Models/VR3_platformmetal.fbx
S01 Composition Root/Chapter 01 Visual Environment/FloorTerrain/Chapter 01 Active Industrial Facility V45/Compact small-panel deck/VR3_platformdarkplates/VR3_platformdarkplates(Clone)	(22, 0.07500039, 74)	(3.97, 7.788289E-07, 3.97000027)	Assets/_Game/Content/VisualReplacementV3/Materials/VR3_IndustrialTrimAtlas.mat	Assets/_Game/Content/VisualReplacementV3/Models/VR3_platformdarkplates.fbx
S01 Composition Root/Chapter 01 Visual Environment/FloorTerrain/Chapter 01 Active Industrial Facility V45/Compact small-panel deck/VR3_platformmetal/VR3_platformmetal(Clone)	(26, 0.07500039, -38)	(3.97, 7.78828735E-07, 3.97)	Assets/_Game/Content/VisualReplacementV3/Materials/VR3_IndustrialTrimAtlas.mat	Assets/_Game/Content/VisualReplacementV3/Models/VR3_platformmetal.fbx
S01 Composition Root/Chapter 01 Visual Environment/FloorTerrain/Chapter 01 Active Industrial Facility V45/Compact small-panel deck/VR3_platformmetal/VR3_platformmetal(Clone)	(26, 0.07500039, -34)	(3.97, 7.78828735E-07, 3.97)	Assets/_Game/Content/VisualReplacementV3/Materials/VR3_IndustrialTrimAtlas.mat	Assets/_Game/Content/VisualReplacementV3/Models/VR3_platformmetal.fbx
S01 Composition Root/Chapter 01 Visual Environment/FloorTerrain/Chapter 01 Active Industrial Facility V45/Compact small-panel deck/VR3_platformmetal/VR3_platformmetal(Clone)	(26, 0.07500039, -30)	(3.97, 7.78828735E-07, 3.97)	Assets/_Game/Content/VisualReplacementV3/Materials/VR3_IndustrialTrimAtlas.mat	Assets/_Game/Content/VisualReplacementV3/Models/VR3_platformmetal.fbx
S01 Composition Root/Chapter 01 Visual Environment/FloorTerrain/Chapter 01 Active Industrial Facility V45/Compact small-panel deck/VR3_FracturedDeck/VR3_FracturedDeck(Clone)	(26, 0.105, -26)	(3.97000027, 0.0599999949, 3.97000027)	Assets/_Game/Content/VisualReplacementV3/Materials/VR3_WornIndustrialAtlas.mat	Assets/_Game/Content/VisualReplacementV3/Models/VR3_FracturedDeck.fbx
S01 Composition Root/Chapter 01 Visual Environment/FloorTerrain/Chapter 01 Active Industrial Facility V45/Compact small-panel deck/VR3_FracturedDeck/VR3_FracturedDeck(Clone)	(26, 0.105, -22)	(3.97000027, 0.0599999949, 3.97000027)	Assets/_Game/Content/VisualReplacementV3/Materials/VR3_WornIndustrialAtlas.mat	Assets/_Game/Content/VisualReplacementV3/Models/VR3_FracturedDeck.fbx
S01 Composition Root/Chapter 01 Visual Environment/FloorTerrain/Chapter 01 Active Industrial Facility V45/Compact small-panel deck/VR3_platformmetal/VR3_platformmetal(Clone)	(26, 0.07500039, -18)	(3.97, 7.78828735E-07, 3.97)	Assets/_Game/Content/VisualReplacementV3/Materials/VR3_IndustrialTrimAtlas.mat	Assets/_Game/Content/VisualReplacementV3/Models/VR3_platformmetal.fbx
S01 Composition Root/Chapter 01 Visual Environment/FloorTerrain/Chapter 01 Active Industrial Facility V45/Compact small-panel deck/VR3_platformmetal/VR3_platformmetal(Clone)	(26, 0.07500039, -14)	(3.97, 7.78828735E-07, 3.97)	Assets/_Game/Content/VisualReplacementV3/Materials/VR3_IndustrialTrimAtlas.mat	Assets/_Game/Content/VisualReplacementV3/Models/VR3_platformmetal.fbx
S01 Composition Root/Chapter 01 Visual Environment/FloorTerrain/Chapter 01 Active Industrial Facility V45/Compact small-panel deck/VR3_platformdarkplates/VR3_platformdarkplates(Clone)	(26, 0.07500039, -10)	(3.97, 7.788289E-07, 3.97000027)	Assets/_Game/Content/VisualReplacementV3/Materials/VR3_IndustrialTrimAtlas.mat	Assets/_Game/Content/VisualReplacementV3/Models/VR3_platformdarkplates.fbx
S01 Composition Root/Chapter 01 Visual Environment/FloorTerrain/Chapter 01 Active Industrial Facility V45/Compact small-panel deck/VR3_platformmetal/VR3_platformmetal(Clone)	(26, 0.07500039, -6)	(3.97, 7.78828735E-07, 3.97)	Assets/_Game/Content/VisualReplacementV3/Materials/VR3_IndustrialTrimAtlas.mat	Assets/_Game/Content/VisualReplacementV3/Models/VR3_platformmetal.fbx
S01 Composition Root/Chapter 01 Visual Environment/FloorTerrain/Chapter 01 Active Industrial Facility V45/Compact small-panel deck/VR3_platformmetal/VR3_platformmetal(Clone)	(26, 0.07500039, -2)	(3.97, 7.78828735E-07, 3.97)	Assets/_Game/Content/VisualReplacementV3/Materials/VR3_IndustrialTrimAtlas.mat	Assets/_Game/Content/VisualReplacementV3/Models/VR3_platformmetal.fbx
S01 Composition Root/Chapter 01 Visual Environment/FloorTerrain/Chapter 01 Active Industrial Facility V45/Compact small-panel deck/VR3_platformmetal/VR3_platformmetal(Clone)	(26, 0.07500039, 2)	(3.97, 7.78828735E-07, 3.97)	Assets/_Game/Content/VisualReplacementV3/Materials/VR3_IndustrialTrimAtlas.mat	Assets/_Game/Content/VisualReplacementV3/Models/VR3_platformmetal.fbx
S01 Composition Root/Chapter 01 Visual Environment/FloorTerrain/Chapter 01 Active Industrial Facility V45/Compact small-panel deck/VR3_platformdarkplates/VR3_platformdarkplates(Clone)	(26, 0.07500039, 6)	(3.97, 7.788289E-07, 3.97000027)	Assets/_Game/Content/VisualReplacementV3/Materials/VR3_IndustrialTrimAtlas.mat	Assets/_Game/Content/VisualReplacementV3/Models/VR3_platformdarkplates.fbx
S01 Composition Root/Chapter 01 Visual Environment/FloorTerrain/Chapter 01 Active Industrial Facility V45/Compact small-panel deck/VR3_platformmetal/VR3_platformmetal(Clone)	(26, 0.07500039, 10)	(3.97, 7.78828735E-07, 3.97)	Assets/_Game/Content/VisualReplacementV3/Materials/VR3_IndustrialTrimAtlas.mat	Assets/_Game/Content/VisualReplacementV3/Models/VR3_platformmetal.fbx
S01 Composition Root/Chapter 01 Visual Environment/FloorTerrain/Chapter 01 Active Industrial Facility V45/Compact small-panel deck/VR3_platformmetal/VR3_platformmetal(Clone)	(26, 0.07500039, 14)	(3.97, 7.78828735E-07, 3.97)	Assets/_Game/Content/VisualReplacementV3/Materials/VR3_IndustrialTrimAtlas.mat	Assets/_Game/Content/VisualReplacementV3/Models/VR3_platformmetal.fbx
S01 Composition Root/Chapter 01 Visual Environment/FloorTerrain/Chapter 01 Active Industrial Facility V45/Compact small-panel deck/VR3_platformmetal/VR3_platformmetal(Clone)	(26, 0.07500039, 18)	(3.97, 7.78828735E-07, 3.97)	Assets/_Game/Content/VisualReplacementV3/Materials/VR3_IndustrialTrimAtlas.mat	Assets/_Game/Content/VisualReplacementV3/Models/VR3_platformmetal.fbx
S01 Composition Root/Chapter 01 Visual Environment/FloorTerrain/Chapter 01 Active Industrial Facility V45/Compact small-panel deck/VR3_platformdarkplates/VR3_platformdarkplates(Clone)	(26, 0.07500039, 22)	(3.97, 7.788289E-07, 3.97000027)	Assets/_Game/Content/VisualReplacementV3/Materials/VR3_IndustrialTrimAtlas.mat	Assets/_Game/Content/VisualReplacementV3/Models/VR3_platformdarkplates.fbx
S01 Composition Root/Chapter 01 Visual Environment/FloorTerrain/Chapter 01 Active Industrial Facility V45/Compact small-panel deck/VR3_platformmetal/VR3_platformmetal(Clone)	(26, 0.07500039, 26)	(3.97, 7.78828735E-07, 3.97)	Assets/_Game/Content/VisualReplacementV3/Materials/VR3_IndustrialTrimAtlas.mat	Assets/_Game/Content/VisualReplacementV3/Models/VR3_platformmetal.fbx
S01 Composition Root/Chapter 01 Visual Environment/FloorTerrain/Chapter 01 Active Industrial Facility V45/Compact small-panel deck/VR3_FracturedDeck/VR3_FracturedDeck(Clone)	(26, 0.105, 30)	(3.97000027, 0.0599999949, 3.97000027)	Assets/_Game/Content/VisualReplacementV3/Materials/VR3_WornIndustrialAtlas.mat	Assets/_Game/Content/VisualReplacementV3/Models/VR3_FracturedDeck.fbx
S01 Composition Root/Chapter 01 Visual Environment/FloorTerrain/Chapter 01 Active Industrial Facility V45/Compact small-panel deck/VR3_FracturedDeck/VR3_FracturedDeck(Clone)	(26, 0.105, 34)	(3.97000027, 0.0599999949, 3.97000027)	Assets/_Game/Content/VisualReplacementV3/Materials/VR3_WornIndustrialAtlas.mat	Assets/_Game/Content/VisualReplacementV3/Models/VR3_FracturedDeck.fbx
S01 Composition Root/Chapter 01 Visual Environment/FloorTerrain/Chapter 01 Active Industrial Facility V45/Compact small-panel deck/VR3_platformdarkplates/VR3_platformdarkplates(Clone)	(26, 0.07500039, 38)	(3.97, 7.788289E-07, 3.97000027)	Assets/_Game/Content/VisualReplacementV3/Materials/VR3_IndustrialTrimAtlas.mat	Assets/_Game/Content/VisualReplacementV3/Models/VR3_platformdarkplates.fbx
S01 Composition Root/Chapter 01 Visual Environment/FloorTerrain/Chapter 01 Active Industrial Facility V45/Compact small-panel deck/VR3_platformmetal/VR3_platformmetal(Clone)	(26, 0.07500039, 42)	(3.97, 7.78828735E-07, 3.97)	Assets/_Game/Content/VisualReplacementV3/Materials/VR3_IndustrialTrimAtlas.mat	Assets/_Game/Content/VisualReplacementV3/Models/VR3_platformmetal.fbx
S01 Composition Root/Chapter 01 Visual Environment/FloorTerrain/Chapter 01 Active Industrial Facility V45/Compact small-panel deck/VR3_platformmetal/VR3_platformmetal(Clone)	(26, 0.07500039, 46)	(3.97, 7.78828735E-07, 3.97)	Assets/_Game/Content/VisualReplacementV3/Materials/VR3_IndustrialTrimAtlas.mat	Assets/_Game/Content/VisualReplacementV3/Models/VR3_platformmetal.fbx
S01 Composition Root/Chapter 01 Visual Environment/FloorTerrain/Chapter 01 Active Industrial Facility V45/Compact small-panel deck/VR3_platformmetal/VR3_platformmetal(Clone)	(26, 0.07500039, 50)	(3.97, 7.78828735E-07, 3.97)	Assets/_Game/Content/VisualReplacementV3/Materials/VR3_IndustrialTrimAtlas.mat	Assets/_Game/Content/VisualReplacementV3/Models/VR3_platformmetal.fbx
S01 Composition Root/Chapter 01 Visual Environment/FloorTerrain/Chapter 01 Active Industrial Facility V45/Compact small-panel deck/VR3_platformdarkplates/VR3_platformdarkplates(Clone)	(26, 0.07500039, 54)	(3.97, 7.788289E-07, 3.97000027)	Assets/_Game/Content/VisualReplacementV3/Materials/VR3_IndustrialTrimAtlas.mat	Assets/_Game/Content/VisualReplacementV3/Models/VR3_platformdarkplates.fbx
S01 Composition Root/Chapter 01 Visual Environment/FloorTerrain/Chapter 01 Active Industrial Facility V45/Compact small-panel deck/VR3_platformmetal/VR3_platformmetal(Clone)	(26, 0.07500039, 58)	(3.97, 7.78828735E-07, 3.97)	Assets/_Game/Content/VisualReplacementV3/Materials/VR3_IndustrialTrimAtlas.mat	Assets/_Game/Content/VisualReplacementV3/Models/VR3_platformmetal.fbx
S01 Composition Root/Chapter 01 Visual Environment/FloorTerrain/Chapter 01 Active Industrial Facility V45/Compact small-panel deck/VR3_platformmetal/VR3_platformmetal(Clone)	(26, 0.07500039, 62)	(3.97, 7.78828735E-07, 3.97)	Assets/_Game/Content/VisualReplacementV3/Materials/VR3_IndustrialTrimAtlas.mat	Assets/_Game/Content/VisualReplacementV3/Models/VR3_platformmetal.fbx
S01 Composition Root/Chapter 01 Visual Environment/FloorTerrain/Chapter 01 Active Industrial Facility V45/Compact small-panel deck/VR3_platformmetal/VR3_platformmetal(Clone)	(26, 0.07500039, 66)	(3.97, 7.78828735E-07, 3.97)	Assets/_Game/Content/VisualReplacementV3/Materials/VR3_IndustrialTrimAtlas.mat	Assets/_Game/Content/VisualReplacementV3/Models/VR3_platformmetal.fbx
S01 Composition Root/Chapter 01 Visual Environment/FloorTerrain/Chapter 01 Active Industrial Facility V45/Compact small-panel deck/VR3_platformdarkplates/VR3_platformdarkplates(Clone)	(26, 0.07500039, 70)	(3.97, 7.788289E-07, 3.97000027)	Assets/_Game/Content/VisualReplacementV3/Materials/VR3_IndustrialTrimAtlas.mat	Assets/_Game/Content/VisualReplacementV3/Models/VR3_platformdarkplates.fbx
S01 Composition Root/Chapter 01 Visual Environment/FloorTerrain/Chapter 01 Active Industrial Facility V45/Compact small-panel deck/VR3_platformmetal/VR3_platformmetal(Clone)	(26, 0.07500039, 74)	(3.97, 7.78828735E-07, 3.97)	Assets/_Game/Content/VisualReplacementV3/Materials/VR3_IndustrialTrimAtlas.mat	Assets/_Game/Content/VisualReplacementV3/Models/VR3_platformmetal.fbx
S01 Composition Root/Chapter 01 Visual Environment/FloorTerrain/Chapter 01 Active Industrial Facility V45/Repair Hub cyan diagnostic services/VR3_columnpipes/VR3_columnpipes(Clone)	(-5.5, 1.45, -32)	(1, 2.9, 1.3)	Assets/_Game/Content/ConceptCorrectiveV45/Materials/V45_WornHousing.mat	Assets/_Game/Content/VisualReplacementV3/Models/VR3_columnpipes.fbx
S01 Composition Root/Chapter 01 Visual Environment/FloorTerrain/Chapter 01 Active Industrial Facility V45/Repair Hub cyan diagnostic services/VR3_generator/VR3_generator(Clone)	(-6.8, 0.7, -32)	(1.1, 1.4, 1.5)	Assets/_Game/Content/ConceptCorrectiveV45/Materials/V45_WornHousing.mat	Assets/_Game/Content/VisualReplacementV3/Models/VR3_generator.fbx
S01 Composition Root/Chapter 01 Visual Environment/FloorTerrain/Chapter 01 Active Industrial Facility V45/Repair Hub cyan diagnostic services/VR3_columnpipes/VR3_columnpipes(Clone)	(5.5, 1.45, -32)	(1, 2.9, 1.3)	Assets/_Game/Content/ConceptCorrectiveV45/Materials/V45_WornHousing.mat	Assets/_Game/Content/VisualReplacementV3/Models/VR3_columnpipes.fbx
S01 Composition Root/Chapter 01 Visual Environment/FloorTerrain/Chapter 01 Active Industrial Facility V45/Repair Hub cyan diagnostic services/VR3_generator/VR3_generator(Clone)	(6.8, 0.7, -32)	(1.1, 1.4, 1.5)	Assets/_Game/Content/ConceptCorrectiveV45/Materials/V45_WornHousing.mat	Assets/_Game/Content/VisualReplacementV3/Models/VR3_generator.fbx
S01 Composition Root/Chapter 01 Visual Environment/FloorTerrain/Chapter 01 Active Industrial Facility V45/Repair Hub cyan diagnostic services/Baked service detail V45_Graphite	(0, 0.65, -31.441721)	(13.4, 1.3, 4.0165596)	Assets/_Game/Content/ConceptCorrectiveV45/Materials/V45_Graphite.mat	Assets/_Game/Content/ConceptCorrectiveV45/Meshes/1_V45_Graphite.asset
S01 Composition Root/Chapter 01 Visual Environment/FloorTerrain/Chapter 01 Active Industrial Facility V45/Repair Hub cyan diagnostic services/Baked service detail V45_ServiceCyan	(0, 0.870499969, -30.75)	(10.9800005, 1.279, 2.32722855)	Assets/_Game/Content/ConceptCorrectiveV45/Materials/V45_ServiceCyan.mat	Assets/_Game/Content/ConceptCorrectiveV45/Meshes/1_V45_ServiceCyan.asset
S01 Composition Root/Chapter 01 Visual Environment/FloorTerrain/Chapter 01 Active Industrial Facility V45/Repair Hub cyan diagnostic services/Baked service detail V45_HazardOchre	(-0.01999998, 0.182, -33.3)	(13.3786392, 0.0119999945, 0.295852661)	Assets/_Game/Content/ConceptCorrectiveV45/Materials/V45_HazardOchre.mat	Assets/_Game/Content/ConceptCorrectiveV45/Meshes/1_V45_HazardOchre.asset
S01 Composition Root/Chapter 01 Visual Environment/FloorTerrain/Chapter 01 Active Industrial Facility V45/Serviced enemy dock capacitor-field/VR3_command/VR3_command(Clone)	(-12, 0.8999999, -9.2)	(1.7, 1.79999983, 1.3)	Assets/_Game/Content/ConceptCorrectiveV45/Materials/V45_WornHousing.mat	Assets/_Game/Content/VisualReplacementV3/Models/VR3_command.fbx
S01 Composition Root/Chapter 01 Visual Environment/FloorTerrain/Chapter 01 Active Industrial Facility V45/Serviced enemy dock capacitor-field/VR3_columnpipes/VR3_columnpipes(Clone)	(-15.5, 1.1, -9.3)	(0.6, 2.2, 0.7)	Assets/_Game/Content/ConceptCorrectiveV45/Materials/V45_WornHousing.mat	Assets/_Game/Content/VisualReplacementV3/Models/VR3_columnpipes.fbx
S01 Composition Root/Chapter 01 Visual Environment/FloorTerrain/Chapter 01 Active Industrial Facility V45/Serviced enemy dock capacitor-field/VR3_centrifuge/VR3_centrifuge(Clone)	(-16.1, 1.07500017, -17.8)	(1.8, 2.15000033, 2.40000033)	Assets/_Game/Content/ConceptCorrectiveV45/Materials/V45_WornHousing.mat	Assets/_Game/Content/VisualReplacementV3/Models/VR3_centrifuge.fbx
S01 Composition Root/Chapter 01 Visual Environment/FloorTerrain/Chapter 01 Active Industrial Facility V45/Serviced enemy dock capacitor-field/VR3_proppipeholder/VR3_proppipeholder(Clone)	(-16.6, 0.85, -16.0999985)	(0.65, 1.7, 0.65)	Assets/_Game/Content/ConceptCorrectiveV45/Materials/V45_WornHousing.mat	Assets/_Game/Content/VisualReplacementV3/Models/VR3_proppipeholder.fbx
S01 Composition Root/Chapter 01 Visual Environment/FloorTerrain/Chapter 01 Active Industrial Facility V45/Serviced enemy dock capacitor-field/VR3_columnpipes/VR3_columnpipes(Clone)	(-8.5, 1.1, -9.3)	(0.6, 2.2, 0.7)	Assets/_Game/Content/ConceptCorrectiveV45/Materials/V45_WornHousing.mat	Assets/_Game/Content/VisualReplacementV3/Models/VR3_columnpipes.fbx
S01 Composition Root/Chapter 01 Visual Environment/FloorTerrain/Chapter 01 Active Industrial Facility V45/Serviced enemy dock capacitor-field/VR3_centrifuge/VR3_centrifuge(Clone)	(-7.9, 1.07500017, -17.8)	(1.8, 2.15000033, 2.40000033)	Assets/_Game/Content/ConceptCorrectiveV45/Materials/V45_WornHousing.mat	Assets/_Game/Content/VisualReplacementV3/Models/VR3_centrifuge.fbx
S01 Composition Root/Chapter 01 Visual Environment/FloorTerrain/Chapter 01 Active Industrial Facility V45/Serviced enemy dock capacitor-field/VR3_proppipeholder/VR3_proppipeholder(Clone)	(-7.4, 0.85, -16.0999985)	(0.65, 1.7, 0.65)	Assets/_Game/Content/ConceptCorrectiveV45/Materials/V45_WornHousing.mat	Assets/_Game/Content/VisualReplacementV3/Models/VR3_proppipeholder.fbx
S01 Composition Root/Chapter 01 Visual Environment/FloorTerrain/Chapter 01 Active Industrial Facility V45/Serviced enemy dock capacitor-field/Baked service detail V45_Graphite	(-12, 0.65, -14.1700211)	(10.4, 1.3, 10.1599541)	Assets/_Game/Content/ConceptCorrectiveV45/Materials/V45_Graphite.mat	Assets/_Game/Content/ConceptCorrectiveV45/Meshes/2_V45_Graphite.asset
S01 Composition Root/Chapter 01 Visual Environment/FloorTerrain/Chapter 01 Active Industrial Facility V45/Serviced enemy dock capacitor-field/Baked service detail V45_UtilityAmber	(-12, 1.01125, -13.6282539)	(7.04099941, 1.6275, 8.89349)	Assets/_Game/Content/ConceptCorrectiveV45/Materials/V45_UtilityAmber.mat	Assets/_Game/Content/ConceptCorrectiveV45/Meshes/2_V45_UtilityAmber.asset
S01 Composition Root/Chapter 01 Visual Environment/FloorTerrain/Chapter 01 Active Industrial Facility V45/Serviced enemy dock capacitor-field/Baked service detail V45_HazardOchre	(-12.02, 0.187, -14.5999994)	(10.3786392, 0.022, 9.295852)	Assets/_Game/Content/ConceptCorrectiveV45/Materials/V45_HazardOchre.mat	Assets/_Game/Content/ConceptCorrectiveV45/Meshes/2_V45_HazardOchre.asset
S01 Composition Root/Chapter 01 Visual Environment/FloorTerrain/Chapter 01 Active Industrial Facility V45/Serviced enemy dock cutting-floor/VR3_command/VR3_command(Clone)	(0, 0.8999999, 27.8)	(1.7, 1.79999983, 1.3)	Assets/_Game/Content/ConceptCorrectiveV45/Materials/V45_WornHousing.mat	Assets/_Game/Content/VisualReplacementV3/Models/VR3_command.fbx
S01 Composition Root/Chapter 01 Visual Environment/FloorTerrain/Chapter 01 Active Industrial Facility V45/Serviced enemy dock cutting-floor/VR3_columnpipes/VR3_columnpipes(Clone)	(-3.5, 1.1, 27.7)	(0.6, 2.2, 0.7)	Assets/_Game/Content/ConceptCorrectiveV45/Materials/V45_WornHousing.mat	Assets/_Game/Content/VisualReplacementV3/Models/VR3_columnpipes.fbx
S01 Composition Root/Chapter 01 Visual Environment/FloorTerrain/Chapter 01 Active Industrial Facility V45/Serviced enemy dock cutting-floor/VR3_generator/VR3_generator(Clone)	(-4.1, 1.07499993, 19.2)	(1.8, 2.15, 2.40000033)	Assets/_Game/Content/ConceptCorrectiveV45/Materials/V45_WornHousing.mat	Assets/_Game/Content/VisualReplacementV3/Models/VR3_generator.fbx
S01 Composition Root/Chapter 01 Visual Environment/FloorTerrain/Chapter 01 Active Industrial Facility V45/Serviced enemy dock cutting-floor/VR3_proppipeholder/VR3_proppipeholder(Clone)	(-4.6, 0.85, 20.9000015)	(0.65, 1.7, 0.65)	Assets/_Game/Content/ConceptCorrectiveV45/Materials/V45_WornHousing.mat	Assets/_Game/Content/VisualReplacementV3/Models/VR3_proppipeholder.fbx
S01 Composition Root/Chapter 01 Visual Environment/FloorTerrain/Chapter 01 Active Industrial Facility V45/Serviced enemy dock cutting-floor/VR3_columnpipes/VR3_columnpipes(Clone)	(3.5, 1.1, 27.7)	(0.6, 2.2, 0.7)	Assets/_Game/Content/ConceptCorrectiveV45/Materials/V45_WornHousing.mat	Assets/_Game/Content/VisualReplacementV3/Models/VR3_columnpipes.fbx
S01 Composition Root/Chapter 01 Visual Environment/FloorTerrain/Chapter 01 Active Industrial Facility V45/Serviced enemy dock cutting-floor/VR3_generator/VR3_generator(Clone)	(4.1, 1.07499993, 19.2)	(1.8, 2.15, 2.40000033)	Assets/_Game/Content/ConceptCorrectiveV45/Materials/V45_WornHousing.mat	Assets/_Game/Content/VisualReplacementV3/Models/VR3_generator.fbx
S01 Composition Root/Chapter 01 Visual Environment/FloorTerrain/Chapter 01 Active Industrial Facility V45/Serviced enemy dock cutting-floor/VR3_proppipeholder/VR3_proppipeholder(Clone)	(4.6, 0.85, 20.9000015)	(0.65, 1.7, 0.65)	Assets/_Game/Content/ConceptCorrectiveV45/Materials/V45_WornHousing.mat	Assets/_Game/Content/VisualReplacementV3/Models/VR3_proppipeholder.fbx
S01 Composition Root/Chapter 01 Visual Environment/FloorTerrain/Chapter 01 Active Industrial Facility V45/Serviced enemy dock cutting-floor/Baked service detail V45_Graphite	(0, 0.65, 22.829977)	(10.4, 1.3, 10.1599522)	Assets/_Game/Content/ConceptCorrectiveV45/Materials/V45_Graphite.mat	Assets/_Game/Content/ConceptCorrectiveV45/Meshes/3_V45_Graphite.asset
S01 Composition Root/Chapter 01 Visual Environment/FloorTerrain/Chapter 01 Active Industrial Facility V45/Serviced enemy dock cutting-floor/Baked service detail V45_HostileRed	(0, 1.01125, 23.3717461)	(7.040999, 1.6275, 8.89349)	Assets/_Game/Content/ConceptCorrectiveV45/Materials/V45_HostileRed.mat	Assets/_Game/Content/ConceptCorrectiveV45/Meshes/3_V45_HostileRed.asset
S01 Composition Root/Chapter 01 Visual Environment/FloorTerrain/Chapter 01 Active Industrial Facility V45/Serviced enemy dock cutting-floor/Baked service detail V45_HazardOchre	(-0.01999998, 0.187, 22.4)	(10.3786392, 0.022, 9.295851)	Assets/_Game/Content/ConceptCorrectiveV45/Materials/V45_HazardOchre.mat	Assets/_Game/Content/ConceptCorrectiveV45/Meshes/3_V45_HazardOchre.asset
S01 Composition Root/Chapter 01 Visual Environment/FloorTerrain/Chapter 01 Active Industrial Facility V45/Serviced enemy dock hauler-graveyard/VR3_command/VR3_command(Clone)	(12, 0.8999999, -9.2)	(1.7, 1.79999983, 1.3)	Assets/_Game/Content/ConceptCorrectiveV45/Materials/V45_WornHousing.mat	Assets/_Game/Content/VisualReplacementV3/Models/VR3_command.fbx
S01 Composition Root/Chapter 01 Visual Environment/FloorTerrain/Chapter 01 Active Industrial Facility V45/Serviced enemy dock hauler-graveyard/VR3_columnpipes/VR3_columnpipes(Clone)	(8.5, 1.1, -9.3)	(0.6, 2.2, 0.7)	Assets/_Game/Content/ConceptCorrectiveV45/Materials/V45_WornHousing.mat	Assets/_Game/Content/VisualReplacementV3/Models/VR3_columnpipes.fbx
S01 Composition Root/Chapter 01 Visual Environment/FloorTerrain/Chapter 01 Active Industrial Facility V45/Serviced enemy dock hauler-graveyard/VR3_propcrate/VR3_propcrate(Clone)	(7.9, 1.07499993, -17.8)	(1.79999983, 2.14999986, 2.39999986)	Assets/_Game/Content/ConceptCorrectiveV45/Materials/V45_WornHousing.mat	Assets/_Game/Content/VisualReplacementV3/Models/VR3_propcrate.fbx
S01 Composition Root/Chapter 01 Visual Environment/FloorTerrain/Chapter 01 Active Industrial Facility V45/Serviced enemy dock hauler-graveyard/VR3_proppipeholder/VR3_proppipeholder(Clone)	(7.4, 0.85, -16.0999985)	(0.65, 1.7, 0.65)	Assets/_Game/Content/ConceptCorrectiveV45/Materials/V45_WornHousing.mat	Assets/_Game/Content/VisualReplacementV3/Models/VR3_proppipeholder.fbx
S01 Composition Root/Chapter 01 Visual Environment/FloorTerrain/Chapter 01 Active Industrial Facility V45/Serviced enemy dock hauler-graveyard/VR3_columnpipes/VR3_columnpipes(Clone)	(15.5, 1.1, -9.3)	(0.6, 2.2, 0.7)	Assets/_Game/Content/ConceptCorrectiveV45/Materials/V45_WornHousing.mat	Assets/_Game/Content/VisualReplacementV3/Models/VR3_columnpipes.fbx
S01 Composition Root/Chapter 01 Visual Environment/FloorTerrain/Chapter 01 Active Industrial Facility V45/Serviced enemy dock hauler-graveyard/VR3_propcrate/VR3_propcrate(Clone)	(16.1, 1.07499993, -17.8)	(1.79999983, 2.14999986, 2.39999986)	Assets/_Game/Content/ConceptCorrectiveV45/Materials/V45_WornHousing.mat	Assets/_Game/Content/VisualReplacementV3/Models/VR3_propcrate.fbx
S01 Composition Root/Chapter 01 Visual Environment/FloorTerrain/Chapter 01 Active Industrial Facility V45/Serviced enemy dock hauler-graveyard/VR3_proppipeholder/VR3_proppipeholder(Clone)	(16.6, 0.85, -16.0999985)	(0.65, 1.7, 0.65)	Assets/_Game/Content/ConceptCorrectiveV45/Materials/V45_WornHousing.mat	Assets/_Game/Content/VisualReplacementV3/Models/VR3_proppipeholder.fbx
S01 Composition Root/Chapter 01 Visual Environment/FloorTerrain/Chapter 01 Active Industrial Facility V45/Serviced enemy dock hauler-graveyard/Baked service detail V45_Graphite	(12, 0.65, -14.1700211)	(10.4, 1.3, 10.1599541)	Assets/_Game/Content/ConceptCorrectiveV45/Materials/V45_Graphite.mat	Assets/_Game/Content/ConceptCorrectiveV45/Meshes/4_V45_Graphite.asset
S01 Composition Root/Chapter 01 Visual Environment/FloorTerrain/Chapter 01 Active Industrial Facility V45/Serviced enemy dock hauler-graveyard/Baked service detail V45_HostileRed	(12, 1.01125, -13.6282539)	(7.04099941, 1.6275, 8.89349)	Assets/_Game/Content/ConceptCorrectiveV45/Materials/V45_HostileRed.mat	Assets/_Game/Content/ConceptCorrectiveV45/Meshes/4_V45_HostileRed.asset
S01 Composition Root/Chapter 01 Visual Environment/FloorTerrain/Chapter 01 Active Industrial Facility V45/Serviced enemy dock hauler-graveyard/Baked service detail V45_HazardOchre	(11.9800005, 0.187, -14.5999994)	(10.37864, 0.022, 9.295852)	Assets/_Game/Content/ConceptCorrectiveV45/Materials/V45_HazardOchre.mat	Assets/_Game/Content/ConceptCorrectiveV45/Meshes/4_V45_HazardOchre.asset
S01 Composition Root/Chapter 01 Visual Environment/FloorTerrain/Chapter 01 Active Industrial Facility V45/Serviced enemy dock relay-yard/VR3_command/VR3_command(Clone)	(-18, 0.8999999, 11.7999992)	(1.7, 1.79999983, 1.3)	Assets/_Game/Content/ConceptCorrectiveV45/Materials/V45_WornHousing.mat	Assets/_Game/Content/VisualReplacementV3/Models/VR3_command.fbx
S01 Composition Root/Chapter 01 Visual Environment/FloorTerrain/Chapter 01 Active Industrial Facility V45/Serviced enemy dock relay-yard/VR3_columnpipes/VR3_columnpipes(Clone)	(-21.5, 1.1, 11.7000008)	(0.6, 2.2, 0.7)	Assets/_Game/Content/ConceptCorrectiveV45/Materials/V45_WornHousing.mat	Assets/_Game/Content/VisualReplacementV3/Models/VR3_columnpipes.fbx
S01 Composition Root/Chapter 01 Visual Environment/FloorTerrain/Chapter 01 Active Industrial Facility V45/Serviced enemy dock relay-yard/VR3_generator/VR3_generator(Clone)	(-22.1, 1.07499993, 3.19999981)	(1.8, 2.15, 2.40000033)	Assets/_Game/Content/ConceptCorrectiveV45/Materials/V45_WornHousing.mat	Assets/_Game/Content/VisualReplacementV3/Models/VR3_generator.fbx
S01 Composition Root/Chapter 01 Visual Environment/FloorTerrain/Chapter 01 Active Industrial Facility V45/Serviced enemy dock relay-yard/VR3_proppipeholder/VR3_proppipeholder(Clone)	(-22.6, 0.85, 4.89999962)	(0.65, 1.7, 0.65)	Assets/_Game/Content/ConceptCorrectiveV45/Materials/V45_WornHousing.mat	Assets/_Game/Content/VisualReplacementV3/Models/VR3_proppipeholder.fbx
S01 Composition Root/Chapter 01 Visual Environment/FloorTerrain/Chapter 01 Active Industrial Facility V45/Serviced enemy dock relay-yard/VR3_columnpipes/VR3_columnpipes(Clone)	(-14.5, 1.1, 11.7000008)	(0.6, 2.2, 0.7)	Assets/_Game/Content/ConceptCorrectiveV45/Materials/V45_WornHousing.mat	Assets/_Game/Content/VisualReplacementV3/Models/VR3_columnpipes.fbx
S01 Composition Root/Chapter 01 Visual Environment/FloorTerrain/Chapter 01 Active Industrial Facility V45/Serviced enemy dock relay-yard/VR3_generator/VR3_generator(Clone)	(-13.9, 1.07499993, 3.19999981)	(1.8, 2.15, 2.40000033)	Assets/_Game/Content/ConceptCorrectiveV45/Materials/V45_WornHousing.mat	Assets/_Game/Content/VisualReplacementV3/Models/VR3_generator.fbx
S01 Composition Root/Chapter 01 Visual Environment/FloorTerrain/Chapter 01 Active Industrial Facility V45/Serviced enemy dock relay-yard/VR3_proppipeholder/VR3_proppipeholder(Clone)	(-13.4, 0.85, 4.89999962)	(0.65, 1.7, 0.65)	Assets/_Game/Content/ConceptCorrectiveV45/Materials/V45_WornHousing.mat	Assets/_Game/Content/VisualReplacementV3/Models/VR3_proppipeholder.fbx
S01 Composition Root/Chapter 01 Visual Environment/FloorTerrain/Chapter 01 Active Industrial Facility V45/Serviced enemy dock relay-yard/Baked service detail V45_Graphite	(-18, 0.65, 6.82997751)	(10.4000006, 1.3, 10.159956)	Assets/_Game/Content/ConceptCorrectiveV45/Materials/V45_Graphite.mat	Assets/_Game/Content/ConceptCorrectiveV45/Meshes/5_V45_Graphite.asset
S01 Composition Root/Chapter 01 Visual Environment/FloorTerrain/Chapter 01 Active Industrial Facility V45/Serviced enemy dock relay-yard/Baked service detail V45_UtilityWhite	(-18, 1.01125, 7.371745)	(7.040999, 1.6275, 8.893492)	Assets/_Game/Content/ConceptCorrectiveV45/Materials/V45_UtilityWhite.mat	Assets/_Game/Content/ConceptCorrectiveV45/Meshes/5_V45_UtilityWhite.asset
S01 Composition Root/Chapter 01 Visual Environment/FloorTerrain/Chapter 01 Active Industrial Facility V45/Serviced enemy dock relay-yard/Baked service detail V45_HazardOchre	(-18.02, 0.187, 6.4)	(10.3786392, 0.022, 9.295854)	Assets/_Game/Content/ConceptCorrectiveV45/Materials/V45_HazardOchre.mat	Assets/_Game/Content/ConceptCorrectiveV45/Meshes/5_V45_HazardOchre.asset
S01 Composition Root/Chapter 01 Visual Environment/FloorTerrain/Chapter 01 Active Industrial Facility V45/Serviced enemy dock shield-dump/VR3_command/VR3_command(Clone)	(18, 0.8999999, 11.7999992)	(1.7, 1.79999983, 1.3)	Assets/_Game/Content/ConceptCorrectiveV45/Materials/V45_WornHousing.mat	Assets/_Game/Content/VisualReplacementV3/Models/VR3_command.fbx
S01 Composition Root/Chapter 01 Visual Environment/FloorTerrain/Chapter 01 Active Industrial Facility V45/Serviced enemy dock shield-dump/VR3_columnpipes/VR3_columnpipes(Clone)	(14.5, 1.1, 11.7000008)	(0.6, 2.2, 0.7)	Assets/_Game/Content/ConceptCorrectiveV45/Materials/V45_WornHousing.mat	Assets/_Game/Content/VisualReplacementV3/Models/VR3_columnpipes.fbx
S01 Composition Root/Chapter 01 Visual Environment/FloorTerrain/Chapter 01 Active Industrial Facility V45/Serviced enemy dock shield-dump/VR3_generator/VR3_generator(Clone)	(13.9, 1.07499993, 3.19999981)	(1.8, 2.15, 2.40000033)	Assets/_Game/Content/ConceptCorrectiveV45/Materials/V45_WornHousing.mat	Assets/_Game/Content/VisualReplacementV3/Models/VR3_generator.fbx
S01 Composition Root/Chapter 01 Visual Environment/FloorTerrain/Chapter 01 Active Industrial Facility V45/Serviced enemy dock shield-dump/VR3_proppipeholder/VR3_proppipeholder(Clone)	(13.4, 0.85, 4.89999962)	(0.65, 1.7, 0.65)	Assets/_Game/Content/ConceptCorrectiveV45/Materials/V45_WornHousing.mat	Assets/_Game/Content/VisualReplacementV3/Models/VR3_proppipeholder.fbx
S01 Composition Root/Chapter 01 Visual Environment/FloorTerrain/Chapter 01 Active Industrial Facility V45/Serviced enemy dock shield-dump/VR3_columnpipes/VR3_columnpipes(Clone)	(21.5, 1.1, 11.7000008)	(0.6, 2.2, 0.7)	Assets/_Game/Content/ConceptCorrectiveV45/Materials/V45_WornHousing.mat	Assets/_Game/Content/VisualReplacementV3/Models/VR3_columnpipes.fbx
S01 Composition Root/Chapter 01 Visual Environment/FloorTerrain/Chapter 01 Active Industrial Facility V45/Serviced enemy dock shield-dump/VR3_generator/VR3_generator(Clone)	(22.1, 1.07499993, 3.19999981)	(1.8, 2.15, 2.40000033)	Assets/_Game/Content/ConceptCorrectiveV45/Materials/V45_WornHousing.mat	Assets/_Game/Content/VisualReplacementV3/Models/VR3_generator.fbx
S01 Composition Root/Chapter 01 Visual Environment/FloorTerrain/Chapter 01 Active Industrial Facility V45/Serviced enemy dock shield-dump/VR3_proppipeholder/VR3_proppipeholder(Clone)	(22.6, 0.85, 4.89999962)	(0.65, 1.7, 0.65)	Assets/_Game/Content/ConceptCorrectiveV45/Materials/V45_WornHousing.mat	Assets/_Game/Content/VisualReplacementV3/Models/VR3_proppipeholder.fbx
S01 Composition Root/Chapter 01 Visual Environment/FloorTerrain/Chapter 01 Active Industrial Facility V45/Serviced enemy dock shield-dump/Baked service detail V45_Graphite	(18, 0.65, 6.82997751)	(10.4000006, 1.3, 10.159956)	Assets/_Game/Content/ConceptCorrectiveV45/Materials/V45_Graphite.mat	Assets/_Game/Content/ConceptCorrectiveV45/Meshes/6_V45_Graphite.asset
S01 Composition Root/Chapter 01 Visual Environment/FloorTerrain/Chapter 01 Active Industrial Facility V45/Serviced enemy dock shield-dump/Baked service detail V45_HostileRed	(18, 1.01125, 7.371745)	(7.040999, 1.6275, 8.893492)	Assets/_Game/Content/ConceptCorrectiveV45/Materials/V45_HostileRed.mat	Assets/_Game/Content/ConceptCorrectiveV45/Meshes/6_V45_HostileRed.asset
S01 Composition Root/Chapter 01 Visual Environment/FloorTerrain/Chapter 01 Active Industrial Facility V45/Serviced enemy dock shield-dump/Baked service detail V45_HazardOchre	(17.98, 0.187, 6.4)	(10.37864, 0.022, 9.295854)	Assets/_Game/Content/ConceptCorrectiveV45/Materials/V45_HazardOchre.mat	Assets/_Game/Content/ConceptCorrectiveV45/Meshes/6_V45_HazardOchre.asset
S01 Composition Root/Chapter 01 Visual Environment/FloorTerrain/Chapter 01 Active Industrial Facility V45/Heavy fabrication nest strong-elite-a/VR3_generatorpilelarge/VR3_generatorpilelarge(Clone)	(-18, 1.25, 36.8)	(2.2, 2.5, 1.3)	Assets/_Game/Content/ConceptCorrectiveV45/Materials/V45_WornHousing.mat	Assets/_Game/Content/VisualReplacementV3/Models/VR3_generatorpilelarge.fbx
S01 Composition Root/Chapter 01 Visual Environment/FloorTerrain/Chapter 01 Active Industrial Facility V45/Heavy fabrication nest strong-elite-a/VR3_columnpipes/VR3_columnpipes(Clone)	(-21.5, 1.55, 36.7)	(0.6, 3.1, 0.7)	Assets/_Game/Content/ConceptCorrectiveV45/Materials/V45_WornHousing.mat	Assets/_Game/Content/VisualReplacementV3/Models/VR3_columnpipes.fbx
S01 Composition Root/Chapter 01 Visual Environment/FloorTerrain/Chapter 01 Active Industrial Facility V45/Heavy fabrication nest strong-elite-a/VR3_generator/VR3_generator(Clone)	(-22.1, 1.07499993, 28.2)	(1.8, 2.15, 2.40000033)	Assets/_Game/Content/ConceptCorrectiveV45/Materials/V45_WornHousing.mat	Assets/_Game/Content/VisualReplacementV3/Models/VR3_generator.fbx
S01 Composition Root/Chapter 01 Visual Environment/FloorTerrain/Chapter 01 Active Industrial Facility V45/Heavy fabrication nest strong-elite-a/VR3_proppipeholder/VR3_proppipeholder(Clone)	(-22.6, 0.85, 29.9000015)	(0.65, 1.7, 0.65)	Assets/_Game/Content/ConceptCorrectiveV45/Materials/V45_WornHousing.mat	Assets/_Game/Content/VisualReplacementV3/Models/VR3_proppipeholder.fbx
S01 Composition Root/Chapter 01 Visual Environment/FloorTerrain/Chapter 01 Active Industrial Facility V45/Heavy fabrication nest strong-elite-a/VR3_columnpipes/VR3_columnpipes(Clone)	(-14.5, 1.55, 36.7)	(0.6, 3.1, 0.7)	Assets/_Game/Content/ConceptCorrectiveV45/Materials/V45_WornHousing.mat	Assets/_Game/Content/VisualReplacementV3/Models/VR3_columnpipes.fbx
S01 Composition Root/Chapter 01 Visual Environment/FloorTerrain/Chapter 01 Active Industrial Facility V45/Heavy fabrication nest strong-elite-a/VR3_generator/VR3_generator(Clone)	(-13.9, 1.07499993, 28.2)	(1.8, 2.15, 2.40000033)	Assets/_Game/Content/ConceptCorrectiveV45/Materials/V45_WornHousing.mat	Assets/_Game/Content/VisualReplacementV3/Models/VR3_generator.fbx
S01 Composition Root/Chapter 01 Visual Environment/FloorTerrain/Chapter 01 Active Industrial Facility V45/Heavy fabrication nest strong-elite-a/VR3_proppipeholder/VR3_proppipeholder(Clone)	(-13.4, 0.85, 29.9000015)	(0.65, 1.7, 0.65)	Assets/_Game/Content/ConceptCorrectiveV45/Materials/V45_WornHousing.mat	Assets/_Game/Content/VisualReplacementV3/Models/VR3_proppipeholder.fbx
S01 Composition Root/Chapter 01 Visual Environment/FloorTerrain/Chapter 01 Active Industrial Facility V45/Heavy fabrication nest strong-elite-a/Baked service detail V45_Graphite	(-18, 0.65, 31.829977)	(10.4000006, 1.3, 10.1599522)	Assets/_Game/Content/ConceptCorrectiveV45/Materials/V45_Graphite.mat	Assets/_Game/Content/ConceptCorrectiveV45/Meshes/7_V45_Graphite.asset
S01 Composition Root/Chapter 01 Visual Environment/FloorTerrain/Chapter 01 Active Industrial Facility V45/Heavy fabrication nest strong-elite-a/Baked service detail V45_HostileRed	(-18, 1.01125, 32.3717461)	(7.040999, 1.6275, 8.89349)	Assets/_Game/Content/ConceptCorrectiveV45/Materials/V45_HostileRed.mat	Assets/_Game/Content/ConceptCorrectiveV45/Meshes/7_V45_HostileRed.asset
S01 Composition Root/Chapter 01 Visual Environment/FloorTerrain/Chapter 01 Active Industrial Facility V45/Heavy fabrication nest strong-elite-a/Baked service detail V45_HazardOchre	(-18.02, 0.187, 31.4)	(10.3786392, 0.022, 9.295849)	Assets/_Game/Content/ConceptCorrectiveV45/Materials/V45_HazardOchre.mat	Assets/_Game/Content/ConceptCorrectiveV45/Meshes/7_V45_HazardOchre.asset
S01 Composition Root/Chapter 01 Visual Environment/FloorTerrain/Chapter 01 Active Industrial Facility V45/Heavy fabrication nest strong-elite-b/VR3_generatorpilelarge/VR3_generatorpilelarge(Clone)	(20, 1.25, 45.8)	(2.2, 2.5, 1.3)	Assets/_Game/Content/ConceptCorrectiveV45/Materials/V45_WornHousing.mat	Assets/_Game/Content/VisualReplacementV3/Models/VR3_generatorpilelarge.fbx
S01 Composition Root/Chapter 01 Visual Environment/FloorTerrain/Chapter 01 Active Industrial Facility V45/Heavy fabrication nest strong-elite-b/VR3_columnpipes/VR3_columnpipes(Clone)	(16.5, 1.55, 45.7)	(0.6, 3.1, 0.7)	Assets/_Game/Content/ConceptCorrectiveV45/Materials/V45_WornHousing.mat	Assets/_Game/Content/VisualReplacementV3/Models/VR3_columnpipes.fbx
S01 Composition Root/Chapter 01 Visual Environment/FloorTerrain/Chapter 01 Active Industrial Facility V45/Heavy fabrication nest strong-elite-b/VR3_generator/VR3_generator(Clone)	(15.9, 1.07499993, 37.2)	(1.8, 2.15, 2.40000033)	Assets/_Game/Content/ConceptCorrectiveV45/Materials/V45_WornHousing.mat	Assets/_Game/Content/VisualReplacementV3/Models/VR3_generator.fbx
S01 Composition Root/Chapter 01 Visual Environment/FloorTerrain/Chapter 01 Active Industrial Facility V45/Heavy fabrication nest strong-elite-b/VR3_proppipeholder/VR3_proppipeholder(Clone)	(15.4, 0.85, 38.9)	(0.65, 1.7, 0.65)	Assets/_Game/Content/ConceptCorrectiveV45/Materials/V45_WornHousing.mat	Assets/_Game/Content/VisualReplacementV3/Models/VR3_proppipeholder.fbx
S01 Composition Root/Chapter 01 Visual Environment/FloorTerrain/Chapter 01 Active Industrial Facility V45/Heavy fabrication nest strong-elite-b/VR3_columnpipes/VR3_columnpipes(Clone)	(23.5, 1.55, 45.7)	(0.6, 3.1, 0.7)	Assets/_Game/Content/ConceptCorrectiveV45/Materials/V45_WornHousing.mat	Assets/_Game/Content/VisualReplacementV3/Models/VR3_columnpipes.fbx
S01 Composition Root/Chapter 01 Visual Environment/FloorTerrain/Chapter 01 Active Industrial Facility V45/Heavy fabrication nest strong-elite-b/VR3_generator/VR3_generator(Clone)	(24.1, 1.07499993, 37.2)	(1.8, 2.15, 2.40000033)	Assets/_Game/Content/ConceptCorrectiveV45/Materials/V45_WornHousing.mat	Assets/_Game/Content/VisualReplacementV3/Models/VR3_generator.fbx
S01 Composition Root/Chapter 01 Visual Environment/FloorTerrain/Chapter 01 Active Industrial Facility V45/Heavy fabrication nest strong-elite-b/VR3_proppipeholder/VR3_proppipeholder(Clone)	(24.6, 0.85, 38.9)	(0.65, 1.7, 0.65)	Assets/_Game/Content/ConceptCorrectiveV45/Materials/V45_WornHousing.mat	Assets/_Game/Content/VisualReplacementV3/Models/VR3_proppipeholder.fbx
S01 Composition Root/Chapter 01 Visual Environment/FloorTerrain/Chapter 01 Active Industrial Facility V45/Heavy fabrication nest strong-elite-b/Baked service detail V45_Graphite	(20, 0.65, 40.82998)	(10.4000006, 1.3, 10.1599522)	Assets/_Game/Content/ConceptCorrectiveV45/Materials/V45_Graphite.mat	Assets/_Game/Content/ConceptCorrectiveV45/Meshes/8_V45_Graphite.asset
S01 Composition Root/Chapter 01 Visual Environment/FloorTerrain/Chapter 01 Active Industrial Facility V45/Heavy fabrication nest strong-elite-b/Baked service detail V45_HostileRed	(20, 1.01125, 41.3717461)	(7.040999, 1.6275, 8.89349)	Assets/_Game/Content/ConceptCorrectiveV45/Materials/V45_HostileRed.mat	Assets/_Game/Content/ConceptCorrectiveV45/Meshes/8_V45_HostileRed.asset
S01 Composition Root/Chapter 01 Visual Environment/FloorTerrain/Chapter 01 Active Industrial Facility V45/Heavy fabrication nest strong-elite-b/Baked service detail V45_HazardOchre	(19.98, 0.187, 40.3999977)	(10.37864, 0.022, 9.295849)	Assets/_Game/Content/ConceptCorrectiveV45/Materials/V45_HazardOchre.mat	Assets/_Game/Content/ConceptCorrectiveV45/Meshes/8_V45_HazardOchre.asset
S01 Composition Root/Chapter 01 Visual Environment/FloorTerrain/Chapter 01 Active Industrial Facility V45/Heavy fabrication nest strong-boss-a/VR3_generatorpilelarge/VR3_generatorpilelarge(Clone)	(-18, 1.25, 75.8)	(2.2, 2.5, 1.3)	Assets/_Game/Content/ConceptCorrectiveV45/Materials/V45_WornHousing.mat	Assets/_Game/Content/VisualReplacementV3/Models/VR3_generatorpilelarge.fbx
S01 Composition Root/Chapter 01 Visual Environment/FloorTerrain/Chapter 01 Active Industrial Facility V45/Heavy fabrication nest strong-boss-a/VR3_columnpipes/VR3_columnpipes(Clone)	(-21.5, 1.55, 75.7)	(0.6, 3.1, 0.7)	Assets/_Game/Content/ConceptCorrectiveV45/Materials/V45_WornHousing.mat	Assets/_Game/Content/VisualReplacementV3/Models/VR3_columnpipes.fbx
S01 Composition Root/Chapter 01 Visual Environment/FloorTerrain/Chapter 01 Active Industrial Facility V45/Heavy fabrication nest strong-boss-a/VR3_generator/VR3_generator(Clone)	(-22.1, 1.07499993, 67.2)	(1.8, 2.15, 2.40000033)	Assets/_Game/Content/ConceptCorrectiveV45/Materials/V45_WornHousing.mat	Assets/_Game/Content/VisualReplacementV3/Models/VR3_generator.fbx
S01 Composition Root/Chapter 01 Visual Environment/FloorTerrain/Chapter 01 Active Industrial Facility V45/Heavy fabrication nest strong-boss-a/VR3_proppipeholder/VR3_proppipeholder(Clone)	(-22.6, 0.85, 68.8999939)	(0.65, 1.7, 0.65)	Assets/_Game/Content/ConceptCorrectiveV45/Materials/V45_WornHousing.mat	Assets/_Game/Content/VisualReplacementV3/Models/VR3_proppipeholder.fbx
S01 Composition Root/Chapter 01 Visual Environment/FloorTerrain/Chapter 01 Active Industrial Facility V45/Heavy fabrication nest strong-boss-a/VR3_columnpipes/VR3_columnpipes(Clone)	(-14.5, 1.55, 75.7)	(0.6, 3.1, 0.7)	Assets/_Game/Content/ConceptCorrectiveV45/Materials/V45_WornHousing.mat	Assets/_Game/Content/VisualReplacementV3/Models/VR3_columnpipes.fbx
S01 Composition Root/Chapter 01 Visual Environment/FloorTerrain/Chapter 01 Active Industrial Facility V45/Heavy fabrication nest strong-boss-a/VR3_generator/VR3_generator(Clone)	(-13.9, 1.07499993, 67.2)	(1.8, 2.15, 2.40000033)	Assets/_Game/Content/ConceptCorrectiveV45/Materials/V45_WornHousing.mat	Assets/_Game/Content/VisualReplacementV3/Models/VR3_generator.fbx
S01 Composition Root/Chapter 01 Visual Environment/FloorTerrain/Chapter 01 Active Industrial Facility V45/Heavy fabrication nest strong-boss-a/VR3_proppipeholder/VR3_proppipeholder(Clone)	(-13.4, 0.85, 68.8999939)	(0.65, 1.7, 0.65)	Assets/_Game/Content/ConceptCorrectiveV45/Materials/V45_WornHousing.mat	Assets/_Game/Content/VisualReplacementV3/Models/VR3_proppipeholder.fbx
S01 Composition Root/Chapter 01 Visual Environment/FloorTerrain/Chapter 01 Active Industrial Facility V45/Heavy fabrication nest strong-boss-a/Baked service detail V45_Graphite	(-18, 0.65, 70.82998)	(10.4000006, 1.3, 10.1599646)	Assets/_Game/Content/ConceptCorrectiveV45/Materials/V45_Graphite.mat	Assets/_Game/Content/ConceptCorrectiveV45/Meshes/9_V45_Graphite.asset
S01 Composition Root/Chapter 01 Visual Environment/FloorTerrain/Chapter 01 Active Industrial Facility V45/Heavy fabrication nest strong-boss-a/Baked service detail V45_HostileRed	(-18, 1.01125, 71.37174)	(7.040999, 1.6275, 8.893497)	Assets/_Game/Content/ConceptCorrectiveV45/Materials/V45_HostileRed.mat	Assets/_Game/Content/ConceptCorrectiveV45/Meshes/9_V45_HostileRed.asset
S01 Composition Root/Chapter 01 Visual Environment/FloorTerrain/Chapter 01 Active Industrial Facility V45/Heavy fabrication nest strong-boss-a/Baked service detail V45_HazardOchre	(-18.02, 0.187, 70.3999939)	(10.3786392, 0.022, 9.29586)	Assets/_Game/Content/ConceptCorrectiveV45/Materials/V45_HazardOchre.mat	Assets/_Game/Content/ConceptCorrectiveV45/Meshes/9_V45_HazardOchre.asset
S01 Composition Root/Chapter 01 Visual Environment/FloorTerrain/Chapter 01 Active Industrial Facility V45/Heavy fabrication nest strong-boss-b/VR3_generatorpilelarge/VR3_generatorpilelarge(Clone)	(18, 1.25, 74.05)	(2.2, 2.5, 1.3)	Assets/_Game/Content/ConceptCorrectiveV45/Materials/V45_WornHousing.mat	Assets/_Game/Content/VisualReplacementV3/Models/VR3_generatorpilelarge.fbx
S01 Composition Root/Chapter 01 Visual Environment/FloorTerrain/Chapter 01 Active Industrial Facility V45/Heavy fabrication nest strong-boss-b/VR3_columnpipes/VR3_columnpipes(Clone)	(14.5, 1.55, 73.95)	(0.6, 3.1, 0.7)	Assets/_Game/Content/ConceptCorrectiveV45/Materials/V45_WornHousing.mat	Assets/_Game/Content/VisualReplacementV3/Models/VR3_columnpipes.fbx
S01 Composition Root/Chapter 01 Visual Environment/FloorTerrain/Chapter 01 Active Industrial Facility V45/Heavy fabrication nest strong-boss-b/VR3_generator/VR3_generator(Clone)	(13.9, 1.07499993, 65.45)	(1.8, 2.15, 2.40000033)	Assets/_Game/Content/ConceptCorrectiveV45/Materials/V45_WornHousing.mat	Assets/_Game/Content/VisualReplacementV3/Models/VR3_generator.fbx
S01 Composition Root/Chapter 01 Visual Environment/FloorTerrain/Chapter 01 Active Industrial Facility V45/Heavy fabrication nest strong-boss-b/VR3_proppipeholder/VR3_proppipeholder(Clone)	(13.4, 0.85, 67.1499939)	(0.65, 1.7, 0.65)	Assets/_Game/Content/ConceptCorrectiveV45/Materials/V45_WornHousing.mat	Assets/_Game/Content/VisualReplacementV3/Models/VR3_proppipeholder.fbx
S01 Composition Root/Chapter 01 Visual Environment/FloorTerrain/Chapter 01 Active Industrial Facility V45/Heavy fabrication nest strong-boss-b/VR3_columnpipes/VR3_columnpipes(Clone)	(21.5, 1.55, 73.95)	(0.6, 3.1, 0.7)	Assets/_Game/Content/ConceptCorrectiveV45/Materials/V45_WornHousing.mat	Assets/_Game/Content/VisualReplacementV3/Models/VR3_columnpipes.fbx
S01 Composition Root/Chapter 01 Visual Environment/FloorTerrain/Chapter 01 Active Industrial Facility V45/Heavy fabrication nest strong-boss-b/VR3_generator/VR3_generator(Clone)	(22.1, 1.07499993, 65.45)	(1.8, 2.15, 2.40000033)	Assets/_Game/Content/ConceptCorrectiveV45/Materials/V45_WornHousing.mat	Assets/_Game/Content/VisualReplacementV3/Models/VR3_generator.fbx
S01 Composition Root/Chapter 01 Visual Environment/FloorTerrain/Chapter 01 Active Industrial Facility V45/Heavy fabrication nest strong-boss-b/VR3_proppipeholder/VR3_proppipeholder(Clone)	(22.6, 0.85, 67.1499939)	(0.65, 1.7, 0.65)	Assets/_Game/Content/ConceptCorrectiveV45/Materials/V45_WornHousing.mat	Assets/_Game/Content/VisualReplacementV3/Models/VR3_proppipeholder.fbx
S01 Composition Root/Chapter 01 Visual Environment/FloorTerrain/Chapter 01 Active Industrial Facility V45/Heavy fabrication nest strong-boss-b/Baked service detail V45_Graphite	(18, 0.65, 69.07998)	(10.4000006, 1.3, 10.1599646)	Assets/_Game/Content/ConceptCorrectiveV45/Materials/V45_Graphite.mat	Assets/_Game/Content/ConceptCorrectiveV45/Meshes/10_V45_Graphite.asset
S01 Composition Root/Chapter 01 Visual Environment/FloorTerrain/Chapter 01 Active Industrial Facility V45/Heavy fabrication nest strong-boss-b/Baked service detail V45_HostileRed	(18, 1.01125, 69.62174)	(7.040999, 1.6275, 8.893497)	Assets/_Game/Content/ConceptCorrectiveV45/Materials/V45_HostileRed.mat	Assets/_Game/Content/ConceptCorrectiveV45/Meshes/10_V45_HostileRed.asset
S01 Composition Root/Chapter 01 Visual Environment/FloorTerrain/Chapter 01 Active Industrial Facility V45/Heavy fabrication nest strong-boss-b/Baked service detail V45_HazardOchre	(17.98, 0.187, 68.6499939)	(10.37864, 0.022, 9.29586)	Assets/_Game/Content/ConceptCorrectiveV45/Materials/V45_HazardOchre.mat	Assets/_Game/Content/ConceptCorrectiveV45/Meshes/10_V45_HazardOchre.asset
S01 Composition Root/Chapter 01 Visual Environment/FloorTerrain/Chapter 01 Active Industrial Facility V45/Connected corridor machinery and maintenance alcoves/VR3_generatorpilelarge/VR3_generatorpilelarge(Clone)	(-3.7, 1.5, -23)	(3.09999967, 3, 2.8)	Assets/_Game/Content/ConceptCorrectiveV45/Materials/V45_WornHousing.mat	Assets/_Game/Content/VisualReplacementV3/Models/VR3_generatorpilelarge.fbx
S01 Composition Root/Chapter 01 Visual Environment/FloorTerrain/Chapter 01 Active Industrial Facility V45/Connected corridor machinery and maintenance alcoves/VR3_propventbig/VR3_propventbig(Clone)	(-4.95, 0.275147676, -22)	(0.9, 0.550295353, 1.6)	Assets/_Game/Content/ConceptCorrectiveV45/Materials/V45_WornHousing.mat	Assets/_Game/Content/VisualReplacementV3/Models/VR3_propventbig.fbx
S01 Composition Root/Chapter 01 Visual Environment/FloorTerrain/Chapter 01 Active Industrial Facility V45/Connected corridor machinery and maintenance alcoves/VR3_proppipeholder/VR3_proppipeholder(Clone)	(-2.95, 0.9, -21)	(0.7, 1.8, 0.75)	Assets/_Game/Content/ConceptCorrectiveV45/Materials/V45_WornHousing.mat	Assets/_Game/Content/VisualReplacementV3/Models/VR3_proppipeholder.fbx
S01 Composition Root/Chapter 01 Visual Environment/FloorTerrain/Chapter 01 Active Industrial Facility V45/Connected corridor machinery and maintenance alcoves/VR3_generatorpilelarge/VR3_generatorpilelarge(Clone)	(3.7, 1.5, -22)	(3.09999967, 3, 2.8)	Assets/_Game/Content/ConceptCorrectiveV45/Materials/V45_WornHousing.mat	Assets/_Game/Content/VisualReplacementV3/Models/VR3_generatorpilelarge.fbx
S01 Composition Root/Chapter 01 Visual Environment/FloorTerrain/Chapter 01 Active Industrial Facility V45/Connected corridor machinery and maintenance alcoves/VR3_propventbig/VR3_propventbig(Clone)	(4.95, 0.275147676, -21)	(0.9, 0.550295353, 1.6)	Assets/_Game/Content/ConceptCorrectiveV45/Materials/V45_WornHousing.mat	Assets/_Game/Content/VisualReplacementV3/Models/VR3_propventbig.fbx
S01 Composition Root/Chapter 01 Visual Environment/FloorTerrain/Chapter 01 Active Industrial Facility V45/Connected corridor machinery and maintenance alcoves/VR3_proppipeholder/VR3_proppipeholder(Clone)	(2.95, 0.9, -20)	(0.7, 1.8, 0.75)	Assets/_Game/Content/ConceptCorrectiveV45/Materials/V45_WornHousing.mat	Assets/_Game/Content/VisualReplacementV3/Models/VR3_proppipeholder.fbx
S01 Composition Root/Chapter 01 Visual Environment/FloorTerrain/Chapter 01 Active Industrial Facility V45/Connected corridor machinery and maintenance alcoves/VR3_generatorpilelarge/VR3_generatorpilelarge(Clone)	(-3.7, 1.5, -18)	(3.09999967, 3, 2.8)	Assets/_Game/Content/ConceptCorrectiveV45/Materials/V45_WornHousing.mat	Assets/_Game/Content/VisualReplacementV3/Models/VR3_generatorpilelarge.fbx
S01 Composition Root/Chapter 01 Visual Environment/FloorTerrain/Chapter 01 Active Industrial Facility V45/Connected corridor machinery and maintenance alcoves/VR3_propventbig/VR3_propventbig(Clone)	(-4.95, 0.275147676, -17)	(0.9, 0.550295353, 1.6)	Assets/_Game/Content/ConceptCorrectiveV45/Materials/V45_WornHousing.mat	Assets/_Game/Content/VisualReplacementV3/Models/VR3_propventbig.fbx
S01 Composition Root/Chapter 01 Visual Environment/FloorTerrain/Chapter 01 Active Industrial Facility V45/Connected corridor machinery and maintenance alcoves/VR3_proppipeholder/VR3_proppipeholder(Clone)	(-2.95, 0.9, -16)	(0.7, 1.8, 0.75)	Assets/_Game/Content/ConceptCorrectiveV45/Materials/V45_WornHousing.mat	Assets/_Game/Content/VisualReplacementV3/Models/VR3_proppipeholder.fbx
S01 Composition Root/Chapter 01 Visual Environment/FloorTerrain/Chapter 01 Active Industrial Facility V45/Connected corridor machinery and maintenance alcoves/VR3_generatorpilelarge/VR3_generatorpilelarge(Clone)	(3.7, 1.5, -17)	(3.09999967, 3, 2.8)	Assets/_Game/Content/ConceptCorrectiveV45/Materials/V45_WornHousing.mat	Assets/_Game/Content/VisualReplacementV3/Models/VR3_generatorpilelarge.fbx
S01 Composition Root/Chapter 01 Visual Environment/FloorTerrain/Chapter 01 Active Industrial Facility V45/Connected corridor machinery and maintenance alcoves/VR3_propventbig/VR3_propventbig(Clone)	(4.95, 0.275147676, -16)	(0.9, 0.550295353, 1.6)	Assets/_Game/Content/ConceptCorrectiveV45/Materials/V45_WornHousing.mat	Assets/_Game/Content/VisualReplacementV3/Models/VR3_propventbig.fbx
S01 Composition Root/Chapter 01 Visual Environment/FloorTerrain/Chapter 01 Active Industrial Facility V45/Connected corridor machinery and maintenance alcoves/VR3_proppipeholder/VR3_proppipeholder(Clone)	(2.95, 0.9, -15)	(0.7, 1.8, 0.75)	Assets/_Game/Content/ConceptCorrectiveV45/Materials/V45_WornHousing.mat	Assets/_Game/Content/VisualReplacementV3/Models/VR3_proppipeholder.fbx
S01 Composition Root/Chapter 01 Visual Environment/FloorTerrain/Chapter 01 Active Industrial Facility V45/Connected corridor machinery and maintenance alcoves/VR3_generatorpilelarge/VR3_generatorpilelarge(Clone)	(-3.7, 1.5, -8)	(3.09999967, 3, 2.8)	Assets/_Game/Content/ConceptCorrectiveV45/Materials/V45_WornHousing.mat	Assets/_Game/Content/VisualReplacementV3/Models/VR3_generatorpilelarge.fbx
S01 Composition Root/Chapter 01 Visual Environment/FloorTerrain/Chapter 01 Active Industrial Facility V45/Connected corridor machinery and maintenance alcoves/VR3_propventbig/VR3_propventbig(Clone)	(-4.95, 0.275147676, -7)	(0.9, 0.550295353, 1.6)	Assets/_Game/Content/ConceptCorrectiveV45/Materials/V45_WornHousing.mat	Assets/_Game/Content/VisualReplacementV3/Models/VR3_propventbig.fbx
S01 Composition Root/Chapter 01 Visual Environment/FloorTerrain/Chapter 01 Active Industrial Facility V45/Connected corridor machinery and maintenance alcoves/VR3_proppipeholder/VR3_proppipeholder(Clone)	(-2.95, 0.9, -6)	(0.7, 1.8, 0.75)	Assets/_Game/Content/ConceptCorrectiveV45/Materials/V45_WornHousing.mat	Assets/_Game/Content/VisualReplacementV3/Models/VR3_proppipeholder.fbx
S01 Composition Root/Chapter 01 Visual Environment/FloorTerrain/Chapter 01 Active Industrial Facility V45/Connected corridor machinery and maintenance alcoves/VR3_generatorpilelarge/VR3_generatorpilelarge(Clone)	(3.7, 1.5, -7)	(3.09999967, 3, 2.8)	Assets/_Game/Content/ConceptCorrectiveV45/Materials/V45_WornHousing.mat	Assets/_Game/Content/VisualReplacementV3/Models/VR3_generatorpilelarge.fbx
S01 Composition Root/Chapter 01 Visual Environment/FloorTerrain/Chapter 01 Active Industrial Facility V45/Connected corridor machinery and maintenance alcoves/VR3_propventbig/VR3_propventbig(Clone)	(4.95, 0.275147676, -6)	(0.9, 0.550295353, 1.6)	Assets/_Game/Content/ConceptCorrectiveV45/Materials/V45_WornHousing.mat	Assets/_Game/Content/VisualReplacementV3/Models/VR3_propventbig.fbx
S01 Composition Root/Chapter 01 Visual Environment/FloorTerrain/Chapter 01 Active Industrial Facility V45/Connected corridor machinery and maintenance alcoves/VR3_proppipeholder/VR3_proppipeholder(Clone)	(2.95, 0.9, -5)	(0.7, 1.8, 0.75)	Assets/_Game/Content/ConceptCorrectiveV45/Materials/V45_WornHousing.mat	Assets/_Game/Content/VisualReplacementV3/Models/VR3_proppipeholder.fbx
S01 Composition Root/Chapter 01 Visual Environment/FloorTerrain/Chapter 01 Active Industrial Facility V45/Connected corridor machinery and maintenance alcoves/VR3_generatorpilelarge/VR3_generatorpilelarge(Clone)	(-3.7, 1.5, -3)	(3.09999967, 3, 2.8)	Assets/_Game/Content/ConceptCorrectiveV45/Materials/V45_WornHousing.mat	Assets/_Game/Content/VisualReplacementV3/Models/VR3_generatorpilelarge.fbx
S01 Composition Root/Chapter 01 Visual Environment/FloorTerrain/Chapter 01 Active Industrial Facility V45/Connected corridor machinery and maintenance alcoves/VR3_propventbig/VR3_propventbig(Clone)	(-4.95, 0.275147676, -2)	(0.9, 0.550295353, 1.6)	Assets/_Game/Content/ConceptCorrectiveV45/Materials/V45_WornHousing.mat	Assets/_Game/Content/VisualReplacementV3/Models/VR3_propventbig.fbx
S01 Composition Root/Chapter 01 Visual Environment/FloorTerrain/Chapter 01 Active Industrial Facility V45/Connected corridor machinery and maintenance alcoves/VR3_proppipeholder/VR3_proppipeholder(Clone)	(-2.95, 0.9, -0.99999994)	(0.7, 1.8, 0.75)	Assets/_Game/Content/ConceptCorrectiveV45/Materials/V45_WornHousing.mat	Assets/_Game/Content/VisualReplacementV3/Models/VR3_proppipeholder.fbx
S01 Composition Root/Chapter 01 Visual Environment/FloorTerrain/Chapter 01 Active Industrial Facility V45/Connected corridor machinery and maintenance alcoves/VR3_generatorpilelarge/VR3_generatorpilelarge(Clone)	(3.7, 1.5, -2)	(3.09999967, 3, 2.8)	Assets/_Game/Content/ConceptCorrectiveV45/Materials/V45_WornHousing.mat	Assets/_Game/Content/VisualReplacementV3/Models/VR3_generatorpilelarge.fbx
S01 Composition Root/Chapter 01 Visual Environment/FloorTerrain/Chapter 01 Active Industrial Facility V45/Connected corridor machinery and maintenance alcoves/VR3_propventbig/VR3_propventbig(Clone)	(4.95, 0.275147676, -1)	(0.9, 0.550295353, 1.6)	Assets/_Game/Content/ConceptCorrectiveV45/Materials/V45_WornHousing.mat	Assets/_Game/Content/VisualReplacementV3/Models/VR3_propventbig.fbx
S01 Composition Root/Chapter 01 Visual Environment/FloorTerrain/Chapter 01 Active Industrial Facility V45/Connected corridor machinery and maintenance alcoves/VR3_proppipeholder/VR3_proppipeholder(Clone)	(2.95, 0.9, 3.569804E-08)	(0.7, 1.8, 0.75)	Assets/_Game/Content/ConceptCorrectiveV45/Materials/V45_WornHousing.mat	Assets/_Game/Content/VisualReplacementV3/Models/VR3_proppipeholder.fbx
S01 Composition Root/Chapter 01 Visual Environment/FloorTerrain/Chapter 01 Active Industrial Facility V45/Connected corridor machinery and maintenance alcoves/VR3_generatorpilelarge/VR3_generatorpilelarge(Clone)	(-3.7, 1.5, 2.00000024)	(3.09999967, 3, 2.8)	Assets/_Game/Content/ConceptCorrectiveV45/Materials/V45_WornHousing.mat	Assets/_Game/Content/VisualReplacementV3/Models/VR3_generatorpilelarge.fbx
S01 Composition Root/Chapter 01 Visual Environment/FloorTerrain/Chapter 01 Active Industrial Facility V45/Connected corridor machinery and maintenance alcoves/VR3_propventbig/VR3_propventbig(Clone)	(-4.95, 0.275147676, 3)	(0.9, 0.550295353, 1.6)	Assets/_Game/Content/ConceptCorrectiveV45/Materials/V45_WornHousing.mat	Assets/_Game/Content/VisualReplacementV3/Models/VR3_propventbig.fbx
S01 Composition Root/Chapter 01 Visual Environment/FloorTerrain/Chapter 01 Active Industrial Facility V45/Connected corridor machinery and maintenance alcoves/VR3_proppipeholder/VR3_proppipeholder(Clone)	(-2.95, 0.9, 4)	(0.7, 1.8, 0.75)	Assets/_Game/Content/ConceptCorrectiveV45/Materials/V45_WornHousing.mat	Assets/_Game/Content/VisualReplacementV3/Models/VR3_proppipeholder.fbx
S01 Composition Root/Chapter 01 Visual Environment/FloorTerrain/Chapter 01 Active Industrial Facility V45/Connected corridor machinery and maintenance alcoves/VR3_generatorpilelarge/VR3_generatorpilelarge(Clone)	(3.7, 1.5, 3.00000024)	(3.09999967, 3, 2.8)	Assets/_Game/Content/ConceptCorrectiveV45/Materials/V45_WornHousing.mat	Assets/_Game/Content/VisualReplacementV3/Models/VR3_generatorpilelarge.fbx
S01 Composition Root/Chapter 01 Visual Environment/FloorTerrain/Chapter 01 Active Industrial Facility V45/Connected corridor machinery and maintenance alcoves/VR3_propventbig/VR3_propventbig(Clone)	(4.95, 0.275147676, 4)	(0.9, 0.550295353, 1.6)	Assets/_Game/Content/ConceptCorrectiveV45/Materials/V45_WornHousing.mat	Assets/_Game/Content/VisualReplacementV3/Models/VR3_propventbig.fbx
S01 Composition Root/Chapter 01 Visual Environment/FloorTerrain/Chapter 01 Active Industrial Facility V45/Connected corridor machinery and maintenance alcoves/VR3_proppipeholder/VR3_proppipeholder(Clone)	(2.95, 0.9, 5)	(0.7, 1.8, 0.75)	Assets/_Game/Content/ConceptCorrectiveV45/Materials/V45_WornHousing.mat	Assets/_Game/Content/VisualReplacementV3/Models/VR3_proppipeholder.fbx
S01 Composition Root/Chapter 01 Visual Environment/FloorTerrain/Chapter 01 Active Industrial Facility V45/Connected corridor machinery and maintenance alcoves/VR3_generatorpilelarge/VR3_generatorpilelarge(Clone)	(-3.7, 1.5, 12)	(3.09999967, 3, 2.8)	Assets/_Game/Content/ConceptCorrectiveV45/Materials/V45_WornHousing.mat	Assets/_Game/Content/VisualReplacementV3/Models/VR3_generatorpilelarge.fbx
S01 Composition Root/Chapter 01 Visual Environment/FloorTerrain/Chapter 01 Active Industrial Facility V45/Connected corridor machinery and maintenance alcoves/VR3_propventbig/VR3_propventbig(Clone)	(-4.95, 0.275147676, 13)	(0.9, 0.550295353, 1.6)	Assets/_Game/Content/ConceptCorrectiveV45/Materials/V45_WornHousing.mat	Assets/_Game/Content/VisualReplacementV3/Models/VR3_propventbig.fbx
S01 Composition Root/Chapter 01 Visual Environment/FloorTerrain/Chapter 01 Active Industrial Facility V45/Connected corridor machinery and maintenance alcoves/VR3_proppipeholder/VR3_proppipeholder(Clone)	(-2.95, 0.9, 14)	(0.7, 1.8, 0.75)	Assets/_Game/Content/ConceptCorrectiveV45/Materials/V45_WornHousing.mat	Assets/_Game/Content/VisualReplacementV3/Models/VR3_proppipeholder.fbx
S01 Composition Root/Chapter 01 Visual Environment/FloorTerrain/Chapter 01 Active Industrial Facility V45/Connected corridor machinery and maintenance alcoves/VR3_generatorpilelarge/VR3_generatorpilelarge(Clone)	(3.7, 1.5, 13)	(3.09999967, 3, 2.8)	Assets/_Game/Content/ConceptCorrectiveV45/Materials/V45_WornHousing.mat	Assets/_Game/Content/VisualReplacementV3/Models/VR3_generatorpilelarge.fbx
S01 Composition Root/Chapter 01 Visual Environment/FloorTerrain/Chapter 01 Active Industrial Facility V45/Connected corridor machinery and maintenance alcoves/VR3_propventbig/VR3_propventbig(Clone)	(4.95, 0.275147676, 14)	(0.9, 0.550295353, 1.6)	Assets/_Game/Content/ConceptCorrectiveV45/Materials/V45_WornHousing.mat	Assets/_Game/Content/VisualReplacementV3/Models/VR3_propventbig.fbx
S01 Composition Root/Chapter 01 Visual Environment/FloorTerrain/Chapter 01 Active Industrial Facility V45/Connected corridor machinery and maintenance alcoves/VR3_proppipeholder/VR3_proppipeholder(Clone)	(2.95, 0.9, 15)	(0.7, 1.8, 0.75)	Assets/_Game/Content/ConceptCorrectiveV45/Materials/V45_WornHousing.mat	Assets/_Game/Content/VisualReplacementV3/Models/VR3_proppipeholder.fbx
S01 Composition Root/Chapter 01 Visual Environment/FloorTerrain/Chapter 01 Active Industrial Facility V45/Connected corridor machinery and maintenance alcoves/VR3_generatorpilelarge/VR3_generatorpilelarge(Clone)	(-3.7, 1.5, 17)	(3.09999967, 3, 2.8)	Assets/_Game/Content/ConceptCorrectiveV45/Materials/V45_WornHousing.mat	Assets/_Game/Content/VisualReplacementV3/Models/VR3_generatorpilelarge.fbx
S01 Composition Root/Chapter 01 Visual Environment/FloorTerrain/Chapter 01 Active Industrial Facility V45/Connected corridor machinery and maintenance alcoves/VR3_propventbig/VR3_propventbig(Clone)	(-4.95, 0.275147676, 18)	(0.9, 0.550295353, 1.6)	Assets/_Game/Content/ConceptCorrectiveV45/Materials/V45_WornHousing.mat	Assets/_Game/Content/VisualReplacementV3/Models/VR3_propventbig.fbx
S01 Composition Root/Chapter 01 Visual Environment/FloorTerrain/Chapter 01 Active Industrial Facility V45/Connected corridor machinery and maintenance alcoves/VR3_proppipeholder/VR3_proppipeholder(Clone)	(-2.95, 0.9, 19)	(0.7, 1.8, 0.75)	Assets/_Game/Content/ConceptCorrectiveV45/Materials/V45_WornHousing.mat	Assets/_Game/Content/VisualReplacementV3/Models/VR3_proppipeholder.fbx
S01 Composition Root/Chapter 01 Visual Environment/FloorTerrain/Chapter 01 Active Industrial Facility V45/Connected corridor machinery and maintenance alcoves/VR3_generatorpilelarge/VR3_generatorpilelarge(Clone)	(3.7, 1.5, 18)	(3.09999967, 3, 2.8)	Assets/_Game/Content/ConceptCorrectiveV45/Materials/V45_WornHousing.mat	Assets/_Game/Content/VisualReplacementV3/Models/VR3_generatorpilelarge.fbx
S01 Composition Root/Chapter 01 Visual Environment/FloorTerrain/Chapter 01 Active Industrial Facility V45/Connected corridor machinery and maintenance alcoves/VR3_propventbig/VR3_propventbig(Clone)	(4.95, 0.275147676, 19)	(0.9, 0.550295353, 1.6)	Assets/_Game/Content/ConceptCorrectiveV45/Materials/V45_WornHousing.mat	Assets/_Game/Content/VisualReplacementV3/Models/VR3_propventbig.fbx
S01 Composition Root/Chapter 01 Visual Environment/FloorTerrain/Chapter 01 Active Industrial Facility V45/Connected corridor machinery and maintenance alcoves/VR3_proppipeholder/VR3_proppipeholder(Clone)	(2.95, 0.9, 20)	(0.7, 1.8, 0.75)	Assets/_Game/Content/ConceptCorrectiveV45/Materials/V45_WornHousing.mat	Assets/_Game/Content/VisualReplacementV3/Models/VR3_proppipeholder.fbx
S01 Composition Root/Chapter 01 Visual Environment/FloorTerrain/Chapter 01 Active Industrial Facility V45/Connected corridor machinery and maintenance alcoves/VR3_generatorpilelarge/VR3_generatorpilelarge(Clone)	(-3.7, 1.5, 27)	(3.09999967, 3, 2.8)	Assets/_Game/Content/ConceptCorrectiveV45/Materials/V45_WornHousing.mat	Assets/_Game/Content/VisualReplacementV3/Models/VR3_generatorpilelarge.fbx
S01 Composition Root/Chapter 01 Visual Environment/FloorTerrain/Chapter 01 Active Industrial Facility V45/Connected corridor machinery and maintenance alcoves/VR3_propventbig/VR3_propventbig(Clone)	(-4.95, 0.275147676, 28)	(0.9, 0.550295353, 1.6)	Assets/_Game/Content/ConceptCorrectiveV45/Materials/V45_WornHousing.mat	Assets/_Game/Content/VisualReplacementV3/Models/VR3_propventbig.fbx
S01 Composition Root/Chapter 01 Visual Environment/FloorTerrain/Chapter 01 Active Industrial Facility V45/Connected corridor machinery and maintenance alcoves/VR3_proppipeholder/VR3_proppipeholder(Clone)	(-2.95, 0.9, 29)	(0.7, 1.8, 0.75)	Assets/_Game/Content/ConceptCorrectiveV45/Materials/V45_WornHousing.mat	Assets/_Game/Content/VisualReplacementV3/Models/VR3_proppipeholder.fbx
S01 Composition Root/Chapter 01 Visual Environment/FloorTerrain/Chapter 01 Active Industrial Facility V45/Connected corridor machinery and maintenance alcoves/VR3_generatorpilelarge/VR3_generatorpilelarge(Clone)	(3.7, 1.5, 28)	(3.09999967, 3, 2.8)	Assets/_Game/Content/ConceptCorrectiveV45/Materials/V45_WornHousing.mat	Assets/_Game/Content/VisualReplacementV3/Models/VR3_generatorpilelarge.fbx
S01 Composition Root/Chapter 01 Visual Environment/FloorTerrain/Chapter 01 Active Industrial Facility V45/Connected corridor machinery and maintenance alcoves/VR3_propventbig/VR3_propventbig(Clone)	(4.95, 0.275147676, 29)	(0.9, 0.550295353, 1.6)	Assets/_Game/Content/ConceptCorrectiveV45/Materials/V45_WornHousing.mat	Assets/_Game/Content/VisualReplacementV3/Models/VR3_propventbig.fbx
S01 Composition Root/Chapter 01 Visual Environment/FloorTerrain/Chapter 01 Active Industrial Facility V45/Connected corridor machinery and maintenance alcoves/VR3_proppipeholder/VR3_proppipeholder(Clone)	(2.95, 0.9, 30)	(0.7, 1.8, 0.75)	Assets/_Game/Content/ConceptCorrectiveV45/Materials/V45_WornHousing.mat	Assets/_Game/Content/VisualReplacementV3/Models/VR3_proppipeholder.fbx
S01 Composition Root/Chapter 01 Visual Environment/FloorTerrain/Chapter 01 Active Industrial Facility V45/Connected corridor machinery and maintenance alcoves/VR3_generatorpilelarge/VR3_generatorpilelarge(Clone)	(-3.7, 1.5, 32)	(3.09999967, 3, 2.8)	Assets/_Game/Content/ConceptCorrectiveV45/Materials/V45_WornHousing.mat	Assets/_Game/Content/VisualReplacementV3/Models/VR3_generatorpilelarge.fbx
S01 Composition Root/Chapter 01 Visual Environment/FloorTerrain/Chapter 01 Active Industrial Facility V45/Connected corridor machinery and maintenance alcoves/VR3_propventbig/VR3_propventbig(Clone)	(-4.95, 0.275147676, 33)	(0.9, 0.550295353, 1.6)	Assets/_Game/Content/ConceptCorrectiveV45/Materials/V45_WornHousing.mat	Assets/_Game/Content/VisualReplacementV3/Models/VR3_propventbig.fbx
S01 Composition Root/Chapter 01 Visual Environment/FloorTerrain/Chapter 01 Active Industrial Facility V45/Connected corridor machinery and maintenance alcoves/VR3_proppipeholder/VR3_proppipeholder(Clone)	(-2.95, 0.9, 34)	(0.7, 1.8, 0.75)	Assets/_Game/Content/ConceptCorrectiveV45/Materials/V45_WornHousing.mat	Assets/_Game/Content/VisualReplacementV3/Models/VR3_proppipeholder.fbx
S01 Composition Root/Chapter 01 Visual Environment/FloorTerrain/Chapter 01 Active Industrial Facility V45/Connected corridor machinery and maintenance alcoves/VR3_generatorpilelarge/VR3_generatorpilelarge(Clone)	(3.7, 1.5, 33)	(3.09999967, 3, 2.8)	Assets/_Game/Content/ConceptCorrectiveV45/Materials/V45_WornHousing.mat	Assets/_Game/Content/VisualReplacementV3/Models/VR3_generatorpilelarge.fbx
S01 Composition Root/Chapter 01 Visual Environment/FloorTerrain/Chapter 01 Active Industrial Facility V45/Connected corridor machinery and maintenance alcoves/VR3_propventbig/VR3_propventbig(Clone)	(4.95, 0.275147676, 34)	(0.9, 0.550295353, 1.6)	Assets/_Game/Content/ConceptCorrectiveV45/Materials/V45_WornHousing.mat	Assets/_Game/Content/VisualReplacementV3/Models/VR3_propventbig.fbx
S01 Composition Root/Chapter 01 Visual Environment/FloorTerrain/Chapter 01 Active Industrial Facility V45/Connected corridor machinery and maintenance alcoves/VR3_proppipeholder/VR3_proppipeholder(Clone)	(2.95, 0.9, 35)	(0.7, 1.8, 0.75)	Assets/_Game/Content/ConceptCorrectiveV45/Materials/V45_WornHousing.mat	Assets/_Game/Content/VisualReplacementV3/Models/VR3_proppipeholder.fbx
S01 Composition Root/Chapter 01 Visual Environment/FloorTerrain/Chapter 01 Active Industrial Facility V45/Connected corridor machinery and maintenance alcoves/Baked service detail V45_Graphite	(0, 2.015, 5.799999)	(9.9, 4.03, 61.1)	Assets/_Game/Content/ConceptCorrectiveV45/Materials/V45_Graphite.mat	Assets/_Game/Content/ConceptCorrectiveV45/Meshes/11_V45_Graphite.asset
S01 Composition Root/Chapter 01 Visual Environment/FloorTerrain/Chapter 01 Active Industrial Facility V45/Connected corridor machinery and maintenance alcoves/Baked service detail V45_UtilityAmber	(0, 0.92875, 5.83)	(7.35224962, 1.5424999, 60.84)	Assets/_Game/Content/ConceptCorrectiveV45/Materials/V45_UtilityAmber.mat	Assets/_Game/Content/ConceptCorrectiveV45/Meshes/11_V45_UtilityAmber.asset
S01 Composition Root/Chapter 01 Visual Environment/FloorTerrain/Chapter 01 Active Industrial Facility V45/Connected corridor machinery and maintenance alcoves/Baked service detail V45_HazardOchre	(-0.170000076, 0.171999991, 3.40000057)	(9.578639, 0.0119999945, 56.2958527)	Assets/_Game/Content/ConceptCorrectiveV45/Materials/V45_HazardOchre.mat	Assets/_Game/Content/ConceptCorrectiveV45/Meshes/11_V45_HazardOchre.asset
S01 Composition Root/Chapter 01 Visual Environment/FloorTerrain/Chapter 01 Active Industrial Facility V45/Connected corridor machinery and maintenance alcoves/Baked service detail V45_UtilityWhite	(0, 1.8425, 5.463751)	(5.67499971, 3.37, 56.1775)	Assets/_Game/Content/ConceptCorrectiveV45/Materials/V45_UtilityWhite.mat	Assets/_Game/Content/ConceptCorrectiveV45/Meshes/11_V45_UtilityWhite.asset
S01 Composition Root/Chapter 01 Visual Environment/FloorTerrain/Chapter 01 Active Industrial Facility V45/Connected corridor machinery and maintenance alcoves/Baked service detail V45_ColdSteel	(0, 1.9375, 6.34999943)	(8.9800005, 3.875, 60)	Assets/_Game/Content/ConceptCorrectiveV45/Materials/V45_ColdSteel.mat	Assets/_Game/Content/ConceptCorrectiveV45/Meshes/11_V45_ColdSteel.asset
S01 Composition Root/Chapter 01 Visual Environment/FloorTerrain/Chapter 01 Active Industrial Facility V45/Magnetar magnetic induction infrastructure/VR3_generatorpilelarge/VR3_generatorpilelarge(Clone)	(-5.7, 1.55, 50.8)	(1.8, 3.1, 2.29999971)	Assets/_Game/Content/ConceptCorrectiveV45/Materials/V45_WornHousing.mat	Assets/_Game/Content/VisualReplacementV3/Models/VR3_generatorpilelarge.fbx
S01 Composition Root/Chapter 01 Visual Environment/FloorTerrain/Chapter 01 Active Industrial Facility V45/Magnetar magnetic induction infrastructure/VR3_columnpipes/VR3_columnpipes(Clone)	(-4.7, 1.75, 52.7)	(0.6, 3.5, 0.65)	Assets/_Game/Content/ConceptCorrectiveV45/Materials/V45_WornHousing.mat	Assets/_Game/Content/VisualReplacementV3/Models/VR3_columnpipes.fbx
S01 Composition Root/Chapter 01 Visual Environment/FloorTerrain/Chapter 01 Active Industrial Facility V45/Magnetar magnetic induction infrastructure/VR3_generatorpilelarge/VR3_generatorpilelarge(Clone)	(5.7, 1.55, 50.8)	(1.8, 3.1, 2.29999971)	Assets/_Game/Content/ConceptCorrectiveV45/Materials/V45_WornHousing.mat	Assets/_Game/Content/VisualReplacementV3/Models/VR3_generatorpilelarge.fbx
S01 Composition Root/Chapter 01 Visual Environment/FloorTerrain/Chapter 01 Active Industrial Facility V45/Magnetar magnetic induction infrastructure/VR3_columnpipes/VR3_columnpipes(Clone)	(4.7, 1.75, 52.7)	(0.6, 3.5, 0.65)	Assets/_Game/Content/ConceptCorrectiveV45/Materials/V45_WornHousing.mat	Assets/_Game/Content/VisualReplacementV3/Models/VR3_columnpipes.fbx
S01 Composition Root/Chapter 01 Visual Environment/FloorTerrain/Chapter 01 Active Industrial Facility V45/Magnetar magnetic induction infrastructure/Baked service detail V45_ColdSteel	(0, 1.58999991, 50.8)	(9.78, 1.61, 1.39999986)	Assets/_Game/Content/ConceptCorrectiveV45/Materials/V45_ColdSteel.mat	Assets/_Game/Content/ConceptCorrectiveV45/Meshes/12_V45_ColdSteel.asset
S01 Composition Root/Chapter 01 Visual Environment/FloorTerrain/Chapter 01 Active Industrial Facility V45/Magnetar magnetic induction infrastructure/Baked service detail V45_UtilityAmber	(0, 1.2255, 49.61155)	(11.2593842, 1.94900012, 3.02689838)	Assets/_Game/Content/ConceptCorrectiveV45/Materials/V45_UtilityAmber.mat	Assets/_Game/Content/ConceptCorrectiveV45/Meshes/12_V45_UtilityAmber.asset
S01 Composition Root/Chapter 01 Visual Environment/FloorTerrain/Chapter 01 Active Industrial Facility V45/Magnetar magnetic induction infrastructure/Baked service detail V45_Graphite	(0, 0.65, 49.4)	(14, 1.3, 2.93591976)	Assets/_Game/Content/ConceptCorrectiveV45/Materials/V45_Graphite.mat	Assets/_Game/Content/ConceptCorrectiveV45/Meshes/12_V45_Graphite.asset
S01 Composition Root/Chapter 01 Visual Environment/FloorTerrain/Chapter 01 Active Industrial Facility V45/Magnetar magnetic induction infrastructure/Baked service detail V45_HazardOchre	(0.02000022, 0.192, 49.3999977)	(14.05864, 0.0119999945, 0.295852184)	Assets/_Game/Content/ConceptCorrectiveV45/Materials/V45_HazardOchre.mat	Assets/_Game/Content/ConceptCorrectiveV45/Meshes/12_V45_HazardOchre.asset
S01 Composition Root/Chapter 01 Visual Environment/FloorTerrain/Chapter 01 Active Industrial Facility V45/Custodian boss-grade containment services/VR3_cryotube/VR3_cryotube(Clone)	(-6.2, 2.00000024, 75)	(1.4, 4.00000048, 1.5)	Assets/_Game/Content/ConceptCorrectiveV45/Materials/V45_WornHousing.mat	Assets/_Game/Content/VisualReplacementV3/Models/VR3_cryotube.fbx
S01 Composition Root/Chapter 01 Visual Environment/FloorTerrain/Chapter 01 Active Industrial Facility V45/Custodian boss-grade containment services/VR3_generator/VR3_generator(Clone)	(-7, 0.9, 72.3)	(1.4, 1.80000007, 1.5)	Assets/_Game/Content/ConceptCorrectiveV45/Materials/V45_WornHousing.mat	Assets/_Game/Content/VisualReplacementV3/Models/VR3_generator.fbx
S01 Composition Root/Chapter 01 Visual Environment/FloorTerrain/Chapter 01 Active Industrial Facility V45/Custodian boss-grade containment services/VR3_cryotube/VR3_cryotube(Clone)	(6.2, 2.00000024, 75)	(1.4, 4.00000048, 1.5)	Assets/_Game/Content/ConceptCorrectiveV45/Materials/V45_WornHousing.mat	Assets/_Game/Content/VisualReplacementV3/Models/VR3_cryotube.fbx
S01 Composition Root/Chapter 01 Visual Environment/FloorTerrain/Chapter 01 Active Industrial Facility V45/Custodian boss-grade containment services/VR3_generator/VR3_generator(Clone)	(7, 0.9, 72.3)	(1.4, 1.80000007, 1.5)	Assets/_Game/Content/ConceptCorrectiveV45/Materials/V45_WornHousing.mat	Assets/_Game/Content/VisualReplacementV3/Models/VR3_generator.fbx
S01 Composition Root/Chapter 01 Visual Environment/FloorTerrain/Chapter 01 Active Industrial Facility V45/Custodian boss-grade containment services/VR3_command/VR3_command(Clone)	(0, 1.25, 77.7)	(3, 2.5, 1.1)	Assets/_Game/Content/ConceptCorrectiveV45/Materials/V45_WornHousing.mat	Assets/_Game/Content/VisualReplacementV3/Models/VR3_command.fbx
S01 Composition Root/Chapter 01 Visual Environment/FloorTerrain/Chapter 01 Active Industrial Facility V45/Custodian boss-grade containment services/Baked service detail V45_HostileRed	(0, 1.8305, 75.4)	(12.2974281, 3.13900018, 3.38)	Assets/_Game/Content/ConceptCorrectiveV45/Materials/V45_HostileRed.mat	Assets/_Game/Content/ConceptCorrectiveV45/Meshes/13_V45_HostileRed.asset
S01 Composition Root/Chapter 01 Visual Environment/FloorTerrain/Chapter 01 Active Industrial Facility V45/Custodian boss-grade containment services/Baked service detail V45_Graphite	(0, 0.65, 74.52378)	(14.7, 1.3, 1.76755822)	Assets/_Game/Content/ConceptCorrectiveV45/Materials/V45_Graphite.mat	Assets/_Game/Content/ConceptCorrectiveV45/Meshes/13_V45_Graphite.asset
S01 Composition Root/Chapter 01 Visual Environment/FloorTerrain/Chapter 01 Active Industrial Facility V45/Custodian boss-grade containment services/Baked service detail V45_HazardOchre	(-0.06999993, 0.201999992, 74)	(14.5786381, 0.0119999945, 0.2958523)	Assets/_Game/Content/ConceptCorrectiveV45/Materials/V45_HazardOchre.mat	Assets/_Game/Content/ConceptCorrectiveV45/Meshes/13_V45_HazardOchre.asset
