# Exported from Wings 3D 1.4.1
mtllib mechscetch_28_mixlegnew_draft.mtl
o leg_l_copy10
#436 vertices, 434 faces
v -2.69189430 -1.78953642 1.89981951
v -2.69189430 -0.45862094 1.69378291
v -2.38739092 -0.45862094 1.69378291
v -2.38739092 -1.78953642 1.89981951
v -2.94722510 -2.27208824 0.89076982
v -2.94722510 -0.35561110 0.81220691
v -2.38739092 -0.35561110 0.81220691
v -2.38739092 -2.27208824 0.89076982
v -2.94387204 -1.42262258 1.84301825
v -2.94387204 -0.45862094 1.69378291
v -3.19920284 -0.35561110 0.81220691
v -3.19920284 -2.04199468 0.63604202
v -2.94722510 -3.40311893 0.20626458
v -2.94722510 -0.70610806 0.13705808
v -3.19920284 -2.05386283 0.13705808
v -3.19920284 -1.06578743 0.12541323
v -2.94722510 -2.05386283 -1.99642017
v -2.94722510 -0.70610806 -1.37706246
v -2.38739092 -0.70610806 -1.37706246
v -2.38739092 -2.05386283 -1.99642017
v -3.19920284 -2.05386283 -1.64542447
v -3.19920284 -1.06578743 -1.21307504
v -2.94722510 -3.40311893 0.68472329
v -3.19920284 -3.09122656 0.13705808
v -2.94722510 -3.40311893 -0.94642871
v -3.19920284 -3.09122656 0.39510472
v -3.19920284 -3.09122656 -0.78613291
v -2.54571801 -2.73078697 1.31358667
v -2.54571801 -3.49240602 1.17483804
v -2.38739092 -2.73078697 1.31358667
v -2.94722510 -4.67003816 0.13705808
v -2.94722510 -4.74266349 0.43497770
v -2.58781985 -4.79064240 -0.89569632
v -2.38739092 -4.79064240 -0.89569632
v -2.58781985 -2.86166396 -2.05686725
v -2.38739092 -2.86166396 -2.05686725
v -2.38739092 -4.83195058 0.77995165
v -2.54571801 -4.83195058 0.77995165
v -2.94722510 -4.94739816 1.9239072e-2
v -2.94722510 -5.18564317 0.18968239
v -2.38739092 -5.18564317 0.18968239
v -2.38739092 -5.27468490 0.53465635
v -2.54571801 -5.27468490 0.53465635
v -2.58781985 -5.02930041 -0.86542502
v -2.38739092 -5.02930041 -0.86542502
v -2.94722510 -4.94739816 -0.38015578
v -2.94722510 -4.57068831 -0.31933763
v -3.19920284 -3.09122656 -0.43526112
v -3.19920284 -1.06578743 -0.71029207
v -3.19920284 -2.05386283 -0.75418319
v -2.38739092 -0.70610806 -1.02275825
v -2.94722510 -0.70610806 -1.02275825
v -2.94722510 -3.40311893 -0.45166625
v -2.94722510 0.42802844 -0.39099847
v -2.38739092 0.42802844 -0.39099847
v -2.94722510 5.5838901e-2 0.69856590
v -2.38739092 5.5838901e-2 0.69856590
v -2.38739092 -0.33864600 -1.11267202
v -2.94722510 -0.33864600 -1.11267202
v -2.67602562 -6.31299286 -1.04158008
v -2.38739092 -5.47074836 0.18968239
v -2.94722510 -5.47074836 0.18968239
v -2.94722510 -5.18564317 -0.55321515
v -2.38739092 -5.18564317 -0.55321515
v -2.38739092 -5.47229549 -0.55221240
v -2.94722510 -5.47229549 -0.55221240
v -3.12675337 -4.94739816 1.9239072e-2
v -3.12675337 -4.94739816 -0.38015578
v -3.12675337 -5.72070877 1.9239072e-2
v -3.12675337 -5.72070877 -0.38015578
v -3.12675337 -5.47074836 0.18968239
v -3.12675337 -5.18564317 0.18968239
v -3.12675337 -5.18564317 -0.55321515
v -3.12675337 -5.47229549 -0.55221240
v -3.32574078 -4.94739816 1.9239072e-2
v -3.32574078 -4.94739816 -0.38015578
v -3.32574078 -5.72070877 1.9239072e-2
v -3.32574078 -5.72070877 -0.38015578
v -3.32574078 -5.47074836 0.18968239
v -3.32574078 -5.18564317 0.18968239
v -3.32574078 -5.18564317 -0.55321515
v -3.32574078 -5.47074836 -0.55321515
v -2.38739092 -6.31299286 -1.04158008
v -2.76018258 -5.96353561 0.80732805
v -2.67602562 -5.89316119 -1.20155511
v -2.93971084 -6.31948722 0.48522681
v -2.90745009 -6.31299286 -0.83031623
v -2.90745009 -5.78770468 -1.03884901
v -2.38739092 -5.89316119 -1.20155511
v -2.38739092 -5.96353561 0.80732805
v -2.93971084 -5.86937268 0.68930689
v -2.76018258 -6.51094785 0.81784565
v -2.76018258 -6.06083332 1.02192573
v -2.93971084 -5.96667039 0.90390457
v -2.93971084 -6.41678493 0.69982449
v -2.38739092 -6.51094785 0.81784565
v -2.38739092 -6.06083332 1.02192573
v -2.69287080 -5.62288739 0.85080947
v -2.69287080 -5.72018510 1.06540715
v -2.91721494 -5.74486838 0.71311925
v -2.91721494 -5.84216609 0.92771693
v -2.38739092 -5.69932163 1.07486656
v -2.38739092 -5.60202392 0.86026888
v -2.67602562 -7.16623928 -1.04158008
v -2.93968153 -7.16623747 0.20261656
v -2.76018258 -7.16623928 0.53524697
v -2.38739092 -7.16623928 -1.04158008
v -2.38739092 -7.16623928 0.53524697
v -2.93971084 -7.16623928 0.41722582
v -2.91151182 -7.16622196 -0.83042699
v -2.94722510 -4.57446750 -0.54898736
v -2.38739092 -3.64423132 -1.47008142
v -2.58781985 -3.64423132 -1.47008142
v -2.69130009 -9.16825044 -1.22668223
v -2.66535132 -9.11865362 -1.34386715
v -2.75598262 -9.57419378 -0.31870993
v -3.43593889 -10.15379977 -0.88622516
v -2.75589947 -10.00646404 -1.62920546
v -2.75612660 -10.27771459 -0.32169652
v -2.75598262 -10.81736385 -0.94122755
v -2.75598262 -10.79131530 -1.35096746
v -2.75598262 -10.84692328 -0.47626194
v -2.75599731 -10.91221126 0.85323211
v -2.75599731 -11.11244439 0.14095151
v -2.75599731 -10.22308661 0.85323211
v -2.75598262 -11.05073741 2.35132563
v -2.75598262 -11.73986206 2.35132563
v -2.58883639 -10.57139122 2.35132563
v -2.58885108 -10.03601110 1.37056874
v -2.75598262 -11.14984499 3.41418510
v -2.58883639 -10.67049880 3.13022918
v -2.75598262 -11.73986206 3.41418510
v -3.31088715 -11.05073741 2.19083579
v -3.22429462 -11.14984499 3.20312437
v -3.31088715 -11.73986206 2.19083579
v -3.22429462 -11.73986206 3.20312437
v -2.90091263 -10.74491678 3.03013210
v -2.98750516 -10.64580920 2.25122855
v -3.43605245 -10.02605709 -1.50197256
v -3.43598350 -10.25405987 -0.40294332
v -3.43602203 -10.81736385 -0.94122755
v -3.43602203 -10.84151747 -0.56129462
v -3.43602203 -10.79955368 -1.22137894
v -3.85292550 -10.95613826 -3.03639122
v -3.17288609 -10.95613826 -3.03639122
v -3.17288609 -11.73267634 -2.75642858
v -3.85292550 -11.73267634 -2.75642858
v -3.85292550 -10.95613826 -3.43020995
v -3.17288609 -10.95613826 -3.43020995
v -3.17288609 -11.73267634 -3.15024732
v -3.85292550 -11.73267634 -3.15024732
v -2.66070595 -11.19913377 -0.97158376
v -2.56531180 -11.22185749 -0.61414292
v -2.56531180 -11.18070758 -1.26142501
v -2.76198802 -9.64878884 -2.69867105
v -2.76589948 -8.76178673 -2.40744439
v -3.26096151 -9.76567691 -1.77226477
v -3.26487297 -9.15521069 -1.55273024
v -3.27675514 -8.95636865 -2.23698427
v -3.27284367 -9.56683487 -2.45651881
v -3.26690259 -9.75261784 -2.13678119
v -3.27081405 -8.96942772 -1.87246786
v -2.76289678 -8.77784886 -1.82212386
v -2.75898532 -9.94465505 -2.18588993
v -2.75601303 -10.14208931 -0.97545099
v -2.93619166 -8.07978082 -6.8283356e-2
v -2.66728175 -7.82412473 -1.11136239
v -2.38739092 -7.82412473 -1.11136239
v -2.38739092 -9.94465505 -2.18588993
v -2.38739092 -8.77784886 -1.82212386
v -2.38739092 -9.64878884 -2.69867105
v -2.38739092 -8.76178673 -2.40744439
v -2.38739092 -11.18070758 -1.26142501
v -2.38739092 -11.22185749 -0.61414292
v -2.38739092 -11.10158264 -0.97158376
v -2.38739092 -11.73986206 3.41418510
v -2.38739092 -10.67049880 3.13022918
v -2.38739092 -11.14984499 3.41418510
v -2.38739092 -10.03601110 1.37056874
v -2.38739092 -10.57139122 2.35132563
v -2.38739092 -11.73986206 2.35132563
v -2.38739092 -10.22308661 0.85323211
v -2.38739092 -11.11244439 0.14095151
v -2.38739092 -10.91221126 0.85323211
v -2.38739092 -10.84692328 -0.47626194
v -2.38739092 -10.79131530 -1.35096746
v -2.38739092 -10.00703269 -1.62932343
v -2.38739092 -9.57419378 -0.31870993
v -2.38739092 -9.11865362 -1.34386715
v -2.54571801 -3.53284822 1.39426594
v -2.38739092 -3.53284822 1.39426594
v -2.38739092 -2.77077647 1.53309704
v -2.54571801 -2.77077647 1.53309704
v -2.54571801 -4.87284515 0.99929521
v -2.38739092 -4.87284515 0.99929521
v -3.30281784 -3.50768540 1.06394164
v -3.30281784 -3.54812761 1.28336954
v -2.93588941 -4.77502654 0.71852656
v -2.93588941 -4.81592110 0.93787012
v -3.25039368 -2.77246176 1.40748051
v -3.25039368 -2.73240707 1.18798201
v -2.57857061 -2.35412467 1.28043861
v -2.57857061 -2.39411417 1.49994898
v -3.10406994 -2.43081472 1.19479001
v -3.10406994 -2.47086941 1.41428850
v -2.38739092 -2.39410911 1.49992122
v -2.38739092 -2.35411961 1.28041085
v -2.75598262 -8.16027347 0.23808689
v -2.38739092 -8.16027347 0.23808689
v -2.75243919 -9.40374559 -0.12105731
v -2.38739092 -9.40374559 -0.12105731
v -2.91115875 -7.86434315 -0.95259195
v -2.90908836 -9.02371129 -1.20989382
v -2.93321782 -9.41042613 -0.38551196
v -2.93950713 -8.13604479 0.13695569
v -2.93596371 -9.37911710 -0.22213631
v -2.66201236 -8.96964742 -1.37060746
v -2.38739092 -8.96964742 -1.37060746
v -3.16550689 -7.16527410 0.19645862
v -3.13733718 -7.16525858 -0.83658493
v -3.13698411 -7.86337978 -0.95874989
v -3.16201702 -8.07881744 -7.4441296e-2
v -3.41988489 -7.16418892 0.18952209
v -3.39171518 -7.16417340 -0.84352146
v -3.39136210 -7.86229460 -0.96568642
v -3.41639501 -8.07773227 -8.1377826e-2
v -3.04288914 -7.71873620 -1.78599567
v -3.03721367 -6.98295586 -1.87901940
v -2.78283568 -6.98404104 -1.87208287
v -2.78851115 -7.71982137 -1.77905914
v -3.21181132 -7.39240408 1.08656690
v -3.17239948 -8.41858404 1.06741185
v -2.91802148 -8.41966922 1.07434838
v -2.95743333 -7.39348926 1.09350343
v -3.04049750 -9.38909284 -0.42804524
v -3.29487549 -9.38800766 -0.43498177
v -3.28719316 -9.32189211 -0.70636676
v -3.03281516 -9.32297729 -0.69943023
v -2.82823883 -9.64597104 0.31103818
v -3.08261682 -9.64488586 0.30410165
v -3.09721795 -6.65873215 0.26288432
v -3.06819035 -6.84442602 -0.83067322
v -3.35159594 -6.65764697 0.25594779
v -3.32256834 -6.84334085 -0.83760975
v -3.14230477 -6.87226189 1.11046793
v -2.88792678 -6.87334707 1.11740446
v -2.71910961 -6.69706888 -1.67267669
v -2.97348760 -6.69598371 -1.67961322
v -2.08288755 -1.78953642 1.89981951
v -2.08288755 -0.45862094 1.69378291
v -1.82755675 -2.27208824 0.89076982
v -1.82755675 -0.35561110 0.81220691
v -1.83090981 -1.42262258 1.84301825
v -1.83090981 -0.45862094 1.69378291
v -1.57557901 -0.35561110 0.81220691
v -1.57557901 -2.04199468 0.63604202
v -1.82755675 -3.40311893 0.20626458
v -1.82755675 -0.70610806 0.13705808
v -1.57557901 -2.05386283 0.13705808
v -1.57557901 -1.06578743 0.12541323
v -1.82755675 -2.05386283 -1.99642017
v -1.82755675 -0.70610806 -1.37706246
v -1.57557901 -2.05386283 -1.64542447
v -1.57557901 -1.06578743 -1.21307504
v -1.82755675 -3.40311893 0.68472329
v -1.57557901 -3.09122656 0.13705808
v -1.82755675 -3.40311893 -0.94642871
v -1.57557901 -3.09122656 0.39510472
v -1.57557901 -3.09122656 -0.78613291
v -2.22906383 -2.73078697 1.31358667
v -2.22906383 -3.49240602 1.17483804
v -1.82755675 -4.67003816 0.13705808
v -1.82755675 -4.74266349 0.43497770
v -2.18696200 -4.79064240 -0.89569632
v -2.18696200 -2.86166396 -2.05686725
v -2.22906383 -4.83195058 0.77995165
v -1.82755675 -4.94739816 1.9239072e-2
v -1.82755675 -5.18564317 0.18968239
v -2.22906383 -5.27468490 0.53465635
v -2.18696200 -5.02930041 -0.86542502
v -1.82755675 -4.94739816 -0.38015578
v -1.82755675 -4.57068831 -0.31933763
v -1.57557901 -3.09122656 -0.43526112
v -1.57557901 -1.06578743 -0.71029207
v -1.57557901 -2.05386283 -0.75418319
v -1.82755675 -0.70610806 -1.02275825
v -1.82755675 -3.40311893 -0.45166625
v -1.82755675 0.42802844 -0.39099847
v -1.82755675 5.5838901e-2 0.69856590
v -1.82755675 -0.33864600 -1.11267202
v -2.09875622 -6.31299286 -1.04158008
v -1.82755675 -5.47074836 0.18968239
v -1.82755675 -5.18564317 -0.55321515
v -1.82755675 -5.47229549 -0.55221240
v -1.64802848 -4.94739816 1.9239072e-2
v -1.64802848 -4.94739816 -0.38015578
v -1.64802848 -5.72070877 1.9239072e-2
v -1.64802848 -5.72070877 -0.38015578
v -1.64802848 -5.47074836 0.18968239
v -1.64802848 -5.18564317 0.18968239
v -1.64802848 -5.18564317 -0.55321515
v -1.64802848 -5.47229549 -0.55221240
v -1.44904106 -4.94739816 1.9239072e-2
v -1.44904106 -4.94739816 -0.38015578
v -1.44904106 -5.72070877 1.9239072e-2
v -1.44904106 -5.72070877 -0.38015578
v -1.44904106 -5.47074836 0.18968239
v -1.44904106 -5.18564317 0.18968239
v -1.44904106 -5.18564317 -0.55321515
v -1.44904106 -5.47074836 -0.55321515
v -2.01459927 -5.96353561 0.80732805
v -2.09875622 -5.89316119 -1.20155511
v -1.83507101 -6.31948722 0.48522681
v -1.86733176 -6.31299286 -0.83031623
v -1.86733176 -5.78770468 -1.03884901
v -1.83507101 -5.86937268 0.68930689
v -2.01459927 -6.51094785 0.81784565
v -2.01459927 -6.06083332 1.02192573
v -1.83507101 -5.96667039 0.90390457
v -1.83507101 -6.41678493 0.69982449
v -2.08191105 -5.62288739 0.85080947
v -2.08191105 -5.72018510 1.06540715
v -1.85756691 -5.74486838 0.71311925
v -1.85756691 -5.84216609 0.92771693
v -2.09875622 -7.16623928 -1.04158008
v -1.83510032 -7.16623747 0.20261656
v -2.01459927 -7.16623928 0.53524697
v -1.83507101 -7.16623928 0.41722582
v -1.86327003 -7.16622196 -0.83042699
v -1.82755675 -4.57446750 -0.54898736
v -2.18696200 -3.64423132 -1.47008142
v -2.08348175 -9.16825044 -1.22668223
v -2.10943053 -9.11865362 -1.34386715
v -2.01879923 -9.57419378 -0.31870993
v -1.33884296 -10.15379977 -0.88622516
v -2.01888237 -10.00646404 -1.62920546
v -2.01865525 -10.27771459 -0.32169652
v -2.01879923 -10.81736385 -0.94122755
v -2.01879923 -10.79131530 -1.35096746
v -2.01879923 -10.84692328 -0.47626194
v -2.01878454 -10.91221126 0.85323211
v -2.01878454 -11.11244439 0.14095151
v -2.01878454 -10.22308661 0.85323211
v -2.01879923 -11.05073741 2.35132563
v -2.01879923 -11.73986206 2.35132563
v -2.18594546 -10.57139122 2.35132563
v -2.18593077 -10.03601110 1.37056874
v -2.01879923 -11.14984499 3.41418510
v -2.18594546 -10.67049880 3.13022918
v -2.01879923 -11.73986206 3.41418510
v -1.46389470 -11.05073741 2.19083579
v -1.55048723 -11.14984499 3.20312437
v -1.46389470 -11.73986206 2.19083579
v -1.55048723 -11.73986206 3.20312437
v -1.87386921 -10.74491678 3.03013210
v -1.78727668 -10.64580920 2.25122855
v -1.33872940 -10.02605709 -1.50197256
v -1.33879835 -10.25405987 -0.40294332
v -1.33875982 -10.81736385 -0.94122755
v -1.33875982 -10.84151747 -0.56129462
v -1.33875982 -10.79955368 -1.22137894
v -0.92185635 -10.95613826 -3.03639122
v -1.60189576 -10.95613826 -3.03639122
v -1.60189576 -11.73267634 -2.75642858
v -0.92185635 -11.73267634 -2.75642858
v -0.92185635 -10.95613826 -3.43020995
v -1.60189576 -10.95613826 -3.43020995
v -1.60189576 -11.73267634 -3.15024732
v -0.92185635 -11.73267634 -3.15024732
v -2.11407590 -11.19913377 -0.97158376
v -2.20947005 -11.22185749 -0.61414292
v -2.20947005 -11.18070758 -1.26142501
v -2.01279383 -9.64878884 -2.69867105
v -2.00888237 -8.76178673 -2.40744439
v -1.51382034 -9.76567691 -1.77226477
v -1.50990888 -9.15521069 -1.55273024
v -1.49802671 -8.95636865 -2.23698427
v -1.50193817 -9.56683487 -2.45651881
v -1.50787926 -9.75261784 -2.13678119
v -1.50396780 -8.96942772 -1.87246786
v -2.01188507 -8.77784886 -1.82212386
v -2.01579653 -9.94465505 -2.18588993
v -2.01876881 -10.14208931 -0.97545099
v -1.83859019 -8.07978082 -6.8283356e-2
v -2.10750010 -7.82412473 -1.11136239
v -2.22906383 -3.53284822 1.39426594
v -2.22906383 -2.77077647 1.53309704
v -2.22906383 -4.87284515 0.99929521
v -1.47196401 -3.50768540 1.06394164
v -1.47196401 -3.54812761 1.28336954
v -1.83889244 -4.77502654 0.71852656
v -1.83889244 -4.81592110 0.93787012
v -1.52438817 -2.77246176 1.40748051
v -1.52438817 -2.73240707 1.18798201
v -2.19621124 -2.35412467 1.28043861
v -2.19621124 -2.39411417 1.49994898
v -1.67071191 -2.43081472 1.19479001
v -1.67071191 -2.47086941 1.41428850
v -2.01879923 -8.16027347 0.23808689
v -2.02234265 -9.40374559 -0.12105731
v -1.86362310 -7.86434315 -0.95259195
v -1.86569349 -9.02371129 -1.20989382
v -1.84156402 -9.41042613 -0.38551196
v -1.83527472 -8.13604479 0.13695569
v -1.83881814 -9.37911710 -0.22213631
v -2.11276949 -8.96964742 -1.37060746
v -1.60927495 -7.16527410 0.19645862
v -1.63744466 -7.16525858 -0.83658493
v -1.63779774 -7.86337978 -0.95874989
v -1.61276483 -8.07881744 -7.4441296e-2
v -1.35489696 -7.16418892 0.18952209
v -1.38306667 -7.16417340 -0.84352146
v -1.38341974 -7.86229460 -0.96568642
v -1.35838683 -8.07773227 -8.1377826e-2
v -1.73189271 -7.71873620 -1.78599567
v -1.73756818 -6.98295586 -1.87901940
v -1.99194617 -6.98404104 -1.87208287
v -1.98627070 -7.71982137 -1.77905914
v -1.56297052 -7.39240408 1.08656690
v -1.60238237 -8.41858404 1.06741185
v -1.85676036 -8.41966922 1.07434838
v -1.81734852 -7.39348926 1.09350343
v -1.73428435 -9.38909284 -0.42804524
v -1.47990636 -9.38800766 -0.43498177
v -1.48758869 -9.32189211 -0.70636676
v -1.74196669 -9.32297729 -0.69943023
v -1.94654302 -9.64597104 0.31103818
v -1.69216503 -9.64488586 0.30410165
v -1.67756390 -6.65873215 0.26288432
v -1.70659150 -6.84442602 -0.83067322
v -1.42318590 -6.65764697 0.25594779
v -1.45221351 -6.84334085 -0.83760975
v -1.63247707 -6.87226189 1.11046793
v -1.88685507 -6.87334707 1.11740446
v -2.05567224 -6.69706888 -1.67267669
v -1.80129424 -6.69598371 -1.67961322
vn -0.25457303 -0.33810320 0.90602362
vn -1.7330876e-16 0.72015986 0.69380817
vn 7.9558796e-17 0.72015986 0.69380817
vn 2.6107791e-31 -0.46670891 0.88441099
vn -0.62499207 -0.24284608 0.74189668
vn -0.44071720 0.87607498 0.19560416
vn 9.3825287e-17 0.75913114 0.65093772
vn 6.0172641e-31 -0.18886130 0.98200377
vn -0.72737852 -0.12556244 0.67465144
vn -0.48240436 0.56811508 0.66673179
vn -0.82302284 0.56462332 -6.1918658e-2
vn -0.95695092 -0.12226758 0.26324053
vn -0.94283146 -0.33326991 0.0000000e+0
vn -0.92305853 0.35392940 -0.15065499
vn -1.00000000 0.0000000e+0 0.0000000e+0
vn -0.92305853 0.35392940 -0.15065499
vn -0.57024595 3.6108800e-3 -0.82146608
vn -0.50873410 0.71858296 -0.47416046
vn 7.8740255e-17 0.84189264 -0.53964505
vn 1.6981050e-17 0.25004594 -0.96823397
vn -0.95554730 -3.9023826e-2 -0.29224390
vn -0.93141510 0.29929526 -0.20709483
vn -0.88440207 -0.22268725 0.41017480
vn -0.94283146 -0.33326991 0.0000000e+0
vn -0.88703277 -0.33792068 -0.31461482
vn -0.93588581 -0.27459018 0.22072152
vn -0.91107710 -0.37029852 -0.18115607
vn -0.25585756 0.32520882 -0.91037143
vn -0.87586889 0.13030809 -0.46462188
vn -9.2429770e-19 0.91460479 -0.40434896
vn -1.00000000 0.0000000e+0 0.0000000e+0
vn -0.92091545 -0.14379896 0.36226592
vn -0.41261336 -0.22960484 -0.88149409
vn -1.6505830e-30 -0.29104425 -0.95670959
vn -0.33074323 -0.33879635 -0.88080983
vn 0.0000000e+0 -0.28053212 -0.95984464
vn 0.0000000e+0 -0.90463930 0.42617806
vn -0.42864613 -0.85711039 0.28569963
vn -0.74724262 0.59101082 0.30386622
vn -0.44608982 -0.20362178 0.87151709
vn 0.0000000e+0 -0.79054431 0.61240484
vn 0.0000000e+0 -0.91865783 0.39505415
vn -0.28048806 -0.78350233 0.55448224
vn -0.27000715 -0.41605550 -0.86832826
vn -1.0198919e-30 -0.57806285 -0.81599225
vn -0.74663198 0.59271595 -0.30204054
vn -1.00000000 0.0000000e+0 0.0000000e+0
vn -0.94283146 -0.33326991 0.0000000e+0
vn -0.95368118 0.30081923 0.0000000e+0
vn -1.00000000 0.0000000e+0 0.0000000e+0
vn 6.0403138e-17 0.61738285 -0.78666284
vn -0.77621707 0.56196090 -0.28580937
vn -0.94283146 -0.33326991 0.0000000e+0
vn -0.76547649 0.62452382 -0.15497015
vn 5.1224756e-17 0.97056549 -0.24083737
vn -0.49224378 0.59686541 0.63359904
vn 6.5121039e-17 0.68569170 0.72789209
vn -1.3981719e-17 0.25475973 -0.96700438
vn -0.49454303 0.22142522 -0.84047490
vn -0.35550943 -0.17156526 -0.91879182
vn 0.0000000e+0 0.43378065 0.90101851
vn 4.7213281e-16 0.43378065 0.90101851
vn -0.38599030 -7.7355868e-2 -0.91925381
vn 0.0000000e+0 -0.52695930 -0.84989052
vn 0.0000000e+0 0.47601289 -0.87943830
vn 2.0568104e-16 0.47601289 -0.87943830
vn 0.0000000e+0 0.88933810 0.45725019
vn 0.0000000e+0 0.89098422 -0.45403428
vn -0.64337710 -0.67927168 0.35306642
vn -0.62874960 -0.67874726 -0.37944182
vn -0.25225715 2.3560957e-2 0.96737336
vn 0.0000000e+0 0.30553229 0.95218172
vn 6.6080698e-4 0.30772148 -0.95147625
vn -0.24844441 3.1048723e-2 -0.96814841
vn -0.49007309 0.77521943 0.39857646
vn -0.48938467 0.77699885 -0.39594878
vn -0.49226187 -0.76958862 0.40670827
vn -0.49160817 -0.77137539 -0.40410571
vn -0.72298783 -0.20365570 0.66016131
vn -0.72420999 0.21068881 0.65660500
vn -0.72427752 0.21246285 -0.65595854
vn -0.72287042 -0.20664689 -0.65935985
vn 0.0000000e+0 -0.18102661 -0.98347820
vn 0.28677209 0.90624080 -0.31062740
vn -0.21382076 0.34797428 -0.91279493
vn -0.99513648 -9.0196099e-2 3.9598647e-2
vn -0.90732011 -0.15995966 -0.38882275
vn -0.70096054 0.18290243 -0.68934826
vn 0.0000000e+0 0.31060961 -0.95053757
vn 3.5130542e-17 0.92834239 -0.37172625
vn -0.94423471 0.32727211 3.6246098e-2
vn -0.31924261 -0.37837077 0.86886116
vn -0.31314493 -0.23638363 0.91981685
vn -0.88755395 -4.9511410e-2 0.45803559
vn -0.89598026 -0.17439204 0.40841988
vn 0.0000000e+0 -0.40448549 0.91454442
vn -1.7531776e-17 -0.27694779 0.96088497
vn -6.2060124e-2 0.85187428 -0.52005649
vn -0.37884717 0.46139407 0.80224082
vn -0.71948256 0.62533528 -0.30215995
vn -0.81139468 0.33477515 0.47912866
vn -2.2259381e-16 0.48272032 0.87577457
vn -2.3842357e-16 0.87438197 -0.48523827
vn -0.34221671 5.6991395e-2 -0.93789109
vn -0.93219268 0.22288122 0.28520302
vn -0.28496913 -0.32140030 0.90304731
vn 0.0000000e+0 5.2813158e-2 -0.99860441
vn 0.0000000e+0 -0.34179158 0.93977578
vn -0.88038464 -0.15594968 0.44788680
vn -0.62090816 0.35496860 -0.69890654
vn -0.93632767 -6.7569540e-2 -0.34456472
vn -7.1777538e-31 -0.52603244 -0.85046450
vn -0.46610450 -0.45633344 -0.75796200
vn -0.89399078 -0.30848610 -0.32498740
vn -0.93159980 0.33616478 0.13825718
vn -0.87168097 -0.37128945 0.31986938
vn -0.70360447 0.69577223 0.14436673
vn -0.60458253 -0.52769123 -0.59667574
vn -0.91632491 0.22205636 0.33322611
vn -0.56153430 -0.82541105 -5.8101803e-2
vn 2.9725254e-2 -0.83973400 -0.54218376
vn -0.53136481 -0.74954264 0.39476231
vn -0.85112871 -0.52147200 -6.0389249e-2
vn -0.46852976 -0.88151764 -5.8365313e-2
vn -0.80394826 0.58801370 8.8921765e-2
vn -0.61796535 0.10857487 -0.77867215
vn -0.21899327 -0.87192075 -0.43794538
vn -0.28065014 0.95973226 -1.2226657e-2
vn -0.39355273 0.90932707 0.13505746
vn -0.20263380 0.28924002 0.93556387
vn -0.16310110 0.84133802 0.51531385
vn -0.14689983 -0.71504421 0.68347072
vn -0.56376755 0.25377362 -0.78598034
vn -0.74850204 0.35802233 0.55817982
vn -0.47558483 -0.66188812 -0.57941625
vn -0.70590400 -0.50162143 0.50007548
vn -0.49188201 0.78800323 0.37027423
vn -0.40575424 0.83305273 -0.37601415
vn -0.72752726 0.68503970 -3.7745172e-2
vn -0.63155890 0.40861159 0.65891572
vn -0.70713640 -0.70565462 -4.4829323e-2
vn -0.58837906 -0.65880978 0.46880673
vn -0.71144555 -0.65605250 0.25187368
vn -0.72161984 0.68359795 -0.10935564
vn 0.70463573 0.65221707 -0.27946626
vn 0.71950788 -0.68658493 0.10444877
vn -0.70672919 -0.65246716 0.27353327
vn -0.65629402 0.43370666 -0.61739509
vn 0.65629402 0.43370666 -0.61739509
vn 0.52140535 -0.69824414 -0.49050136
vn -0.52140535 -0.69824414 -0.49050136
vn -0.47604328 -0.87806780 -4.8782493e-2
vn -0.36229772 -0.83953021 0.40488195
vn -0.36275576 -0.78547195 -0.50143999
vn -0.23952426 -0.34771847 -0.90648773
vn -0.23145809 0.79931998 -0.55454010
vn -0.75971212 -0.53442228 0.37044611
vn -0.72570671 0.21726057 0.65279983
vn -0.76206338 0.53602660 -0.36322841
vn -0.77283743 -0.23424002 -0.58979142
vn -0.83206970 -0.53271755 -0.15450574
vn -0.82584723 0.53024733 0.19187008
vn -0.16957636 0.93368125 0.31540956
vn -0.19226845 -0.93478638 -0.29867584
vn -0.68398004 0.71859520 0.12566719
vn -0.90543885 -0.37406398 0.20064054
vn -0.30891319 0.16117069 -0.93733486
vn 0.0000000e+0 0.16338322 -0.98656268
vn -1.1907213e-18 -0.95011009 -0.31191476
vn 0.0000000e+0 0.94819762 0.31768108
vn 0.0000000e+0 -0.35705891 -0.93408187
vn 0.0000000e+0 0.81789018 -0.57537436
vn 6.6634030e-16 -0.81794350 -0.57529855
vn 6.5524916e-16 -0.87456532 0.48490773
vn 1.0098337e-15 -0.99908096 -4.2862918e-2
vn 0.0000000e+0 -0.70710678 0.70710678
vn 0.0000000e+0 0.83576128 0.54909296
vn 0.0000000e+0 0.26422425 0.96446127
vn 0.0000000e+0 0.99708692 7.6273646e-2
vn 0.0000000e+0 0.95137747 0.30802744
vn 0.0000000e+0 -0.96832371 -0.24969819
vn 0.0000000e+0 0.99685386 7.9261483e-2
vn 0.0000000e+0 -0.99781558 -6.6061045e-2
vn 0.0000000e+0 -0.99335489 -0.11509153
vn 5.6449919e-31 -0.91868062 0.39500116
vn -6.1087057e-19 -0.27966644 -0.96009723
vn -2.1106771e-18 -0.78350491 -0.62138559
vn 0.0000000e+0 0.10279583 0.99470248
vn 0.0000000e+0 0.84479390 -0.53509182
vn -7.7432521e-2 -0.22935621 0.97025766
vn 0.0000000e+0 -0.23130498 0.97288129
vn 3.0085297e-19 -4.6174480e-2 0.99893339
vn -8.3123368e-2 -4.6960365e-2 0.99543218
vn -8.9500990e-2 -0.85116286 0.51721500
vn 0.0000000e+0 -0.85256790 0.52261647
vn -0.64214745 9.7655625e-2 -0.76033547
vn -0.75154300 -0.21559009 0.62346133
vn -0.52124312 -0.53699631 -0.66328016
vn -0.58823676 -0.73304114 0.34150873
vn -0.72908282 0.13275931 0.67142625
vn -0.62471135 0.23665200 -0.74413141
vn 1.0713531e-3 0.74242277 -0.66993080
vn -0.10849378 0.66619400 0.73784460
vn -0.50713872 0.75709897 -0.41183913
vn -0.54235388 0.64254336 0.54128578
vn 3.7492425e-19 0.67370229 0.73900286
vn -4.9176911e-19 0.73900286 -0.67370228
vn -0.26044936 -0.27186045 0.92642216
vn 0.0000000e+0 -0.28195353 0.95942806
vn -0.29031771 -0.54887340 0.78387092
vn 0.0000000e+0 -0.53977554 0.84180898
vn -0.59634731 -0.14159882 -0.79013901
vn -0.77572611 -0.29221812 -0.55933673
vn -0.90401861 -0.42747767 -3.6323716e-3
vn -0.86983822 -0.14002785 0.47304723
vn -0.79753199 -0.37279010 0.47431030
vn -0.30569211 -5.6866435e-2 -0.95043072
vn 0.0000000e+0 2.2495554e-2 -0.99974694
vn 0.96950959 0.16504254 0.18114113
vn 0.96650236 0.23558357 -0.10185075
vn 0.58798528 -0.55858919 -0.58502259
vn 0.94228706 -0.31096343 0.12408403
vn -0.99348289 5.7259814e-2 9.8554838e-2
vn -0.97590616 0.12197690 -0.18091104
vn -0.82346571 -0.34666906 -0.44913783
vn -0.99427958 -7.2748348e-2 7.8203524e-2
vn -0.43642226 -0.52829364 -0.72831411
vn -0.57272667 0.23886427 -0.78417346
vn 0.84893422 5.9889045e-2 -0.52509428
vn 0.57103051 -0.66508648 -0.48123189
vn -0.63028032 -2.3027676e-3 0.77636423
vn -0.64679129 -0.24655035 0.72171597
vn 0.78400772 -0.13902889 0.60498171
vn 0.77327149 -4.7847755e-2 0.63226719
vn 0.73574437 -0.62462175 -0.26177834
vn -0.66498411 -0.73240718 -0.14620484
vn -0.48100463 -0.60874641 -0.63092183
vn 0.54272024 -0.56446266 -0.62196194
vn 0.57396635 -0.79342427 0.20258469
vn -0.48625244 -0.80303477 0.34451954
vn 0.75650822 0.65180104 -5.3392127e-2
vn 0.77664588 0.61490567 0.13679250
vn -0.65322293 0.75076341 9.8255285e-2
vn -0.60917732 0.78605204 -0.10500088
vn -0.47796120 0.49879042 0.72302228
vn 0.58700044 0.51773413 0.62240008
vn 0.58182909 0.78142734 -0.22549108
vn -0.39277312 0.81963741 -0.41704172
vn 0.25457303 -0.33810320 0.90602362
vn 2.8266892e-16 0.72015986 0.69380817
vn 0.62499207 -0.24284608 0.74189668
vn 0.44071720 0.87607498 0.19560416
vn 0.72737852 -0.12556244 0.67465144
vn 0.48240436 0.56811508 0.66673179
vn 0.82302284 0.56462332 -6.1918658e-2
vn 0.95695092 -0.12226758 0.26324053
vn 0.94283146 -0.33326991 0.0000000e+0
vn 0.92305853 0.35392940 -0.15065499
vn 1.00000000 0.0000000e+0 0.0000000e+0
vn 0.92305853 0.35392940 -0.15065499
vn 0.57024595 3.6108800e-3 -0.82146608
vn 0.50873410 0.71858296 -0.47416046
vn 0.95554730 -3.9023826e-2 -0.29224390
vn 0.93141510 0.29929526 -0.20709483
vn 0.88440207 -0.22268725 0.41017480
vn 0.94283146 -0.33326991 0.0000000e+0
vn 0.88703277 -0.33792068 -0.31461482
vn 0.93588581 -0.27459018 0.22072152
vn 0.91107710 -0.37029852 -0.18115607
vn 0.25585756 0.32520882 -0.91037143
vn 0.87586889 0.13030809 -0.46462188
vn 1.00000000 0.0000000e+0 0.0000000e+0
vn 0.92091545 -0.14379896 0.36226592
vn 0.41261336 -0.22960484 -0.88149409
vn 0.33074323 -0.33879635 -0.88080983
vn 0.42864613 -0.85711039 0.28569963
vn 0.74724262 0.59101082 0.30386622
vn 0.44608982 -0.20362178 0.87151709
vn 0.28048806 -0.78350233 0.55448224
vn 0.27000715 -0.41605550 -0.86832826
vn 0.74663198 0.59271595 -0.30204054
vn 1.00000000 0.0000000e+0 0.0000000e+0
vn 0.94283146 -0.33326991 0.0000000e+0
vn 0.95368118 0.30081923 0.0000000e+0
vn 1.00000000 0.0000000e+0 0.0000000e+0
vn 0.77621707 0.56196090 -0.28580937
vn 0.94283146 -0.33326991 0.0000000e+0
vn 0.76547649 0.62452382 -0.15497015
vn 0.49224378 0.59686541 0.63359904
vn 0.49454303 0.22142522 -0.84047490
vn 0.35550943 -0.17156526 -0.91879182
vn -4.7213281e-16 0.43378065 0.90101851
vn 0.38599030 -7.7355868e-2 -0.91925381
vn -2.0568104e-16 0.47601289 -0.87943830
vn 0.0000000e+0 0.88933810 0.45725019
vn 0.0000000e+0 0.89098422 -0.45403428
vn 0.64337710 -0.67927168 0.35306642
vn 0.62874960 -0.67874726 -0.37944182
vn 0.25225715 2.3560957e-2 0.96737336
vn 0.0000000e+0 0.30553229 0.95218172
vn -6.6080698e-4 0.30772148 -0.95147625
vn 0.24844441 3.1048723e-2 -0.96814841
vn 0.49007309 0.77521943 0.39857646
vn 0.48938467 0.77699885 -0.39594878
vn 0.49226187 -0.76958862 0.40670827
vn 0.49160817 -0.77137539 -0.40410571
vn 0.72298783 -0.20365570 0.66016131
vn 0.72420999 0.21068881 0.65660500
vn 0.72427752 0.21246285 -0.65595854
vn 0.72287042 -0.20664689 -0.65935985
vn -0.28677209 0.90624080 -0.31062740
vn 0.21382076 0.34797428 -0.91279493
vn 0.99513648 -9.0196099e-2 3.9598647e-2
vn 0.90732011 -0.15995966 -0.38882275
vn 0.70096054 0.18290243 -0.68934826
vn 0.94423471 0.32727211 3.6246098e-2
vn 0.31924261 -0.37837077 0.86886116
vn 0.31314493 -0.23638363 0.91981685
vn 0.88755395 -4.9511410e-2 0.45803559
vn 0.89598026 -0.17439204 0.40841988
vn 6.2060124e-2 0.85187428 -0.52005649
vn 0.37884717 0.46139407 0.80224082
vn 0.71948256 0.62533528 -0.30215995
vn 0.81139468 0.33477515 0.47912866
vn 0.34221671 5.6991395e-2 -0.93789109
vn 0.93219268 0.22288122 0.28520302
vn 0.28496913 -0.32140030 0.90304731
vn 0.88038464 -0.15594968 0.44788680
vn 0.62090816 0.35496860 -0.69890654
vn 0.93632767 -6.7569540e-2 -0.34456472
vn 0.46610450 -0.45633344 -0.75796200
vn 0.89399078 -0.30848610 -0.32498740
vn 0.93159980 0.33616478 0.13825718
vn 0.87168097 -0.37128945 0.31986938
vn 0.70360447 0.69577223 0.14436673
vn 0.60458253 -0.52769123 -0.59667574
vn 0.91632491 0.22205636 0.33322611
vn 0.56153430 -0.82541105 -5.8101803e-2
vn -2.9725254e-2 -0.83973400 -0.54218376
vn 0.53136481 -0.74954264 0.39476231
vn 0.85112871 -0.52147200 -6.0389249e-2
vn 0.46852976 -0.88151764 -5.8365313e-2
vn 0.80394826 0.58801370 8.8921765e-2
vn 0.61796535 0.10857487 -0.77867215
vn 0.21899327 -0.87192075 -0.43794538
vn 0.28065014 0.95973226 -1.2226657e-2
vn 0.39355273 0.90932707 0.13505746
vn 0.20263380 0.28924002 0.93556387
vn 0.16310110 0.84133802 0.51531385
vn 0.14689983 -0.71504421 0.68347072
vn 0.56376755 0.25377362 -0.78598034
vn 0.74850204 0.35802233 0.55817982
vn 0.47558483 -0.66188812 -0.57941625
vn 0.70590400 -0.50162143 0.50007548
vn 0.49188201 0.78800323 0.37027423
vn 0.40575424 0.83305273 -0.37601415
vn 0.72752726 0.68503970 -3.7745172e-2
vn 0.63155890 0.40861159 0.65891572
vn 0.70713640 -0.70565462 -4.4829323e-2
vn 0.58837906 -0.65880978 0.46880673
vn 0.71144555 -0.65605250 0.25187368
vn 0.72161984 0.68359795 -0.10935564
vn -0.70463573 0.65221707 -0.27946626
vn -0.71950788 -0.68658493 0.10444877
vn 0.70672919 -0.65246716 0.27353327
vn 0.65629402 0.43370666 -0.61739509
vn -0.65629402 0.43370666 -0.61739509
vn -0.52140535 -0.69824414 -0.49050136
vn 0.52140535 -0.69824414 -0.49050136
vn 0.47604328 -0.87806780 -4.8782493e-2
vn 0.36229772 -0.83953021 0.40488195
vn 0.36275576 -0.78547195 -0.50143999
vn 0.23952426 -0.34771847 -0.90648773
vn 0.23145809 0.79931998 -0.55454010
vn 0.75971212 -0.53442228 0.37044611
vn 0.72570671 0.21726057 0.65279983
vn 0.76206338 0.53602660 -0.36322841
vn 0.77283743 -0.23424002 -0.58979142
vn 0.83206970 -0.53271755 -0.15450574
vn 0.82584723 0.53024733 0.19187008
vn 0.16957636 0.93368125 0.31540956
vn 0.19226845 -0.93478638 -0.29867584
vn 0.68398004 0.71859520 0.12566719
vn 0.90543885 -0.37406398 0.20064054
vn 0.30891319 0.16117069 -0.93733486
vn 7.7432521e-2 -0.22935621 0.97025766
vn 8.3123368e-2 -4.6960365e-2 0.99543218
vn 8.9500990e-2 -0.85116286 0.51721500
vn 0.64214745 9.7655625e-2 -0.76033547
vn 0.75154300 -0.21559009 0.62346133
vn 0.52124312 -0.53699631 -0.66328016
vn 0.58823676 -0.73304114 0.34150873
vn 0.72908282 0.13275931 0.67142625
vn 0.62471135 0.23665200 -0.74413141
vn -1.0713531e-3 0.74242277 -0.66993080
vn 0.10849378 0.66619400 0.73784460
vn 0.50713872 0.75709897 -0.41183913
vn 0.54235388 0.64254336 0.54128578
vn 0.26044936 -0.27186045 0.92642216
vn 0.29031771 -0.54887340 0.78387092
vn 0.59634731 -0.14159882 -0.79013901
vn 0.77572611 -0.29221812 -0.55933673
vn 0.90401861 -0.42747767 -3.6323716e-3
vn 0.86983822 -0.14002785 0.47304723
vn 0.79753199 -0.37279010 0.47431030
vn 0.30569211 -5.6866435e-2 -0.95043072
vn -0.96950959 0.16504254 0.18114113
vn -0.96650236 0.23558357 -0.10185075
vn -0.58798528 -0.55858919 -0.58502259
vn -0.94228706 -0.31096343 0.12408403
vn 0.99348289 5.7259814e-2 9.8554838e-2
vn 0.97590616 0.12197690 -0.18091104
vn 0.82346571 -0.34666906 -0.44913783
vn 0.99427958 -7.2748348e-2 7.8203524e-2
vn 0.43642226 -0.52829364 -0.72831411
vn 0.57272667 0.23886427 -0.78417346
vn -0.84893422 5.9889045e-2 -0.52509428
vn -0.57103051 -0.66508648 -0.48123189
vn 0.63028032 -2.3027676e-3 0.77636423
vn 0.64679129 -0.24655035 0.72171597
vn -0.78400772 -0.13902889 0.60498171
vn -0.77327149 -4.7847755e-2 0.63226719
vn -0.73574437 -0.62462175 -0.26177834
vn 0.66498411 -0.73240718 -0.14620484
vn 0.48100463 -0.60874641 -0.63092183
vn -0.54272024 -0.56446266 -0.62196194
vn -0.57396635 -0.79342427 0.20258469
vn 0.48625244 -0.80303477 0.34451954
vn -0.75650822 0.65180104 -5.3392127e-2
vn -0.77664588 0.61490567 0.13679250
vn 0.65322293 0.75076341 9.8255285e-2
vn 0.60917732 0.78605204 -0.10500088
vn 0.47796120 0.49879042 0.72302228
vn -0.58700044 0.51773413 0.62240008
vn -0.58182909 0.78142734 -0.22549108
vn 0.39277312 0.81963741 -0.41704172
g leg_l_copy10_default2
usemtl default2
s 1
f 1//1 4//4 3//3 2//2
f 1//1 5//5 8//8 4//4
f 1//1 9//9 12//12 5//5
f 2//2 10//10 9//9 1//1
f 3//3 7//7 6//6 2//2
f 3//3 250//250 252//252 7//7
f 4//4 249//249 250//250 3//3
f 5//5 12//12 26//26 23//23
f 5//5 28//28 30//30 8//8
f 6//6 11//11 10//10 2//2
f 6//6 14//14 16//16 11//11
f 6//6 56//56 54//54 14//14
f 7//7 57//57 56//56 6//6
f 7//7 252//252 289//289 57//57
f 8//8 251//251 249//249 4//4
f 10//10 11//11 12//12 9//9
f 11//11 16//16 15//15 12//12
f 13//13 24//24 48//48 53//53
f 14//14 52//52 49//49 16//16
f 14//14 54//54 59//59 52//52
f 15//15 24//24 26//26 12//12
f 15//15 50//50 48//48 24//24
f 16//16 49//49 50//50 15//15
f 17//17 21//21 22//22 18//18
f 17//17 25//25 27//27 21//21
f 17//17 35//35 113//113 25//25
f 18//18 19//19 20//20 17//17
f 18//18 22//22 49//49 52//52
f 19//19 262//262 261//261 20//20
f 20//20 36//36 35//35 17//17
f 20//20 261//261 275//275 36//36
f 21//21 50//50 49//49 22//22
f 23//23 26//26 24//24 13//13
f 23//23 29//29 28//28 5//5
f 25//25 111//111 47//47 53//53
f 27//27 25//25 53//53 48//48
f 27//27 48//48 50//50 21//21
f 28//28 201//201 204//204 202//202
f 28//28 202//202 207//207 30//30
f 29//29 196//196 201//201 28//28
f 30//30 270//270 251//251 8//8
f 31//31 32//32 23//23 13//13
f 31//31 47//47 46//46 39//39
f 32//32 38//38 29//29 23//23
f 33//33 44//44 63//63 111//111
f 33//33 113//113 112//112 34//34
f 34//34 45//45 44//44 33//33
f 34//34 274//274 280//280 45//45
f 35//35 36//36 112//112 113//113
f 36//36 275//275 331//331 112//112
f 37//37 195//195 194//194 38//38
f 37//37 276//276 388//388 195//195
f 38//38 43//43 42//42 37//37
f 38//38 198//198 196//196 29//29
f 39//39 40//40 32//32 31//31
f 39//39 46//46 68//68 67//67
f 40//40 43//43 38//38 32//32
f 40//40 62//62 61//61 41//41
f 40//40 72//72 71//71 62//62
f 41//41 42//42 43//43 40//40
f 41//41 278//278 279//279 42//42
f 42//42 279//279 276//276 37//37
f 45//45 64//64 63//63 44//44
f 45//45 280//280 293//293 64//64
f 46//46 63//63 73//73 68//68
f 47//47 111//111 63//63 46//46
f 51//51 286//286 262//262 19//19
f 52//52 51//51 19//19 18//18
f 52//52 59//59 58//58 51//51
f 53//53 47//47 31//31 13//13
f 54//54 56//56 57//57 55//55
f 55//55 58//58 59//59 54//54
f 55//55 288//288 290//290 58//58
f 57//57 289//289 288//288 55//55
f 58//58 290//290 286//286 51//51
f 60//60 83//83 107//107 104//104
f 60//60 87//87 88//88 85//85
f 61//61 292//292 278//278 41//41
f 62//62 84//84 90//90 61//61
f 64//64 65//65 66//66 63//63
f 64//64 293//293 294//294 65//65
f 65//65 89//89 85//85 66//66
f 65//65 294//294 312//312 89//89
f 66//66 74//74 73//73 63//63
f 66//66 85//85 88//88 74//74
f 67//67 68//68 76//76 75//75
f 67//67 72//72 40//40 39//39
f 68//68 73//73 81//81 76//76
f 69//69 70//70 87//87 86//86
f 69//69 77//77 78//78 70//70
f 70//70 74//74 88//88 87//87
f 70//70 78//78 82//82 74//74
f 71//71 79//79 77//77 69//69
f 71//71 91//91 84//84 62//62
f 72//72 80//80 79//79 71//71
f 74//74 82//82 81//81 73//73
f 75//75 76//76 81//81 80//80
f 75//75 80//80 72//72 67//67
f 79//79 82//82 78//78 77//77
f 80//80 81//81 82//82 79//79
f 83//83 291//291 325//325 107//107
f 84//84 98//98 103//103 90//90
f 85//85 89//89 83//83 60//60
f 86//86 91//91 71//71 69//69
f 86//86 95//95 94//94 91//91
f 86//86 105//105 109//109 95//95
f 87//87 110//110 105//105 86//86
f 89//89 312//312 291//291 83//83
f 90//90 311//311 292//292 61//61
f 91//91 100//100 98//98 84//84
f 92//92 96//96 97//97 93//93
f 92//92 106//106 108//108 96//96
f 93//93 94//94 95//95 92//92
f 93//93 97//97 102//102 99//99
f 94//94 101//101 100//100 91//91
f 95//95 109//109 106//106 92//92
f 96//96 317//317 318//318 97//97
f 97//97 318//318 322//322 102//102
f 98//98 100//100 101//101 99//99
f 99//99 101//101 94//94 93//93
f 99//99 102//102 103//103 98//98
f 102//102 322//322 321//321 103//103
f 103//103 321//321 311//311 90//90
f 104//104 110//110 87//87 60//60
f 104//104 167//167 212//212 110//110
f 105//105 166//166 215//215 109//109
f 105//105 219//219 222//222 166//166
f 106//106 208//208 209//209 108//108
f 107//107 168//168 167//167 104//104
f 107//107 325//325 385//385 168//168
f 108//108 327//327 317//317 96//96
f 109//109 215//215 208//208 106//106
f 110//110 220//220 219//219 105//105
f 111//111 25//25 113//113 33//33
f 112//112 331//331 274//274 34//34
f 114//114 165//165 119//119 116//116
f 114//114 213//213 217//217 115//115
f 115//115 118//118 165//165 114//114
f 115//115 158//158 157//157 118//118
f 115//115 217//217 218//218 189//189
f 116//116 214//214 213//213 114//114
f 117//117 141//141 142//142 140//140
f 118//118 145//145 144//144 139//139
f 118//118 157//157 161//161 164//164
f 118//118 164//164 169//169 187//187
f 119//119 122//122 124//124 123//123
f 119//119 123//123 125//125 116//116
f 119//119 140//140 142//142 122//122
f 120//120 122//122 142//142 141//141
f 120//120 152//152 153//153 122//122
f 121//121 146//146 145//145 118//118
f 121//121 154//154 152//152 120//120
f 122//122 185//185 183//183 124//124
f 123//123 127//127 126//126 125//125
f 124//124 183//183 184//184 123//123
f 125//125 182//182 188//188 116//116
f 126//126 128//128 129//129 125//125
f 127//127 123//123 184//184 181//181
f 127//127 135//135 133//133 126//126
f 128//128 131//131 177//177 180//180
f 128//128 138//138 137//137 131//131
f 129//129 179//179 182//182 125//125
f 130//130 134//134 136//136 132//132
f 130//130 178//178 177//177 131//131
f 131//131 137//137 134//134 130//130
f 132//132 136//136 135//135 127//127
f 132//132 176//176 178//178 130//130
f 133//133 135//135 136//136 134//134
f 133//133 138//138 128//128 126//126
f 134//134 137//137 138//138 133//133
f 139//139 117//117 165//165 118//118
f 139//139 143//143 141//141 117//117
f 139//139 144//144 147//147 143//143
f 140//140 119//119 165//165 117//117
f 141//141 143//143 121//121 120//120
f 143//143 147//147 146//146 121//121
f 144//144 148//148 151//151 147//147
f 145//145 149//149 148//148 144//144
f 146//146 150//150 149//149 145//145
f 147//147 151//151 150//150 146//146
f 149//149 150//150 151//151 148//148
f 152//152 154//154 173//173 175//175
f 153//153 174//174 185//185 122//122
f 155//155 160//160 159//159 156//156
f 155//155 164//164 161//161 160//160
f 155//155 171//171 169//169 164//164
f 156//156 163//163 170//170 172//172
f 156//156 172//172 171//171 155//155
f 158//158 162//162 161//161 157//157
f 159//159 160//160 161//161 162//162
f 162//162 163//163 156//156 159//159
f 163//163 162//162 158//158 115//115
f 166//166 212//212 213//213 214//214
f 166//166 222//222 221//221 212//212
f 167//167 168//168 218//218 217//217
f 168//168 385//385 406//406 218//218
f 169//169 382//382 336//336 187//187
f 170//170 381//381 374//374 172//172
f 171//171 373//373 382//382 169//169
f 172//172 374//374 373//373 171//171
f 173//173 372//372 370//370 175//175
f 174//174 371//371 340//340 185//185
f 175//175 174//174 153//153 152//152
f 175//175 370//370 371//371 174//174
f 176//176 350//350 348//348 178//178
f 177//177 349//349 346//346 180//180
f 178//178 348//348 349//349 177//177
f 179//179 347//347 343//343 182//182
f 180//180 179//179 129//129 128//128
f 180//180 346//346 347//347 179//179
f 181//181 176//176 132//132 127//127
f 181//181 345//345 350//350 176//176
f 182//182 343//343 334//334 188//188
f 183//183 342//342 341//341 184//184
f 184//184 341//341 345//345 181//181
f 185//185 340//340 342//342 183//183
f 186//186 173//173 154//154 121//121
f 186//186 339//339 372//372 173//173
f 187//187 186//186 121//121 118//118
f 187//187 336//336 339//339 186//186
f 188//188 211//211 210//210 116//116
f 188//188 334//334 400//400 211//211
f 189//189 170//170 163//163 115//115
f 189//189 333//333 381//381 170//170
f 190//190 193//193 200//200 197//197
f 190//190 194//194 195//195 191//191
f 191//191 192//192 193//193 190//190
f 191//191 386//386 387//387 192//192
f 192//192 206//206 203//203 193//193
f 192//192 387//387 396//396 206//206
f 193//193 203//203 205//205 200//200
f 194//194 199//199 198//198 38//38
f 195//195 388//388 386//386 191//191
f 196//196 198//198 199//199 197//197
f 197//197 199//199 194//194 190//190
f 197//197 200//200 201//201 196//196
f 200//200 205//205 204//204 201//201
f 202//202 204//204 205//205 203//203
f 203//203 206//206 207//207 202//202
f 206//206 396//396 395//395 207//207
f 207//207 395//395 270//270 30//30
f 208//208 210//210 211//211 209//209
f 209//209 399//399 327//327 108//108
f 210//210 216//216 214//214 116//116
f 211//211 400//400 399//399 209//209
f 212//212 221//221 220//220 110//110
f 214//214 216//216 215//215 166//166
f 215//215 216//216 210//210 208//208
f 217//217 213//213 212//212 167//167
f 218//218 406//406 333//333 189//189
f 219//219 234//234 233//233 222//222
f 220//220 229//229 247//247 242//242
f 220//220 242//242 241//241 219//219
f 221//221 230//230 229//229 220//220
f 221//221 238//238 237//237 225//225
f 222//222 233//233 239//239 235//235
f 222//222 235//235 238//238 221//221
f 223//223 243//243 244//244 224//224
f 224//224 225//225 226//226 223//223
f 224//224 228//228 227//227 225//225
f 224//224 244//244 248//248 228//228
f 225//225 227//227 230//230 221//221
f 225//225 237//237 236//236 226//226
f 226//226 232//232 231//231 223//223
f 226//226 236//236 240//240 232//232
f 228//228 229//229 230//230 227//227
f 228//228 248//248 247//247 229//229
f 231//231 245//245 243//243 223//223
f 232//232 233//233 234//234 231//231
f 232//232 240//240 239//239 233//233
f 234//234 246//246 245//245 231//231
f 235//235 239//239 240//240 236//236
f 236//236 237//237 238//238 235//235
f 241//241 242//242 244//244 243//243
f 241//241 246//246 234//234 219//219
f 242//242 247//247 248//248 244//244
f 243//243 245//245 246//246 241//241
f 249//249 253//253 254//254 250//250
f 250//250 254//254 255//255 252//252
f 251//251 256//256 253//253 249//249
f 251//251 270//270 271//271 265//265
f 253//253 256//256 255//255 254//254
f 255//255 260//260 258//258 252//252
f 256//256 259//259 260//260 255//255
f 256//256 268//268 266//266 259//259
f 257//257 265//265 273//273 272//272
f 257//257 266//266 268//268 265//265
f 257//257 272//272 282//282 287//287
f 258//258 288//288 289//289 252//252
f 259//259 285//285 284//284 260//260
f 260//260 284//284 286//286 258//258
f 262//262 264//264 263//263 261//261
f 263//263 269//269 267//267 261//261
f 263//263 285//285 283//283 269//269
f 264//264 284//284 285//285 263//263
f 265//265 268//268 256//256 251//251
f 265//265 271//271 276//276 273//273
f 266//266 283//283 285//285 259//259
f 267//267 331//331 275//275 261//261
f 270//270 394//394 389//389 271//271
f 271//271 389//389 391//391 276//276
f 272//272 273//273 278//278 277//277
f 273//273 276//276 279//279 278//278
f 274//274 331//331 267//267 330//330
f 276//276 391//391 392//392 388//388
f 277//277 278//278 300//300 295//295
f 277//277 281//281 282//282 272//272
f 281//281 293//293 330//330 282//282
f 283//283 287//287 267//267 269//269
f 286//286 284//284 264//264 262//262
f 286//286 290//290 288//288 258//258
f 287//287 282//282 330//330 267//267
f 287//287 283//283 266//266 257//257
f 291//291 314//314 329//329 325//325
f 292//292 299//299 300//300 278//278
f 292//292 311//311 316//316 299//299
f 293//293 301//301 302//302 294//294
f 295//295 296//296 281//281 277//277
f 295//295 300//300 308//308 303//303
f 296//296 301//301 293//293 281//281
f 297//297 299//299 316//316 313//313
f 297//297 305//305 307//307 299//299
f 298//298 306//306 305//305 297//297
f 299//299 307//307 308//308 300//300
f 301//301 309//309 310//310 302//302
f 302//302 310//310 306//306 298//298
f 302//302 315//315 312//312 294//294
f 303//303 304//304 296//296 295//295
f 304//304 309//309 301//301 296//296
f 305//305 306//306 310//310 307//307
f 307//307 310//310 309//309 308//308
f 308//308 309//309 304//304 303//303
f 311//311 321//321 323//323 316//316
f 312//312 315//315 314//314 291//291
f 313//313 314//314 298//298 297//297
f 313//313 326//326 329//329 314//314
f 314//314 315//315 302//302 298//298
f 316//316 319//319 320//320 313//313
f 316//316 323//323 324//324 319//319
f 317//317 320//320 319//319 318//318
f 317//317 327//327 328//328 320//320
f 318//318 319//319 324//324 322//322
f 320//320 328//328 326//326 313//313
f 322//322 324//324 323//323 321//321
f 326//326 407//407 408//408 329//329
f 327//327 399//399 404//404 328//328
f 328//328 404//404 384//384 326//326
f 329//329 401//401 385//385 325//325
f 329//329 408//408 409//409 401//401
f 330//330 293//293 280//280 274//274
f 332//332 383//383 336//336 333//333
f 332//332 402//402 403//403 334//334
f 333//333 376//376 380//380 381//381
f 333//333 406//406 402//402 332//332
f 334//334 337//337 383//383 332//332
f 334//334 343//343 341//341 337//337
f 334//334 403//403 405//405 400//400
f 335//335 359//359 361//361 357//357
f 335//335 383//383 337//337 358//358
f 336//336 363//363 364//364 339//339
f 336//336 375//375 376//376 333//333
f 336//336 383//383 335//335 357//357
f 338//338 339//339 361//361 359//359
f 338//338 370//370 372//372 339//339
f 339//339 364//364 365//365 361//361
f 340//340 360//360 358//358 337//337
f 340//340 371//371 370//370 338//338
f 341//341 342//342 340//340 337//337
f 343//343 344//344 345//345 341//341
f 343//343 347//347 346//346 344//344
f 344//344 346//346 356//356 351//351
f 344//344 351//351 353//353 345//345
f 345//345 353//353 354//354 350//350
f 348//348 352//352 355//355 349//349
f 349//349 355//355 356//356 346//346
f 350//350 354//354 352//352 348//348
f 351//351 356//356 355//355 352//352
f 352//352 354//354 353//353 351//351
f 357//357 362//362 363//363 336//336
f 358//358 360//360 359//359 335//335
f 359//359 360//360 340//340 338//338
f 361//361 365//365 362//362 357//357
f 362//362 366//366 367//367 363//363
f 363//363 367//367 368//368 364//364
f 364//364 368//368 369//369 365//365
f 365//365 369//369 366//366 362//362
f 366//366 369//369 368//368 367//367
f 374//374 377//377 378//378 373//373
f 375//375 379//379 380//380 376//376
f 377//377 374//374 381//381 380//380
f 378//378 379//379 382//382 373//373
f 380//380 379//379 378//378 377//377
f 382//382 379//379 375//375 336//336
f 384//384 404//404 405//405 403//403
f 384//384 410//410 407//407 326//326
f 385//385 401//401 402//402 406//406
f 386//386 388//388 392//392 390//390
f 389//389 394//394 393//393 390//390
f 390//390 392//392 391//391 389//389
f 390//390 393//393 387//387 386//386
f 393//393 398//398 396//396 387//387
f 394//394 397//397 398//398 393//393
f 395//395 397//397 394//394 270//270
f 396//396 398//398 397//397 395//395
f 399//399 400//400 405//405 404//404
f 401//401 409//409 410//410 384//384
f 403//403 402//402 401//401 384//384
f 407//407 422//422 434//434 429//429
f 407//407 429//429 430//430 408//408
f 408//408 417//417 418//418 409//409
f 409//409 418//418 415//415 413//413
f 409//409 426//426 423//423 410//410
f 410//410 421//421 422//422 407//407
f 411//411 414//414 413//413 412//412
f 411//411 419//419 420//420 414//414
f 411//411 431//431 433//433 419//419
f 412//412 432//432 431//431 411//411
f 413//413 415//415 416//416 412//412
f 413//413 425//425 426//426 409//409
f 414//414 424//424 425//425 413//413
f 415//415 418//418 417//417 416//416
f 416//416 436//436 432//432 412//412
f 417//417 435//435 436//436 416//416
f 419//419 422//422 421//421 420//420
f 419//419 433//433 434//434 422//422
f 420//420 428//428 424//424 414//414
f 421//421 427//427 428//428 420//420
f 423//423 426//426 425//425 424//424
f 423//423 427//427 421//421 410//410
f 424//424 428//428 427//427 423//423
f 429//429 434//434 433//433 431//431
f 430//430 435//435 417//417 408//408
f 431//431 432//432 430//430 429//429
f 432//432 436//436 435//435 430//430
o leg_l_copy14
#436 vertices, 434 faces
v 2.23230518 -1.78953642 1.89981951
v 2.23230518 -0.45862094 1.69378291
v 2.53680855 -0.45862094 1.69378291
v 2.53680855 -1.78953642 1.89981951
v 1.97697438 -2.27208824 0.89076982
v 1.97697438 -0.35561110 0.81220691
v 2.53680855 -0.35561110 0.81220691
v 2.53680855 -2.27208824 0.89076982
v 1.98032744 -1.42262258 1.84301825
v 1.98032744 -0.45862094 1.69378291
v 1.72499664 -0.35561110 0.81220691
v 1.72499664 -2.04199468 0.63604202
v 1.97697438 -3.40311893 0.20626458
v 1.97697438 -0.70610806 0.13705808
v 1.72499664 -2.05386283 0.13705808
v 1.72499664 -1.06578743 0.12541323
v 1.97697438 -2.05386283 -1.99642017
v 1.97697438 -0.70610806 -1.37706246
v 2.53680855 -0.70610806 -1.37706246
v 2.53680855 -2.05386283 -1.99642017
v 1.72499664 -2.05386283 -1.64542447
v 1.72499664 -1.06578743 -1.21307504
v 1.97697438 -3.40311893 0.68472329
v 1.72499664 -3.09122656 0.13705808
v 1.97697438 -3.40311893 -0.94642871
v 1.72499664 -3.09122656 0.39510472
v 1.72499664 -3.09122656 -0.78613291
v 2.37848147 -2.73078697 1.31358667
v 2.37848147 -3.49240602 1.17483804
v 2.53680855 -2.73078697 1.31358667
v 1.97697438 -4.67003816 0.13705808
v 1.97697438 -4.74266349 0.43497770
v 2.33637963 -4.79064240 -0.89569632
v 2.53680855 -4.79064240 -0.89569632
v 2.33637963 -2.86166396 -2.05686725
v 2.53680855 -2.86166396 -2.05686725
v 2.53680855 -4.83195058 0.77995165
v 2.37848147 -4.83195058 0.77995165
v 1.97697438 -4.94739816 1.9239072e-2
v 1.97697438 -5.18564317 0.18968239
v 2.53680855 -5.18564317 0.18968239
v 2.53680855 -5.27468490 0.53465635
v 2.37848147 -5.27468490 0.53465635
v 2.33637963 -5.02930041 -0.86542502
v 2.53680855 -5.02930041 -0.86542502
v 1.97697438 -4.94739816 -0.38015578
v 1.97697438 -4.57068831 -0.31933763
v 1.72499664 -3.09122656 -0.43526112
v 1.72499664 -1.06578743 -0.71029207
v 1.72499664 -2.05386283 -0.75418319
v 2.53680855 -0.70610806 -1.02275825
v 1.97697438 -0.70610806 -1.02275825
v 1.97697438 -3.40311893 -0.45166625
v 1.97697438 0.42802844 -0.39099847
v 2.53680855 0.42802844 -0.39099847
v 1.97697438 5.5838901e-2 0.69856590
v 2.53680855 5.5838901e-2 0.69856590
v 2.53680855 -0.33864600 -1.11267202
v 1.97697438 -0.33864600 -1.11267202
v 2.24817385 -6.31299286 -1.04158008
v 2.53680855 -5.47074836 0.18968239
v 1.97697438 -5.47074836 0.18968239
v 1.97697438 -5.18564317 -0.55321515
v 2.53680855 -5.18564317 -0.55321515
v 2.53680855 -5.47229549 -0.55221240
v 1.97697438 -5.47229549 -0.55221240
v 1.79744611 -4.94739816 1.9239072e-2
v 1.79744611 -4.94739816 -0.38015578
v 1.79744611 -5.72070877 1.9239072e-2
v 1.79744611 -5.72070877 -0.38015578
v 1.79744611 -5.47074836 0.18968239
v 1.79744611 -5.18564317 0.18968239
v 1.79744611 -5.18564317 -0.55321515
v 1.79744611 -5.47229549 -0.55221240
v 1.59845869 -4.94739816 1.9239072e-2
v 1.59845869 -4.94739816 -0.38015578
v 1.59845869 -5.72070877 1.9239072e-2
v 1.59845869 -5.72070877 -0.38015578
v 1.59845869 -5.47074836 0.18968239
v 1.59845869 -5.18564317 0.18968239
v 1.59845869 -5.18564317 -0.55321515
v 1.59845869 -5.47074836 -0.55321515
v 2.53680855 -6.31299286 -1.04158008
v 2.16401690 -5.96353561 0.80732805
v 2.24817385 -5.89316119 -1.20155511
v 1.98448864 -6.31948722 0.48522681
v 2.01674939 -6.31299286 -0.83031623
v 2.01674939 -5.78770468 -1.03884901
v 2.53680855 -5.89316119 -1.20155511
v 2.53680855 -5.96353561 0.80732805
v 1.98448864 -5.86937268 0.68930689
v 2.16401690 -6.51094785 0.81784565
v 2.16401690 -6.06083332 1.02192573
v 1.98448864 -5.96667039 0.90390457
v 1.98448864 -6.41678493 0.69982449
v 2.53680855 -6.51094785 0.81784565
v 2.53680855 -6.06083332 1.02192573
v 2.23132868 -5.62288739 0.85080947
v 2.23132868 -5.72018510 1.06540715
v 2.00698454 -5.74486838 0.71311925
v 2.00698454 -5.84216609 0.92771693
v 2.53680855 -5.69932163 1.07486656
v 2.53680855 -5.60202392 0.86026888
v 2.24817385 -7.16623928 -1.04158008
v 1.98451795 -7.16623747 0.20261656
v 2.16401690 -7.16623928 0.53524697
v 2.53680855 -7.16623928 -1.04158008
v 2.53680855 -7.16623928 0.53524697
v 1.98448864 -7.16623928 0.41722582
v 2.01268766 -7.16622196 -0.83042699
v 1.97697438 -4.57446750 -0.54898736
v 2.53680855 -3.64423132 -1.47008142
v 2.33637963 -3.64423132 -1.47008142
v 2.23289938 -9.16825044 -1.22668223
v 2.25884816 -9.11865362 -1.34386715
v 2.16821686 -9.57419378 -0.31870993
v 1.48826059 -10.15379977 -0.88622516
v 2.16830001 -10.00646404 -1.62920546
v 2.16807288 -10.27771459 -0.32169652
v 2.16821686 -10.81736385 -0.94122755
v 2.16821686 -10.79131530 -1.35096746
v 2.16821686 -10.84692328 -0.47626194
v 2.16820217 -10.91221126 0.85323211
v 2.16820217 -11.11244439 0.14095151
v 2.16820217 -10.22308661 0.85323211
v 2.16821686 -11.05073741 2.35132563
v 2.16821686 -11.73986206 2.35132563
v 2.33536309 -10.57139122 2.35132563
v 2.33534840 -10.03601110 1.37056874
v 2.16821686 -11.14984499 3.41418510
v 2.33536309 -10.67049880 3.13022918
v 2.16821686 -11.73986206 3.41418510
v 1.61331233 -11.05073741 2.19083579
v 1.69990486 -11.14984499 3.20312437
v 1.61331233 -11.73986206 2.19083579
v 1.69990486 -11.73986206 3.20312437
v 2.02328684 -10.74491678 3.03013210
v 1.93669431 -10.64580920 2.25122855
v 1.48814703 -10.02605709 -1.50197256
v 1.48821598 -10.25405987 -0.40294332
v 1.48817745 -10.81736385 -0.94122755
v 1.48817745 -10.84151747 -0.56129462
v 1.48817745 -10.79955368 -1.22137894
v 1.07127398 -10.95613826 -3.03639122
v 1.75131339 -10.95613826 -3.03639122
v 1.75131339 -11.73267634 -2.75642858
v 1.07127398 -11.73267634 -2.75642858
v 1.07127398 -10.95613826 -3.43020995
v 1.75131339 -10.95613826 -3.43020995
v 1.75131339 -11.73267634 -3.15024732
v 1.07127398 -11.73267634 -3.15024732
v 2.26349353 -11.19913377 -0.97158376
v 2.35888768 -11.22185749 -0.61414292
v 2.35888768 -11.18070758 -1.26142501
v 2.16221146 -9.64878884 -2.69867105
v 2.15830000 -8.76178673 -2.40744439
v 1.66323797 -9.76567691 -1.77226477
v 1.65932651 -9.15521069 -1.55273024
v 1.64744434 -8.95636865 -2.23698427
v 1.65135580 -9.56683487 -2.45651881
v 1.65729689 -9.75261784 -2.13678119
v 1.65338543 -8.96942772 -1.87246786
v 2.16130270 -8.77784886 -1.82212386
v 2.16521416 -9.94465505 -2.18588993
v 2.16818644 -10.14208931 -0.97545099
v 1.98800782 -8.07978082 -6.8283356e-2
v 2.25691773 -7.82412473 -1.11136239
v 2.53680855 -7.82412473 -1.11136239
v 2.53680855 -9.94465505 -2.18588993
v 2.53680855 -8.77784886 -1.82212386
v 2.53680855 -9.64878884 -2.69867105
v 2.53680855 -8.76178673 -2.40744439
v 2.53680855 -11.18070758 -1.26142501
v 2.53680855 -11.22185749 -0.61414292
v 2.53680855 -11.10158264 -0.97158376
v 2.53680855 -11.73986206 3.41418510
v 2.53680855 -10.67049880 3.13022918
v 2.53680855 -11.14984499 3.41418510
v 2.53680855 -10.03601110 1.37056874
v 2.53680855 -10.57139122 2.35132563
v 2.53680855 -11.73986206 2.35132563
v 2.53680855 -10.22308661 0.85323211
v 2.53680855 -11.11244439 0.14095151
v 2.53680855 -10.91221126 0.85323211
v 2.53680855 -10.84692328 -0.47626194
v 2.53680855 -10.79131530 -1.35096746
v 2.53680855 -10.00703269 -1.62932343
v 2.53680855 -9.57419378 -0.31870993
v 2.53680855 -9.11865362 -1.34386715
v 2.37848147 -3.53284822 1.39426594
v 2.53680855 -3.53284822 1.39426594
v 2.53680855 -2.77077647 1.53309704
v 2.37848147 -2.77077647 1.53309704
v 2.37848147 -4.87284515 0.99929521
v 2.53680855 -4.87284515 0.99929521
v 1.62138164 -3.50768540 1.06394164
v 1.62138164 -3.54812761 1.28336954
v 1.98831007 -4.77502654 0.71852656
v 1.98831007 -4.81592110 0.93787012
v 1.67380580 -2.77246176 1.40748051
v 1.67380580 -2.73240707 1.18798201
v 2.34562887 -2.35412467 1.28043861
v 2.34562887 -2.39411417 1.49994898
v 1.82012954 -2.43081472 1.19479001
v 1.82012954 -2.47086941 1.41428850
v 2.53680855 -2.39410911 1.49992122
v 2.53680855 -2.35411961 1.28041085
v 2.16821686 -8.16027347 0.23808689
v 2.53680855 -8.16027347 0.23808689
v 2.17176028 -9.40374559 -0.12105731
v 2.53680855 -9.40374559 -0.12105731
v 2.01304073 -7.86434315 -0.95259195
v 2.01511112 -9.02371129 -1.20989382
v 1.99098166 -9.41042613 -0.38551196
v 1.98469235 -8.13604479 0.13695569
v 1.98823577 -9.37911710 -0.22213631
v 2.26218712 -8.96964742 -1.37060746
v 2.53680855 -8.96964742 -1.37060746
v 1.75869259 -7.16527410 0.19645862
v 1.78686229 -7.16525858 -0.83658493
v 1.78721537 -7.86337978 -0.95874989
v 1.76218246 -8.07881744 -7.4441296e-2
v 1.50431459 -7.16418892 0.18952209
v 1.53248430 -7.16417340 -0.84352146
v 1.53283738 -7.86229460 -0.96568642
v 1.50780447 -8.07773227 -8.1377826e-2
v 1.88131034 -7.71873620 -1.78599567
v 1.88698581 -6.98295586 -1.87901940
v 2.14136380 -6.98404104 -1.87208287
v 2.13568833 -7.71982137 -1.77905914
v 1.71238815 -7.39240408 1.08656690
v 1.75180000 -8.41858404 1.06741185
v 2.00617800 -8.41966922 1.07434838
v 1.96676615 -7.39348926 1.09350343
v 1.88370198 -9.38909284 -0.42804524
v 1.62932399 -9.38800766 -0.43498177
v 1.63700632 -9.32189211 -0.70636676
v 1.89138432 -9.32297729 -0.69943023
v 2.09596065 -9.64597104 0.31103818
v 1.84158266 -9.64488586 0.30410165
v 1.82698153 -6.65873215 0.26288432
v 1.85600913 -6.84442602 -0.83067322
v 1.57260353 -6.65764697 0.25594779
v 1.60163114 -6.84334085 -0.83760975
v 1.78189470 -6.87226189 1.11046793
v 2.03627270 -6.87334707 1.11740446
v 2.20508987 -6.69706888 -1.67267669
v 1.95071187 -6.69598371 -1.67961322
v 2.84131193 -1.78953642 1.89981951
v 2.84131193 -0.45862094 1.69378291
v 3.09664273 -2.27208824 0.89076982
v 3.09664273 -0.35561110 0.81220691
v 3.09328967 -1.42262258 1.84301825
v 3.09328967 -0.45862094 1.69378291
v 3.34862047 -0.35561110 0.81220691
v 3.34862047 -2.04199468 0.63604202
v 3.09664273 -3.40311893 0.20626458
v 3.09664273 -0.70610806 0.13705808
v 3.34862047 -2.05386283 0.13705808
v 3.34862047 -1.06578743 0.12541323
v 3.09664273 -2.05386283 -1.99642017
v 3.09664273 -0.70610806 -1.37706246
v 3.34862047 -2.05386283 -1.64542447
v 3.34862047 -1.06578743 -1.21307504
v 3.09664273 -3.40311893 0.68472329
v 3.34862047 -3.09122656 0.13705808
v 3.09664273 -3.40311893 -0.94642871
v 3.34862047 -3.09122656 0.39510472
v 3.34862047 -3.09122656 -0.78613291
v 2.69513564 -2.73078697 1.31358667
v 2.69513564 -3.49240602 1.17483804
v 3.09664273 -4.67003816 0.13705808
v 3.09664273 -4.74266349 0.43497770
v 2.73723748 -4.79064240 -0.89569632
v 2.73723748 -2.86166396 -2.05686725
v 2.69513564 -4.83195058 0.77995165
v 3.09664273 -4.94739816 1.9239072e-2
v 3.09664273 -5.18564317 0.18968239
v 2.69513564 -5.27468490 0.53465635
v 2.73723748 -5.02930041 -0.86542502
v 3.09664273 -4.94739816 -0.38015578
v 3.09664273 -4.57068831 -0.31933763
v 3.34862047 -3.09122656 -0.43526112
v 3.34862047 -1.06578743 -0.71029207
v 3.34862047 -2.05386283 -0.75418319
v 3.09664273 -0.70610806 -1.02275825
v 3.09664273 -3.40311893 -0.45166625
v 3.09664273 0.42802844 -0.39099847
v 3.09664273 5.5838901e-2 0.69856590
v 3.09664273 -0.33864600 -1.11267202
v 2.82544326 -6.31299286 -1.04158008
v 3.09664273 -5.47074836 0.18968239
v 3.09664273 -5.18564317 -0.55321515
v 3.09664273 -5.47229549 -0.55221240
v 3.27617100 -4.94739816 1.9239072e-2
v 3.27617100 -4.94739816 -0.38015578
v 3.27617100 -5.72070877 1.9239072e-2
v 3.27617100 -5.72070877 -0.38015578
v 3.27617100 -5.47074836 0.18968239
v 3.27617100 -5.18564317 0.18968239
v 3.27617100 -5.18564317 -0.55321515
v 3.27617100 -5.47229549 -0.55221240
v 3.47515841 -4.94739816 1.9239072e-2
v 3.47515841 -4.94739816 -0.38015578
v 3.47515841 -5.72070877 1.9239072e-2
v 3.47515841 -5.72070877 -0.38015578
v 3.47515841 -5.47074836 0.18968239
v 3.47515841 -5.18564317 0.18968239
v 3.47515841 -5.18564317 -0.55321515
v 3.47515841 -5.47074836 -0.55321515
v 2.90960021 -5.96353561 0.80732805
v 2.82544326 -5.89316119 -1.20155511
v 3.08912847 -6.31948722 0.48522681
v 3.05686772 -6.31299286 -0.83031623
v 3.05686772 -5.78770468 -1.03884901
v 3.08912847 -5.86937268 0.68930689
v 2.90960021 -6.51094785 0.81784565
v 2.90960021 -6.06083332 1.02192573
v 3.08912847 -5.96667039 0.90390457
v 3.08912847 -6.41678493 0.69982449
v 2.84228843 -5.62288739 0.85080947
v 2.84228843 -5.72018510 1.06540715
v 3.06663257 -5.74486838 0.71311925
v 3.06663257 -5.84216609 0.92771693
v 2.82544326 -7.16623928 -1.04158008
v 3.08909916 -7.16623747 0.20261656
v 2.90960021 -7.16623928 0.53524697
v 3.08912847 -7.16623928 0.41722582
v 3.06092945 -7.16622196 -0.83042699
v 3.09664273 -4.57446750 -0.54898736
v 2.73723748 -3.64423132 -1.47008142
v 2.84071772 -9.16825044 -1.22668223
v 2.81476895 -9.11865362 -1.34386715
v 2.90540025 -9.57419378 -0.31870993
v 3.58535652 -10.15379977 -0.88622516
v 2.90531710 -10.00646404 -1.62920546
v 2.90554423 -10.27771459 -0.32169652
v 2.90540025 -10.81736385 -0.94122755
v 2.90540025 -10.79131530 -1.35096746
v 2.90540025 -10.84692328 -0.47626194
v 2.90541494 -10.91221126 0.85323211
v 2.90541494 -11.11244439 0.14095151
v 2.90541494 -10.22308661 0.85323211
v 2.90540025 -11.05073741 2.35132563
v 2.90540025 -11.73986206 2.35132563
v 2.73825402 -10.57139122 2.35132563
v 2.73826871 -10.03601110 1.37056874
v 2.90540025 -11.14984499 3.41418510
v 2.73825402 -10.67049880 3.13022918
v 2.90540025 -11.73986206 3.41418510
v 3.46030478 -11.05073741 2.19083579
v 3.37371225 -11.14984499 3.20312437
v 3.46030478 -11.73986206 2.19083579
v 3.37371225 -11.73986206 3.20312437
v 3.05033027 -10.74491678 3.03013210
v 3.13692280 -10.64580920 2.25122855
v 3.58547008 -10.02605709 -1.50197256
v 3.58540113 -10.25405987 -0.40294332
v 3.58543966 -10.81736385 -0.94122755
v 3.58543966 -10.84151747 -0.56129462
v 3.58543966 -10.79955368 -1.22137894
v 4.00234313 -10.95613826 -3.03639122
v 3.32230372 -10.95613826 -3.03639122
v 3.32230372 -11.73267634 -2.75642858
v 4.00234313 -11.73267634 -2.75642858
v 4.00234313 -10.95613826 -3.43020995
v 3.32230372 -10.95613826 -3.43020995
v 3.32230372 -11.73267634 -3.15024732
v 4.00234313 -11.73267634 -3.15024732
v 2.81012358 -11.19913377 -0.97158376
v 2.71472943 -11.22185749 -0.61414292
v 2.71472943 -11.18070758 -1.26142501
v 2.91140565 -9.64878884 -2.69867105
v 2.91531711 -8.76178673 -2.40744439
v 3.41037914 -9.76567691 -1.77226477
v 3.41429060 -9.15521069 -1.55273024
v 3.42617277 -8.95636865 -2.23698427
v 3.42226131 -9.56683487 -2.45651881
v 3.41632022 -9.75261784 -2.13678119
v 3.42023168 -8.96942772 -1.87246786
v 2.91231441 -8.77784886 -1.82212386
v 2.90840295 -9.94465505 -2.18588993
v 2.90543067 -10.14208931 -0.97545099
v 3.08560929 -8.07978082 -6.8283356e-2
v 2.81669938 -7.82412473 -1.11136239
v 2.69513564 -3.53284822 1.39426594
v 2.69513564 -2.77077647 1.53309704
v 2.69513564 -4.87284515 0.99929521
v 3.45223547 -3.50768540 1.06394164
v 3.45223547 -3.54812761 1.28336954
v 3.08530704 -4.77502654 0.71852656
v 3.08530704 -4.81592110 0.93787012
v 3.39981131 -2.77246176 1.40748051
v 3.39981131 -2.73240707 1.18798201
v 2.72798824 -2.35412467 1.28043861
v 2.72798824 -2.39411417 1.49994898
v 3.25348757 -2.43081472 1.19479001
v 3.25348757 -2.47086941 1.41428850
v 2.90540025 -8.16027347 0.23808689
v 2.90185682 -9.40374559 -0.12105731
v 3.06057638 -7.86434315 -0.95259195
v 3.05850599 -9.02371129 -1.20989382
v 3.08263545 -9.41042613 -0.38551196
v 3.08892476 -8.13604479 0.13695569
v 3.08538134 -9.37911710 -0.22213631
v 2.81142999 -8.96964742 -1.37060746
v 3.31492452 -7.16527410 0.19645862
v 3.28675481 -7.16525858 -0.83658493
v 3.28640174 -7.86337978 -0.95874989
v 3.31143465 -8.07881744 -7.4441296e-2
v 3.56930252 -7.16418892 0.18952209
v 3.54113281 -7.16417340 -0.84352146
v 3.54077973 -7.86229460 -0.96568642
v 3.56581264 -8.07773227 -8.1377826e-2
v 3.19230677 -7.71873620 -1.78599567
v 3.18663130 -6.98295586 -1.87901940
v 2.93225331 -6.98404104 -1.87208287
v 2.93792878 -7.71982137 -1.77905914
v 3.36122896 -7.39240408 1.08656690
v 3.32181711 -8.41858404 1.06741185
v 3.06743911 -8.41966922 1.07434838
v 3.10685096 -7.39348926 1.09350343
v 3.18991513 -9.38909284 -0.42804524
v 3.44429312 -9.38800766 -0.43498177
v 3.43661079 -9.32189211 -0.70636676
v 3.18223279 -9.32297729 -0.69943023
v 2.97765646 -9.64597104 0.31103818
v 3.23203445 -9.64488586 0.30410165
v 3.24663558 -6.65873215 0.26288432
v 3.21760798 -6.84442602 -0.83067322
v 3.50101357 -6.65764697 0.25594779
v 3.47198597 -6.84334085 -0.83760975
v 3.29172240 -6.87226189 1.11046793
v 3.03734441 -6.87334707 1.11740446
v 2.86852724 -6.69706888 -1.67267669
v 3.12290523 -6.69598371 -1.67961322
vn -0.25457303 -0.33810320 0.90602362
vn -1.7330876e-16 0.72015986 0.69380817
vn 1.6039144e-16 0.72015986 0.69380817
vn -8.2971085e-18 -0.46670891 0.88441099
vn -0.62499207 -0.24284608 0.74189668
vn -0.44071720 0.87607498 0.19560416
vn 1.1455576e-16 0.75913114 0.65093772
vn -9.6659000e-17 -0.18886130 0.98200377
vn -0.72737852 -0.12556244 0.67465144
vn -0.48240436 0.56811508 0.66673179
vn -0.82302284 0.56462332 -6.1918658e-2
vn -0.95695092 -0.12226758 0.26324053
vn -0.94283146 -0.33326991 0.0000000e+0
vn -0.92305853 0.35392940 -0.15065499
vn -1.00000000 0.0000000e+0 0.0000000e+0
vn -0.92305853 0.35392940 -0.15065499
vn -0.57024595 3.6108800e-3 -0.82146608
vn -0.50873410 0.71858296 -0.47416046
vn 7.8740255e-17 0.84189264 -0.53964505
vn 1.6981050e-17 0.25004594 -0.96823397
vn -0.95554730 -3.9023826e-2 -0.29224390
vn -0.93141510 0.29929526 -0.20709483
vn -0.88440207 -0.22268725 0.41017480
vn -0.94283146 -0.33326991 0.0000000e+0
vn -0.88703277 -0.33792068 -0.31461482
vn -0.93588581 -0.27459018 0.22072152
vn -0.91107710 -0.37029852 -0.18115607
vn -0.25585756 0.32520882 -0.91037143
vn -0.87586889 0.13030809 -0.46462188
vn 2.9409472e-19 0.91460479 -0.40434896
vn -1.00000000 0.0000000e+0 0.0000000e+0
vn -0.92091545 -0.14379896 0.36226592
vn -0.41261336 -0.22960484 -0.88149409
vn 2.6259275e-31 -0.29104425 -0.95670959
vn -0.33074323 -0.33879635 -0.88080983
vn 0.0000000e+0 -0.28053212 -0.95984464
vn 0.0000000e+0 -0.90463930 0.42617806
vn -0.42864613 -0.85711039 0.28569963
vn -0.74724262 0.59101082 0.30386622
vn -0.44608982 -0.20362178 0.87151709
vn 0.0000000e+0 -0.79054431 0.61240484
vn 0.0000000e+0 -0.91865783 0.39505415
vn -0.28048806 -0.78350233 0.55448224
vn -0.27000715 -0.41605550 -0.86832826
vn 1.6765346e-31 -0.57806285 -0.81599225
vn -0.74663198 0.59271595 -0.30204054
vn -1.00000000 0.0000000e+0 0.0000000e+0
vn -0.94283146 -0.33326991 0.0000000e+0
vn -0.95368118 0.30081923 0.0000000e+0
vn -1.00000000 0.0000000e+0 0.0000000e+0
vn 6.0403138e-17 0.61738285 -0.78666284
vn -0.77621707 0.56196090 -0.28580937
vn -0.94283146 -0.33326991 0.0000000e+0
vn -0.76547649 0.62452382 -0.15497015
vn 6.4030944e-17 0.97056549 -0.24083737
vn -0.49224378 0.59686541 0.63359904
vn 8.1401298e-17 0.68569170 0.72789209
vn -1.3981719e-17 0.25475973 -0.96700438
vn -0.49454303 0.22142522 -0.84047490
vn -0.35550943 -0.17156526 -0.91879182
vn 0.0000000e+0 0.43378065 0.90101851
vn 4.7213281e-16 0.43378065 0.90101851
vn -0.38599030 -7.7355868e-2 -0.91925381
vn 0.0000000e+0 -0.52695930 -0.84989052
vn 0.0000000e+0 0.47601289 -0.87943830
vn 2.0568104e-16 0.47601289 -0.87943830
vn 0.0000000e+0 0.88933810 0.45725019
vn 0.0000000e+0 0.89098422 -0.45403428
vn -0.64337710 -0.67927168 0.35306642
vn -0.62874960 -0.67874726 -0.37944182
vn -0.25225715 2.3560957e-2 0.96737336
vn 0.0000000e+0 0.30553229 0.95218172
vn 6.6080698e-4 0.30772148 -0.95147625
vn -0.24844441 3.1048723e-2 -0.96814841
vn -0.49007309 0.77521943 0.39857646
vn -0.48938467 0.77699885 -0.39594878
vn -0.49226187 -0.76958862 0.40670827
vn -0.49160817 -0.77137539 -0.40410571
vn -0.72298783 -0.20365570 0.66016131
vn -0.72420999 0.21068881 0.65660500
vn -0.72427752 0.21246285 -0.65595854
vn -0.72287042 -0.20664689 -0.65935985
vn 0.0000000e+0 -0.18102661 -0.98347820
vn 0.28677209 0.90624080 -0.31062740
vn -0.21382076 0.34797428 -0.91279493
vn -0.99513648 -9.0196099e-2 3.9598647e-2
vn -0.90732011 -0.15995966 -0.38882275
vn -0.70096054 0.18290243 -0.68934826
vn 0.0000000e+0 0.31060961 -0.95053757
vn -7.0261083e-18 0.92834239 -0.37172625
vn -0.94423471 0.32727211 3.6246098e-2
vn -0.31924261 -0.37837077 0.86886116
vn -0.31314493 -0.23638363 0.91981685
vn -0.88755395 -4.9511410e-2 0.45803559
vn -0.89598026 -0.17439204 0.40841988
vn 0.0000000e+0 -0.40448549 0.91454442
vn 3.0680607e-18 -0.27694779 0.96088497
vn -6.2060124e-2 0.85187428 -0.52005649
vn -0.37884717 0.46139407 0.80224082
vn -0.71948256 0.62533528 -0.30215995
vn -0.81139468 0.33477515 0.47912866
vn 4.1160899e-17 0.48272032 0.87577457
vn 4.6521672e-17 0.87438197 -0.48523827
vn -0.34221671 5.6991395e-2 -0.93789109
vn -0.93219268 0.22288122 0.28520302
vn -0.28496913 -0.32140030 0.90304731
vn 0.0000000e+0 5.2813158e-2 -0.99860441
vn 0.0000000e+0 -0.34179158 0.93977578
vn -0.88038464 -0.15594968 0.44788680
vn -0.62090816 0.35496860 -0.69890654
vn -0.93632767 -6.7569540e-2 -0.34456472
vn 1.2994209e-31 -0.52603244 -0.85046450
vn -0.46610450 -0.45633344 -0.75796200
vn -0.89399078 -0.30848610 -0.32498740
vn -0.93159980 0.33616478 0.13825718
vn -0.87168097 -0.37128945 0.31986938
vn -0.70360447 0.69577223 0.14436673
vn -0.60458253 -0.52769123 -0.59667574
vn -0.91632491 0.22205636 0.33322611
vn -0.56153430 -0.82541105 -5.8101803e-2
vn 2.9725254e-2 -0.83973400 -0.54218376
vn -0.53136481 -0.74954264 0.39476231
vn -0.85112871 -0.52147200 -6.0389249e-2
vn -0.46852976 -0.88151764 -5.8365313e-2
vn -0.80394826 0.58801370 8.8921765e-2
vn -0.61796535 0.10857487 -0.77867215
vn -0.21899327 -0.87192075 -0.43794538
vn -0.28065014 0.95973226 -1.2226657e-2
vn -0.39355273 0.90932707 0.13505746
vn -0.20263380 0.28924002 0.93556387
vn -0.16310110 0.84133802 0.51531385
vn -0.14689983 -0.71504421 0.68347072
vn -0.56376755 0.25377362 -0.78598034
vn -0.74850204 0.35802233 0.55817982
vn -0.47558483 -0.66188812 -0.57941625
vn -0.70590400 -0.50162143 0.50007548
vn -0.49188201 0.78800323 0.37027423
vn -0.40575424 0.83305273 -0.37601415
vn -0.72752726 0.68503970 -3.7745172e-2
vn -0.63155890 0.40861159 0.65891572
vn -0.70713640 -0.70565462 -4.4829323e-2
vn -0.58837906 -0.65880978 0.46880673
vn -0.71144555 -0.65605250 0.25187368
vn -0.72161984 0.68359795 -0.10935564
vn 0.70463573 0.65221707 -0.27946626
vn 0.71950788 -0.68658493 0.10444877
vn -0.70672919 -0.65246716 0.27353327
vn -0.65629402 0.43370666 -0.61739509
vn 0.65629402 0.43370666 -0.61739509
vn 0.52140535 -0.69824414 -0.49050136
vn -0.52140535 -0.69824414 -0.49050136
vn -0.47604328 -0.87806780 -4.8782493e-2
vn -0.36229772 -0.83953021 0.40488195
vn -0.36275576 -0.78547195 -0.50143999
vn -0.23952426 -0.34771847 -0.90648773
vn -0.23145809 0.79931998 -0.55454010
vn -0.75971212 -0.53442228 0.37044611
vn -0.72570671 0.21726057 0.65279983
vn -0.76206338 0.53602660 -0.36322841
vn -0.77283743 -0.23424002 -0.58979142
vn -0.83206970 -0.53271755 -0.15450574
vn -0.82584723 0.53024733 0.19187008
vn -0.16957636 0.93368125 0.31540956
vn -0.19226845 -0.93478638 -0.29867584
vn -0.68398004 0.71859520 0.12566719
vn -0.90543885 -0.37406398 0.20064054
vn -0.30891319 0.16117069 -0.93733486
vn 0.0000000e+0 0.16338322 -0.98656268
vn 0.0000000e+0 -0.95011009 -0.31191476
vn 0.0000000e+0 0.94819762 0.31768108
vn 0.0000000e+0 -0.35705891 -0.93408187
vn 0.0000000e+0 0.81789018 -0.57537436
vn 0.0000000e+0 -0.81794350 -0.57529855
vn 1.2093451e-18 -0.87456532 0.48490773
vn 0.0000000e+0 -0.99908096 -4.2862918e-2
vn 0.0000000e+0 -0.70710678 0.70710678
vn 0.0000000e+0 0.83576128 0.54909296
vn 0.0000000e+0 0.26422425 0.96446127
vn 0.0000000e+0 0.99708692 7.6273646e-2
vn 0.0000000e+0 0.95137747 0.30802744
vn 0.0000000e+0 -0.96832371 -0.24969819
vn 0.0000000e+0 0.99685386 7.9261483e-2
vn 0.0000000e+0 -0.99781558 -6.6061045e-2
vn 0.0000000e+0 -0.99335489 -0.11509153
vn 0.0000000e+0 -0.91868062 0.39500116
vn 0.0000000e+0 -0.27966644 -0.96009723
vn -3.1979955e-20 -0.78350491 -0.62138559
vn 0.0000000e+0 0.10279583 0.99470248
vn 0.0000000e+0 0.84479390 -0.53509182
vn -7.7432521e-2 -0.22935621 0.97025766
vn 0.0000000e+0 -0.23130498 0.97288129
vn -9.5725946e-20 -4.6174480e-2 0.99893339
vn -8.3123368e-2 -4.6960365e-2 0.99543218
vn -8.9500990e-2 -0.85116286 0.51721500
vn 0.0000000e+0 -0.85256790 0.52261647
vn -0.64214745 9.7655625e-2 -0.76033547
vn -0.75154300 -0.21559009 0.62346133
vn -0.52124312 -0.53699631 -0.66328016
vn -0.58823676 -0.73304114 0.34150873
vn -0.72908282 0.13275931 0.67142625
vn -0.62471135 0.23665200 -0.74413141
vn 1.0713531e-3 0.74242277 -0.66993080
vn -0.10849378 0.66619400 0.73784460
vn -0.50713872 0.75709897 -0.41183913
vn -0.54235388 0.64254336 0.54128578
vn -1.1929408e-19 0.67370229 0.73900286
vn 1.5647199e-19 0.73900286 -0.67370228
vn -0.26044936 -0.27186045 0.92642216
vn 0.0000000e+0 -0.28195353 0.95942806
vn -0.29031771 -0.54887340 0.78387092
vn 0.0000000e+0 -0.53977554 0.84180898
vn -0.59634731 -0.14159882 -0.79013901
vn -0.77572611 -0.29221812 -0.55933673
vn -0.90401861 -0.42747767 -3.6323716e-3
vn -0.86983822 -0.14002785 0.47304723
vn -0.79753199 -0.37279010 0.47431030
vn -0.30569211 -5.6866435e-2 -0.95043072
vn 0.0000000e+0 2.2495554e-2 -0.99974694
vn 0.96950959 0.16504254 0.18114113
vn 0.96650236 0.23558357 -0.10185075
vn 0.58798528 -0.55858919 -0.58502259
vn 0.94228706 -0.31096343 0.12408403
vn -0.99348289 5.7259814e-2 9.8554838e-2
vn -0.97590616 0.12197690 -0.18091104
vn -0.82346571 -0.34666906 -0.44913783
vn -0.99427958 -7.2748348e-2 7.8203524e-2
vn -0.43642226 -0.52829364 -0.72831411
vn -0.57272667 0.23886427 -0.78417346
vn 0.84893422 5.9889045e-2 -0.52509428
vn 0.57103051 -0.66508648 -0.48123189
vn -0.63028032 -2.3027676e-3 0.77636423
vn -0.64679129 -0.24655035 0.72171597
vn 0.78400772 -0.13902889 0.60498171
vn 0.77327149 -4.7847755e-2 0.63226719
vn 0.73574437 -0.62462175 -0.26177834
vn -0.66498411 -0.73240718 -0.14620484
vn -0.48100463 -0.60874641 -0.63092183
vn 0.54272024 -0.56446266 -0.62196194
vn 0.57396635 -0.79342427 0.20258469
vn -0.48625244 -0.80303477 0.34451954
vn 0.75650822 0.65180104 -5.3392127e-2
vn 0.77664588 0.61490567 0.13679250
vn -0.65322293 0.75076341 9.8255285e-2
vn -0.60917732 0.78605204 -0.10500088
vn -0.47796120 0.49879042 0.72302228
vn 0.58700044 0.51773413 0.62240008
vn 0.58182909 0.78142734 -0.22549108
vn -0.39277312 0.81963741 -0.41704172
vn 0.25457303 -0.33810320 0.90602362
vn 2.7981327e-16 0.72015986 0.69380817
vn 0.62499207 -0.24284608 0.74189668
vn 0.44071720 0.87607498 0.19560416
vn 0.72737852 -0.12556244 0.67465144
vn 0.48240436 0.56811508 0.66673179
vn 0.82302284 0.56462332 -6.1918658e-2
vn 0.95695092 -0.12226758 0.26324053
vn 0.94283146 -0.33326991 0.0000000e+0
vn 0.92305853 0.35392940 -0.15065499
vn 1.00000000 0.0000000e+0 0.0000000e+0
vn 0.92305853 0.35392940 -0.15065499
vn 0.57024595 3.6108800e-3 -0.82146608
vn 0.50873410 0.71858296 -0.47416046
vn 0.95554730 -3.9023826e-2 -0.29224390
vn 0.93141510 0.29929526 -0.20709483
vn 0.88440207 -0.22268725 0.41017480
vn 0.94283146 -0.33326991 0.0000000e+0
vn 0.88703277 -0.33792068 -0.31461482
vn 0.93588581 -0.27459018 0.22072152
vn 0.91107710 -0.37029852 -0.18115607
vn 0.25585756 0.32520882 -0.91037143
vn 0.87586889 0.13030809 -0.46462188
vn 1.00000000 0.0000000e+0 0.0000000e+0
vn 0.92091545 -0.14379896 0.36226592
vn 0.41261336 -0.22960484 -0.88149409
vn 0.33074323 -0.33879635 -0.88080983
vn 0.42864613 -0.85711039 0.28569963
vn 0.74724262 0.59101082 0.30386622
vn 0.44608982 -0.20362178 0.87151709
vn 0.28048806 -0.78350233 0.55448224
vn 0.27000715 -0.41605550 -0.86832826
vn 0.74663198 0.59271595 -0.30204054
vn 1.00000000 0.0000000e+0 0.0000000e+0
vn 0.94283146 -0.33326991 0.0000000e+0
vn 0.95368118 0.30081923 0.0000000e+0
vn 1.00000000 0.0000000e+0 0.0000000e+0
vn 0.77621707 0.56196090 -0.28580937
vn 0.94283146 -0.33326991 0.0000000e+0
vn 0.76547649 0.62452382 -0.15497015
vn 0.49224378 0.59686541 0.63359904
vn 0.49454303 0.22142522 -0.84047490
vn 0.35550943 -0.17156526 -0.91879182
vn -4.7213281e-16 0.43378065 0.90101851
vn 0.38599030 -7.7355868e-2 -0.91925381
vn -2.0568104e-16 0.47601289 -0.87943830
vn 0.0000000e+0 0.88933810 0.45725019
vn 0.0000000e+0 0.89098422 -0.45403428
vn 0.64337710 -0.67927168 0.35306642
vn 0.62874960 -0.67874726 -0.37944182
vn 0.25225715 2.3560957e-2 0.96737336
vn 0.0000000e+0 0.30553229 0.95218172
vn -6.6080698e-4 0.30772148 -0.95147625
vn 0.24844441 3.1048723e-2 -0.96814841
vn 0.49007309 0.77521943 0.39857646
vn 0.48938467 0.77699885 -0.39594878
vn 0.49226187 -0.76958862 0.40670827
vn 0.49160817 -0.77137539 -0.40410571
vn 0.72298783 -0.20365570 0.66016131
vn 0.72420999 0.21068881 0.65660500
vn 0.72427752 0.21246285 -0.65595854
vn 0.72287042 -0.20664689 -0.65935985
vn -0.28677209 0.90624080 -0.31062740
vn 0.21382076 0.34797428 -0.91279493
vn 0.99513648 -9.0196099e-2 3.9598647e-2
vn 0.90732011 -0.15995966 -0.38882275
vn 0.70096054 0.18290243 -0.68934826
vn 0.94423471 0.32727211 3.6246098e-2
vn 0.31924261 -0.37837077 0.86886116
vn 0.31314493 -0.23638363 0.91981685
vn 0.88755395 -4.9511410e-2 0.45803559
vn 0.89598026 -0.17439204 0.40841988
vn 6.2060124e-2 0.85187428 -0.52005649
vn 0.37884717 0.46139407 0.80224082
vn 0.71948256 0.62533528 -0.30215995
vn 0.81139468 0.33477515 0.47912866
vn 0.34221671 5.6991395e-2 -0.93789109
vn 0.93219268 0.22288122 0.28520302
vn 0.28496913 -0.32140030 0.90304731
vn 0.88038464 -0.15594968 0.44788680
vn 0.62090816 0.35496860 -0.69890654
vn 0.93632767 -6.7569540e-2 -0.34456472
vn 0.46610450 -0.45633344 -0.75796200
vn 0.89399078 -0.30848610 -0.32498740
vn 0.93159980 0.33616478 0.13825718
vn 0.87168097 -0.37128945 0.31986938
vn 0.70360447 0.69577223 0.14436673
vn 0.60458253 -0.52769123 -0.59667574
vn 0.91632491 0.22205636 0.33322611
vn 0.56153430 -0.82541105 -5.8101803e-2
vn -2.9725254e-2 -0.83973400 -0.54218376
vn 0.53136481 -0.74954264 0.39476231
vn 0.85112871 -0.52147200 -6.0389249e-2
vn 0.46852976 -0.88151764 -5.8365313e-2
vn 0.80394826 0.58801370 8.8921765e-2
vn 0.61796535 0.10857487 -0.77867215
vn 0.21899327 -0.87192075 -0.43794538
vn 0.28065014 0.95973226 -1.2226657e-2
vn 0.39355273 0.90932707 0.13505746
vn 0.20263380 0.28924002 0.93556387
vn 0.16310110 0.84133802 0.51531385
vn 0.14689983 -0.71504421 0.68347072
vn 0.56376755 0.25377362 -0.78598034
vn 0.74850204 0.35802233 0.55817982
vn 0.47558483 -0.66188812 -0.57941625
vn 0.70590400 -0.50162143 0.50007548
vn 0.49188201 0.78800323 0.37027423
vn 0.40575424 0.83305273 -0.37601415
vn 0.72752726 0.68503970 -3.7745172e-2
vn 0.63155890 0.40861159 0.65891572
vn 0.70713640 -0.70565462 -4.4829323e-2
vn 0.58837906 -0.65880978 0.46880673
vn 0.71144555 -0.65605250 0.25187368
vn 0.72161984 0.68359795 -0.10935564
vn -0.70463573 0.65221707 -0.27946626
vn -0.71950788 -0.68658493 0.10444877
vn 0.70672919 -0.65246716 0.27353327
vn 0.65629402 0.43370666 -0.61739509
vn -0.65629402 0.43370666 -0.61739509
vn -0.52140535 -0.69824414 -0.49050136
vn 0.52140535 -0.69824414 -0.49050136
vn 0.47604328 -0.87806780 -4.8782493e-2
vn 0.36229772 -0.83953021 0.40488195
vn 0.36275576 -0.78547195 -0.50143999
vn 0.23952426 -0.34771847 -0.90648773
vn 0.23145809 0.79931998 -0.55454010
vn 0.75971212 -0.53442228 0.37044611
vn 0.72570671 0.21726057 0.65279983
vn 0.76206338 0.53602660 -0.36322841
vn 0.77283743 -0.23424002 -0.58979142
vn 0.83206970 -0.53271755 -0.15450574
vn 0.82584723 0.53024733 0.19187008
vn 0.16957636 0.93368125 0.31540956
vn 0.19226845 -0.93478638 -0.29867584
vn 0.68398004 0.71859520 0.12566719
vn 0.90543885 -0.37406398 0.20064054
vn 0.30891319 0.16117069 -0.93733486
vn 7.7432521e-2 -0.22935621 0.97025766
vn 8.3123368e-2 -4.6960365e-2 0.99543218
vn 8.9500990e-2 -0.85116286 0.51721500
vn 0.64214745 9.7655625e-2 -0.76033547
vn 0.75154300 -0.21559009 0.62346133
vn 0.52124312 -0.53699631 -0.66328016
vn 0.58823676 -0.73304114 0.34150873
vn 0.72908282 0.13275931 0.67142625
vn 0.62471135 0.23665200 -0.74413141
vn -1.0713531e-3 0.74242277 -0.66993080
vn 0.10849378 0.66619400 0.73784460
vn 0.50713872 0.75709897 -0.41183913
vn 0.54235388 0.64254336 0.54128578
vn 0.26044936 -0.27186045 0.92642216
vn 0.29031771 -0.54887340 0.78387092
vn 0.59634731 -0.14159882 -0.79013901
vn 0.77572611 -0.29221812 -0.55933673
vn 0.90401861 -0.42747767 -3.6323716e-3
vn 0.86983822 -0.14002785 0.47304723
vn 0.79753199 -0.37279010 0.47431030
vn 0.30569211 -5.6866435e-2 -0.95043072
vn -0.96950959 0.16504254 0.18114113
vn -0.96650236 0.23558357 -0.10185075
vn -0.58798528 -0.55858919 -0.58502259
vn -0.94228706 -0.31096343 0.12408403
vn 0.99348289 5.7259814e-2 9.8554838e-2
vn 0.97590616 0.12197690 -0.18091104
vn 0.82346571 -0.34666906 -0.44913783
vn 0.99427958 -7.2748348e-2 7.8203524e-2
vn 0.43642226 -0.52829364 -0.72831411
vn 0.57272667 0.23886427 -0.78417346
vn -0.84893422 5.9889045e-2 -0.52509428
vn -0.57103051 -0.66508648 -0.48123189
vn 0.63028032 -2.3027676e-3 0.77636423
vn 0.64679129 -0.24655035 0.72171597
vn -0.78400772 -0.13902889 0.60498171
vn -0.77327149 -4.7847755e-2 0.63226719
vn -0.73574437 -0.62462175 -0.26177834
vn 0.66498411 -0.73240718 -0.14620484
vn 0.48100463 -0.60874641 -0.63092183
vn -0.54272024 -0.56446266 -0.62196194
vn -0.57396635 -0.79342427 0.20258469
vn 0.48625244 -0.80303477 0.34451954
vn -0.75650822 0.65180104 -5.3392127e-2
vn -0.77664588 0.61490567 0.13679250
vn 0.65322293 0.75076341 9.8255285e-2
vn 0.60917732 0.78605204 -0.10500088
vn 0.47796120 0.49879042 0.72302228
vn -0.58700044 0.51773413 0.62240008
vn -0.58182909 0.78142734 -0.22549108
vn 0.39277312 0.81963741 -0.41704172
g leg_l_copy14_default2
usemtl default2
s 1
f 437//437 440//440 439//439 438//438
f 437//437 441//441 444//444 440//440
f 437//437 445//445 448//448 441//441
f 438//438 446//446 445//445 437//437
f 439//439 443//443 442//442 438//438
f 439//439 686//686 688//688 443//443
f 440//440 685//685 686//686 439//439
f 441//441 448//448 462//462 459//459
f 441//441 464//464 466//466 444//444
f 442//442 447//447 446//446 438//438
f 442//442 450//450 452//452 447//447
f 442//442 492//492 490//490 450//450
f 443//443 493//493 492//492 442//442
f 443//443 688//688 725//725 493//493
f 444//444 687//687 685//685 440//440
f 446//446 447//447 448//448 445//445
f 447//447 452//452 451//451 448//448
f 449//449 460//460 484//484 489//489
f 450//450 488//488 485//485 452//452
f 450//450 490//490 495//495 488//488
f 451//451 460//460 462//462 448//448
f 451//451 486//486 484//484 460//460
f 452//452 485//485 486//486 451//451
f 453//453 457//457 458//458 454//454
f 453//453 461//461 463//463 457//457
f 453//453 471//471 549//549 461//461
f 454//454 455//455 456//456 453//453
f 454//454 458//458 485//485 488//488
f 455//455 698//698 697//697 456//456
f 456//456 472//472 471//471 453//453
f 456//456 697//697 711//711 472//472
f 457//457 486//486 485//485 458//458
f 459//459 462//462 460//460 449//449
f 459//459 465//465 464//464 441//441
f 461//461 547//547 483//483 489//489
f 463//463 461//461 489//489 484//484
f 463//463 484//484 486//486 457//457
f 464//464 637//637 640//640 638//638
f 464//464 638//638 643//643 466//466
f 465//465 632//632 637//637 464//464
f 466//466 706//706 687//687 444//444
f 467//467 468//468 459//459 449//449
f 467//467 483//483 482//482 475//475
f 468//468 474//474 465//465 459//459
f 469//469 480//480 499//499 547//547
f 469//469 549//549 548//548 470//470
f 470//470 481//481 480//480 469//469
f 470//470 710//710 716//716 481//481
f 471//471 472//472 548//548 549//549
f 472//472 711//711 767//767 548//548
f 473//473 631//631 630//630 474//474
f 473//473 712//712 824//824 631//631
f 474//474 479//479 478//478 473//473
f 474//474 634//634 632//632 465//465
f 475//475 476//476 468//468 467//467
f 475//475 482//482 504//504 503//503
f 476//476 479//479 474//474 468//468
f 476//476 498//498 497//497 477//477
f 476//476 508//508 507//507 498//498
f 477//477 478//478 479//479 476//476
f 477//477 714//714 715//715 478//478
f 478//478 715//715 712//712 473//473
f 481//481 500//500 499//499 480//480
f 481//481 716//716 729//729 500//500
f 482//482 499//499 509//509 504//504
f 483//483 547//547 499//499 482//482
f 487//487 722//722 698//698 455//455
f 488//488 487//487 455//455 454//454
f 488//488 495//495 494//494 487//487
f 489//489 483//483 467//467 449//449
f 490//490 492//492 493//493 491//491
f 491//491 494//494 495//495 490//490
f 491//491 724//724 726//726 494//494
f 493//493 725//725 724//724 491//491
f 494//494 726//726 722//722 487//487
f 496//496 519//519 543//543 540//540
f 496//496 523//523 524//524 521//521
f 497//497 728//728 714//714 477//477
f 498//498 520//520 526//526 497//497
f 500//500 501//501 502//502 499//499
f 500//500 729//729 730//730 501//501
f 501//501 525//525 521//521 502//502
f 501//501 730//730 748//748 525//525
f 502//502 510//510 509//509 499//499
f 502//502 521//521 524//524 510//510
f 503//503 504//504 512//512 511//511
f 503//503 508//508 476//476 475//475
f 504//504 509//509 517//517 512//512
f 505//505 506//506 523//523 522//522
f 505//505 513//513 514//514 506//506
f 506//506 510//510 524//524 523//523
f 506//506 514//514 518//518 510//510
f 507//507 515//515 513//513 505//505
f 507//507 527//527 520//520 498//498
f 508//508 516//516 515//515 507//507
f 510//510 518//518 517//517 509//509
f 511//511 512//512 517//517 516//516
f 511//511 516//516 508//508 503//503
f 515//515 518//518 514//514 513//513
f 516//516 517//517 518//518 515//515
f 519//519 727//727 761//761 543//543
f 520//520 534//534 539//539 526//526
f 521//521 525//525 519//519 496//496
f 522//522 527//527 507//507 505//505
f 522//522 531//531 530//530 527//527
f 522//522 541//541 545//545 531//531
f 523//523 546//546 541//541 522//522
f 525//525 748//748 727//727 519//519
f 526//526 747//747 728//728 497//497
f 527//527 536//536 534//534 520//520
f 528//528 532//532 533//533 529//529
f 528//528 542//542 544//544 532//532
f 529//529 530//530 531//531 528//528
f 529//529 533//533 538//538 535//535
f 530//530 537//537 536//536 527//527
f 531//531 545//545 542//542 528//528
f 532//532 753//753 754//754 533//533
f 533//533 754//754 758//758 538//538
f 534//534 536//536 537//537 535//535
f 535//535 537//537 530//530 529//529
f 535//535 538//538 539//539 534//534
f 538//538 758//758 757//757 539//539
f 539//539 757//757 747//747 526//526
f 540//540 546//546 523//523 496//496
f 540//540 603//603 648//648 546//546
f 541//541 602//602 651//651 545//545
f 541//541 655//655 658//658 602//602
f 542//542 644//644 645//645 544//544
f 543//543 604//604 603//603 540//540
f 543//543 761//761 821//821 604//604
f 544//544 763//763 753//753 532//532
f 545//545 651//651 644//644 542//542
f 546//546 656//656 655//655 541//541
f 547//547 461//461 549//549 469//469
f 548//548 767//767 710//710 470//470
f 550//550 601//601 555//555 552//552
f 550//550 649//649 653//653 551//551
f 551//551 554//554 601//601 550//550
f 551//551 594//594 593//593 554//554
f 551//551 653//653 654//654 625//625
f 552//552 650//650 649//649 550//550
f 553//553 577//577 578//578 576//576
f 554//554 581//581 580//580 575//575
f 554//554 593//593 597//597 600//600
f 554//554 600//600 605//605 623//623
f 555//555 558//558 560//560 559//559
f 555//555 559//559 561//561 552//552
f 555//555 576//576 578//578 558//558
f 556//556 558//558 578//578 577//577
f 556//556 588//588 589//589 558//558
f 557//557 582//582 581//581 554//554
f 557//557 590//590 588//588 556//556
f 558//558 621//621 619//619 560//560
f 559//559 563//563 562//562 561//561
f 560//560 619//619 620//620 559//559
f 561//561 618//618 624//624 552//552
f 562//562 564//564 565//565 561//561
f 563//563 559//559 620//620 617//617
f 563//563 571//571 569//569 562//562
f 564//564 567//567 613//613 616//616
f 564//564 574//574 573//573 567//567
f 565//565 615//615 618//618 561//561
f 566//566 570//570 572//572 568//568
f 566//566 614//614 613//613 567//567
f 567//567 573//573 570//570 566//566
f 568//568 572//572 571//571 563//563
f 568//568 612//612 614//614 566//566
f 569//569 571//571 572//572 570//570
f 569//569 574//574 564//564 562//562
f 570//570 573//573 574//574 569//569
f 575//575 553//553 601//601 554//554
f 575//575 579//579 577//577 553//553
f 575//575 580//580 583//583 579//579
f 576//576 555//555 601//601 553//553
f 577//577 579//579 557//557 556//556
f 579//579 583//583 582//582 557//557
f 580//580 584//584 587//587 583//583
f 581//581 585//585 584//584 580//580
f 582//582 586//586 585//585 581//581
f 583//583 587//587 586//586 582//582
f 585//585 586//586 587//587 584//584
f 588//588 590//590 609//609 611//611
f 589//589 610//610 621//621 558//558
f 591//591 596//596 595//595 592//592
f 591//591 600//600 597//597 596//596
f 591//591 607//607 605//605 600//600
f 592//592 599//599 606//606 608//608
f 592//592 608//608 607//607 591//591
f 594//594 598//598 597//597 593//593
f 595//595 596//596 597//597 598//598
f 598//598 599//599 592//592 595//595
f 599//599 598//598 594//594 551//551
f 602//602 648//648 649//649 650//650
f 602//602 658//658 657//657 648//648
f 603//603 604//604 654//654 653//653
f 604//604 821//821 842//842 654//654
f 605//605 818//818 772//772 623//623
f 606//606 817//817 810//810 608//608
f 607//607 809//809 818//818 605//605
f 608//608 810//810 809//809 607//607
f 609//609 808//808 806//806 611//611
f 610//610 807//807 776//776 621//621
f 611//611 610//610 589//589 588//588
f 611//611 806//806 807//807 610//610
f 612//612 786//786 784//784 614//614
f 613//613 785//785 782//782 616//616
f 614//614 784//784 785//785 613//613
f 615//615 783//783 779//779 618//618
f 616//616 615//615 565//565 564//564
f 616//616 782//782 783//783 615//615
f 617//617 612//612 568//568 563//563
f 617//617 781//781 786//786 612//612
f 618//618 779//779 770//770 624//624
f 619//619 778//778 777//777 620//620
f 620//620 777//777 781//781 617//617
f 621//621 776//776 778//778 619//619
f 622//622 609//609 590//590 557//557
f 622//622 775//775 808//808 609//609
f 623//623 622//622 557//557 554//554
f 623//623 772//772 775//775 622//622
f 624//624 647//647 646//646 552//552
f 624//624 770//770 836//836 647//647
f 625//625 606//606 599//599 551//551
f 625//625 769//769 817//817 606//606
f 626//626 629//629 636//636 633//633
f 626//626 630//630 631//631 627//627
f 627//627 628//628 629//629 626//626
f 627//627 822//822 823//823 628//628
f 628//628 642//642 639//639 629//629
f 628//628 823//823 832//832 642//642
f 629//629 639//639 641//641 636//636
f 630//630 635//635 634//634 474//474
f 631//631 824//824 822//822 627//627
f 632//632 634//634 635//635 633//633
f 633//633 635//635 630//630 626//626
f 633//633 636//636 637//637 632//632
f 636//636 641//641 640//640 637//637
f 638//638 640//640 641//641 639//639
f 639//639 642//642 643//643 638//638
f 642//642 832//832 831//831 643//643
f 643//643 831//831 706//706 466//466
f 644//644 646//646 647//647 645//645
f 645//645 835//835 763//763 544//544
f 646//646 652//652 650//650 552//552
f 647//647 836//836 835//835 645//645
f 648//648 657//657 656//656 546//546
f 650//650 652//652 651//651 602//602
f 651//651 652//652 646//646 644//644
f 653//653 649//649 648//648 603//603
f 654//654 842//842 769//769 625//625
f 655//655 670//670 669//669 658//658
f 656//656 665//665 683//683 678//678
f 656//656 678//678 677//677 655//655
f 657//657 666//666 665//665 656//656
f 657//657 674//674 673//673 661//661
f 658//658 669//669 675//675 671//671
f 658//658 671//671 674//674 657//657
f 659//659 679//679 680//680 660//660
f 660//660 661//661 662//662 659//659
f 660//660 664//664 663//663 661//661
f 660//660 680//680 684//684 664//664
f 661//661 663//663 666//666 657//657
f 661//661 673//673 672//672 662//662
f 662//662 668//668 667//667 659//659
f 662//662 672//672 676//676 668//668
f 664//664 665//665 666//666 663//663
f 664//664 684//684 683//683 665//665
f 667//667 681//681 679//679 659//659
f 668//668 669//669 670//670 667//667
f 668//668 676//676 675//675 669//669
f 670//670 682//682 681//681 667//667
f 671//671 675//675 676//676 672//672
f 672//672 673//673 674//674 671//671
f 677//677 678//678 680//680 679//679
f 677//677 682//682 670//670 655//655
f 678//678 683//683 684//684 680//680
f 679//679 681//681 682//682 677//677
f 685//685 689//689 690//690 686//686
f 686//686 690//690 691//691 688//688
f 687//687 692//692 689//689 685//685
f 687//687 706//706 707//707 701//701
f 689//689 692//692 691//691 690//690
f 691//691 696//696 694//694 688//688
f 692//692 695//695 696//696 691//691
f 692//692 704//704 702//702 695//695
f 693//693 701//701 709//709 708//708
f 693//693 702//702 704//704 701//701
f 693//693 708//708 718//718 723//723
f 694//694 724//724 725//725 688//688
f 695//695 721//721 720//720 696//696
f 696//696 720//720 722//722 694//694
f 698//698 700//700 699//699 697//697
f 699//699 705//705 703//703 697//697
f 699//699 721//721 719//719 705//705
f 700//700 720//720 721//721 699//699
f 701//701 704//704 692//692 687//687
f 701//701 707//707 712//712 709//709
f 702//702 719//719 721//721 695//695
f 703//703 767//767 711//711 697//697
f 706//706 830//830 825//825 707//707
f 707//707 825//825 827//827 712//712
f 708//708 709//709 714//714 713//713
f 709//709 712//712 715//715 714//714
f 710//710 767//767 703//703 766//766
f 712//712 827//827 828//828 824//824
f 713//713 714//714 736//736 731//731
f 713//713 717//717 718//718 708//708
f 717//717 729//729 766//766 718//718
f 719//719 723//723 703//703 705//705
f 722//722 720//720 700//700 698//698
f 722//722 726//726 724//724 694//694
f 723//723 718//718 766//766 703//703
f 723//723 719//719 702//702 693//693
f 727//727 750//750 765//765 761//761
f 728//728 735//735 736//736 714//714
f 728//728 747//747 752//752 735//735
f 729//729 737//737 738//738 730//730
f 731//731 732//732 717//717 713//713
f 731//731 736//736 744//744 739//739
f 732//732 737//737 729//729 717//717
f 733//733 735//735 752//752 749//749
f 733//733 741//741 743//743 735//735
f 734//734 742//742 741//741 733//733
f 735//735 743//743 744//744 736//736
f 737//737 745//745 746//746 738//738
f 738//738 746//746 742//742 734//734
f 738//738 751//751 748//748 730//730
f 739//739 740//740 732//732 731//731
f 740//740 745//745 737//737 732//732
f 741//741 742//742 746//746 743//743
f 743//743 746//746 745//745 744//744
f 744//744 745//745 740//740 739//739
f 747//747 757//757 759//759 752//752
f 748//748 751//751 750//750 727//727
f 749//749 750//750 734//734 733//733
f 749//749 762//762 765//765 750//750
f 750//750 751//751 738//738 734//734
f 752//752 755//755 756//756 749//749
f 752//752 759//759 760//760 755//755
f 753//753 756//756 755//755 754//754
f 753//753 763//763 764//764 756//756
f 754//754 755//755 760//760 758//758
f 756//756 764//764 762//762 749//749
f 758//758 760//760 759//759 757//757
f 762//762 843//843 844//844 765//765
f 763//763 835//835 840//840 764//764
f 764//764 840//840 820//820 762//762
f 765//765 837//837 821//821 761//761
f 765//765 844//844 845//845 837//837
f 766//766 729//729 716//716 710//710
f 768//768 819//819 772//772 769//769
f 768//768 838//838 839//839 770//770
f 769//769 812//812 816//816 817//817
f 769//769 842//842 838//838 768//768
f 770//770 773//773 819//819 768//768
f 770//770 779//779 777//777 773//773
f 770//770 839//839 841//841 836//836
f 771//771 795//795 797//797 793//793
f 771//771 819//819 773//773 794//794
f 772//772 799//799 800//800 775//775
f 772//772 811//811 812//812 769//769
f 772//772 819//819 771//771 793//793
f 774//774 775//775 797//797 795//795
f 774//774 806//806 808//808 775//775
f 775//775 800//800 801//801 797//797
f 776//776 796//796 794//794 773//773
f 776//776 807//807 806//806 774//774
f 777//777 778//778 776//776 773//773
f 779//779 780//780 781//781 777//777
f 779//779 783//783 782//782 780//780
f 780//780 782//782 792//792 787//787
f 780//780 787//787 789//789 781//781
f 781//781 789//789 790//790 786//786
f 784//784 788//788 791//791 785//785
f 785//785 791//791 792//792 782//782
f 786//786 790//790 788//788 784//784
f 787//787 792//792 791//791 788//788
f 788//788 790//790 789//789 787//787
f 793//793 798//798 799//799 772//772
f 794//794 796//796 795//795 771//771
f 795//795 796//796 776//776 774//774
f 797//797 801//801 798//798 793//793
f 798//798 802//802 803//803 799//799
f 799//799 803//803 804//804 800//800
f 800//800 804//804 805//805 801//801
f 801//801 805//805 802//802 798//798
f 802//802 805//805 804//804 803//803
f 810//810 813//813 814//814 809//809
f 811//811 815//815 816//816 812//812
f 813//813 810//810 817//817 816//816
f 814//814 815//815 818//818 809//809
f 816//816 815//815 814//814 813//813
f 818//818 815//815 811//811 772//772
f 820//820 840//840 841//841 839//839
f 820//820 846//846 843//843 762//762
f 821//821 837//837 838//838 842//842
f 822//822 824//824 828//828 826//826
f 825//825 830//830 829//829 826//826
f 826//826 828//828 827//827 825//825
f 826//826 829//829 823//823 822//822
f 829//829 834//834 832//832 823//823
f 830//830 833//833 834//834 829//829
f 831//831 833//833 830//830 706//706
f 832//832 834//834 833//833 831//831
f 835//835 836//836 841//841 840//840
f 837//837 845//845 846//846 820//820
f 839//839 838//838 837//837 820//820
f 843//843 858//858 870//870 865//865
f 843//843 865//865 866//866 844//844
f 844//844 853//853 854//854 845//845
f 845//845 854//854 851//851 849//849
f 845//845 862//862 859//859 846//846
f 846//846 857//857 858//858 843//843
f 847//847 850//850 849//849 848//848
f 847//847 855//855 856//856 850//850
f 847//847 867//867 869//869 855//855
f 848//848 868//868 867//867 847//847
f 849//849 851//851 852//852 848//848
f 849//849 861//861 862//862 845//845
f 850//850 860//860 861//861 849//849
f 851//851 854//854 853//853 852//852
f 852//852 872//872 868//868 848//848
f 853//853 871//871 872//872 852//852
f 855//855 858//858 857//857 856//856
f 855//855 869//869 870//870 858//858
f 856//856 864//864 860//860 850//850
f 857//857 863//863 864//864 856//856
f 859//859 862//862 861//861 860//860
f 859//859 863//863 857//857 846//846
f 860//860 864//864 863//863 859//859
f 865//865 870//870 869//869 867//867
f 866//866 871//871 853//853 844//844
f 867//867 868//868 866//866 865//865
f 868//868 872//872 871//871 866//866
o arm_r_copy13
#154 vertices, 152 faces
v 4.43616482 5.73848671 -0.16411964
v 4.43359753 5.73848671 -1.21479321
v 4.43359753 4.43197362 -1.21479321
v 4.43616482 4.43197362 -0.16411964
v 5.09002103 4.43197362 -0.16571731
v 5.09002103 5.73848671 -0.16571731
v 5.08745375 5.73848671 -1.21639088
v 5.08745375 4.43197362 -1.21639088
v 5.09008366 2.87219711 -0.14008653
v 5.08702997 3.26469470 -1.38982368
v 4.43317376 3.26469470 -1.38822601
v 4.43622745 2.87219711 -0.13848885
v 5.52850604 4.43197362 -0.16678874
v 5.25126094 5.73848671 -0.16611130
v 5.24869366 5.73848671 -1.21678487
v 5.52593875 4.43197362 -1.21746231
v 5.68883554 3.69071479 1.07395916
v 5.10592177 6.43603425 0.93188307
v 5.10170741 6.34421941 -2.24391818
v 5.66552113 3.71223655 -2.24819811
v 4.54038683 7.68080317 0.37954452
v 4.55422581 7.58918972 -1.91298508
v 5.85842233 -1.39113801 -1.10235657
v 5.85234177 -1.34243628 0.63866372
v 5.08935293 1.59290829 -0.43914163
v 5.08629924 1.98540588 -1.68887878
v 4.43244302 1.98540588 -1.68728111
v 4.43549671 1.59290829 -0.43754395
v 4.43015006 2.48135011 -2.62568690
v 5.08400628 2.48135011 -2.62728457
v 5.08403174 3.34430542 -2.61686189
v 4.43017553 3.34430542 -2.61526422
v 5.10518076 -0.24025292 6.03847171
v 4.45132454 -0.24025292 6.04006939
v 4.45192960 0.54820564 6.28769445
v 5.10578582 0.54820564 6.28609677
v 5.00942427 1.26640985 -0.68199258
v 5.00699557 1.57857642 -1.67595073
v 4.48992347 1.57857642 -1.67468728
v 4.49235217 1.26640985 -0.68072913
v 5.09949256 1.35709194 3.71055160
v 4.44563635 1.35709194 3.71214928
v 4.44503128 0.56863338 3.46452422
v 5.09888750 0.56863338 3.46292654
v 5.09560433 1.85685460 2.11927567
v 4.44174812 1.85685460 2.12087334
v 4.44114306 1.06839604 1.87324828
v 5.09499927 1.06839604 1.87165061
v 4.93993126 0.75608411 1.77394354
v 4.60457906 0.75608411 1.77476296
v 4.60846729 0.25632145 3.36603890
v 4.94381949 0.25632145 3.36521948
v 4.83337461 0.24963233 1.61514558
v 4.68558588 0.24963233 1.61550670
v 4.68947411 -0.25013033 3.20678264
v 4.83726284 -0.25013033 3.20642152
v 4.84174397 -0.82610079 5.04034791
v 4.69395524 -0.82610079 5.04070903
v 4.61382498 -0.43231499 5.55870090
v 4.94917719 -0.43231499 5.55788147
v 4.68329230 0.54443040 0.67685098
v 4.83108104 0.54443040 0.67648986
v 4.93673798 1.16652360 0.46707822
v 4.60138578 1.16652360 0.46789764
v 4.22204931 3.15061408 -1.30579869
v 4.22457928 2.82543218 -0.27039895
v 4.22397198 1.70698891 -0.51893854
v 4.22144201 2.03217081 -1.55433828
v 5.29200331 2.81259475 -0.30935974
v 5.28961711 3.11929783 -1.28592177
v 5.28904370 2.04500824 -1.52059435
v 5.29142989 1.73830516 -0.54403233
v 4.49412953 5.93046650 -0.25777178
v 4.49201922 5.93046650 -1.12142545
v 5.02948903 5.93046650 -1.12273874
v 5.03159934 5.93046650 -0.25908507
v 5.43655461 2.27544996 -0.40649503
v 5.43416842 2.58215304 -1.38305705
v 4.08397292 2.59139245 -1.44928408
v 4.08650288 2.26621055 -0.41388434
v 5.24013982 1.46262532 2.01566414
v 4.30367284 1.46262532 1.97784522
v 5.24402804 0.96286266 3.60694008
v 4.30756107 0.96286266 3.56912115
v 5.25032130 0.15397636 6.18248525
v 4.31385433 0.15397636 6.14466632
v 4.29239005 2.91282777 -2.63969115
v 5.22885702 2.91282777 -2.60187223
v 4.29808934 2.23255270 -0.30723200
v 4.29503565 2.62505029 -1.55696915
v 5.23150262 2.62505029 -1.51915022
v 5.23455631 2.23255270 -0.26941307
v 5.12219807 0.20418774 6.01721242
v 4.44794185 0.20418774 5.98998279
v 4.54735683 0.48792321 6.09292875
v 5.01813331 0.48792321 6.09177842
v 5.01769609 -7.9547801e-2 5.91355717
v 4.54691962 -7.9547801e-2 5.91470750
v 4.12255978 4.53388164 -0.24530917
v 4.12255978 4.53388164 -1.13207766
v 4.12255978 5.63657869 -1.13207766
v 4.12255978 5.63657869 -0.24530917
v 4.12255978 5.08523017 -2.5538496e-3
v 4.12255978 5.08523017 -1.37238091
v 5.38567735 5.08243245 -2.13080297
v 5.38560905 5.11669998 0.81721998
v 5.42083205 5.08523017 -1.45742683
v 5.35602565 5.08523017 7.6305303e-2
v 5.12096959 5.08523017 -1.45669413
v 5.05616319 5.08523017 7.7038006e-2
v 4.40230698 5.08523017 7.8635682e-2
v 4.46711337 5.08523017 -1.45509645
v 6.04427287 3.91232963 0.95515894
v 5.98370087 3.75328627 1.07323866
v 5.40078710 6.49860573 0.93116257
v 5.51526586 6.40379477 0.82861759
v 5.51774223 6.35758651 -2.17088683
v 5.39657273 6.40679089 -2.24463867
v 5.96038645 3.77480803 -2.24891860
v 6.04183111 3.88775580 -2.17826426
v 4.84909114 7.65176120 -1.91370558
v 4.83525216 7.74337464 0.37882403
v 6.14720710 -1.27986481 0.63794322
v 6.15328765 -1.32856653 -1.10307706
v 5.43976137 5.14671448 2.40995683
v 5.77100935 5.19740714 0.72373551
v 5.53699682 5.10684769 -2.79291690
v 5.77107336 5.16529103 -2.03920191
v 4.96482300 7.67596968 0.31716825
v 4.97746639 7.58953164 -1.84142313
v 6.23495715 -1.21512985 -1.03035144
v 6.22918680 -1.17089282 0.55188856
v 5.14489604 5.08414300 2.41067732
v 5.62031894 4.29760518 2.56282944
v 5.24927074 6.04529239 2.48805206
v 5.53029634 5.16485016 2.31719285
v 4.95440541 5.98272091 2.48877255
v 5.36060872 5.96529703 2.38679185
v 5.68462703 4.43907883 2.44791376
v 5.32545361 4.23503370 2.56354994
v 5.24213149 5.04427621 -2.79219641
v 5.32197661 6.06226463 -2.87856701
v 5.73977061 4.11400870 -2.87798099
v 5.62752751 5.12713478 -2.70059535
v 5.82121527 4.22695648 -2.80732665
v 5.02711128 5.99969315 -2.87784651
v 5.44490528 4.05143723 -2.87726050
v 5.44314611 6.01306025 -2.80481517
v 4.49947471 -0.20522429 6.12170270
v 5.06179105 -0.20522429 6.12032870
v 5.06231219 0.47274050 6.33325185
v 4.49999585 0.47274050 6.33462585
v 4.38125072 0.13375812 6.21163881
v 5.18661231 0.13375812 6.24416309
vn -0.39697639 0.60589397 0.68942167
vn -0.39428729 0.60296833 -0.69351764
vn -0.44690908 -0.41973684 -0.78999573
vn -0.44191696 -0.45209684 0.77480181
vn 0.28966224 -0.48324769 0.82617641
vn 0.25320455 0.63695454 0.72813211
vn 0.24979082 0.63570685 -0.73039808
vn 0.29158863 -0.45318372 -0.84237793
vn 0.68219608 0.45183039 0.57485460
vn 0.72251195 0.60678329 -0.33134652
vn -0.69023135 0.63512217 -0.34669946
vn -0.65191202 0.44648131 0.61291530
vn -0.69618131 -0.63178230 0.34085585
vn -0.82468505 0.39594574 0.40388308
vn -0.83690899 0.38320327 -0.39081786
vn -0.70820257 -0.62417272 -0.32993566
vn -0.87055705 -0.39526221 0.29308397
vn -0.96575923 7.3015104e-2 0.24895364
vn -0.96111542 1.2417671e-2 -0.27586763
vn -0.86940877 -0.39800913 -0.29277489
vn -0.67712062 0.53412260 0.50618249
vn -0.67476451 0.46320128 -0.57457587
vn -0.43462579 -0.71460023 -0.54813040
vn -0.45627094 -0.64969062 0.60804517
vn 0.67141409 -0.71274974 0.20295549
vn 0.65866777 -0.46735221 -0.58969372
vn -0.63119074 -0.47471552 -0.61338685
vn -0.64840784 -0.72237494 0.24029505
vn -0.44318586 -0.52026595 -0.73000660
vn 0.45697693 -0.51632453 -0.72427969
vn 0.53750067 0.68815101 -0.48738200
vn -0.52409943 0.69296806 -0.49509096
vn 0.51763646 -0.83731385 0.17594888
vn -0.52932234 -0.82724501 0.18837078
vn -0.53131229 0.56933375 0.62734866
vn 0.51484894 0.58852538 0.62335258
vn 0.47861863 -0.85139982 0.21457526
vn 0.47646956 -0.57517418 -0.66494468
vn -0.49296816 -0.55958723 -0.66621658
vn -0.49078111 -0.84069316 0.22884252
vn 0.57716937 0.77950608 0.24340459
vn -0.58582891 0.77278836 0.24413654
vn -0.76925890 -0.63220513 9.2506303e-2
vn 0.77123128 -0.63025041 8.9368591e-2
vn 0.59226761 0.75545444 0.28019221
vn -0.59965971 0.74926412 0.28108985
vn -0.78665577 -0.46145102 -0.41016540
vn 0.78606050 -0.45964172 -0.41332600
vn 0.94175931 0.15511895 -0.29837478
vn -0.94189991 0.17629505 -0.28591015
vn -0.94037162 -2.0140176e-2 0.33955205
vn 0.94329299 -4.2008830e-2 0.32929255
vn 0.63342082 -0.73781049 -0.23326754
vn -0.65187458 -0.72393873 -0.22577034
vn -0.65187458 -0.72393873 -0.22577034
vn 0.63342082 -0.73781049 -0.23326754
vn 0.44901746 -0.88648700 0.11191122
vn -0.45885720 -0.88008984 0.12203252
vn -0.75294521 1.0296236e-2 0.65800266
vn 0.75847735 -2.2399133e-2 0.65131435
vn -0.45947628 -0.65674449 -0.59797008
vn 0.44616097 -0.66639308 -0.59737815
vn 0.75920428 0.34768170 -0.55020568
vn -0.75961911 0.37651602 -0.53029660
vn -0.77123427 0.60547363 -0.19646726
vn -0.75807970 0.41225278 0.50533436
vn -0.77646587 -0.59346576 0.21189416
vn -0.75222119 -0.43214555 -0.49740677
vn 0.79251261 0.42116370 0.44107243
vn 0.81402260 0.55560267 -0.16933068
vn 0.79829482 -0.40152051 -0.44889494
vn 0.80941792 -0.56669010 0.15396417
vn -0.43994715 0.79621186 0.41532298
vn -0.44197154 0.79621186 -0.41316805
vn 0.43994715 0.79621186 -0.41532298
vn 0.44197154 0.79621186 0.41316805
vn 0.89504187 -9.6329823e-2 0.43545450
vn 0.88937734 0.10157863 -0.44574627
vn -0.86122146 0.11100369 -0.49595945
vn -0.85540097 -0.11534857 0.50495930
vn 0.99998368 1.8998044e-3 5.3887929e-3
vn -0.99995801 -5.0483416e-3 7.6477495e-3
vn 0.99998960 4.4385184e-3 -1.0494611e-3
vn -0.99999108 -4.0582460e-3 1.1688946e-3
vn 0.92454379 -0.11068781 0.36464640
vn -0.92457096 -0.11691660 0.36262798
vn -0.67819132 9.9939541e-3 -0.73481743
vn 0.69263098 1.3035450e-2 -0.72117432
vn -0.85153999 -0.11728760 0.51100222
vn -0.85370583 0.11269884 -0.50841453
vn 0.88270165 0.10315346 -0.45847264
vn 0.89180125 -9.7878277e-2 0.44171300
vn -0.60117247 -0.24149082 0.76175708
vn 0.57665901 -0.24273598 0.78009207
vn 0.41168700 -0.77258210 0.48335361
vn -0.43075456 -0.76706446 0.47546044
vn -0.43217735 0.35544047 0.82878514
vn 0.41027783 0.35951419 0.83810599
vn -0.71401814 -0.58150687 0.38990750
vn -0.70993358 -0.58026885 -0.39910196
vn -0.70993358 0.58026885 -0.39910196
vn -0.71401814 0.58150687 0.38990750
vn -0.82857459 0.0000000e+0 0.55987869
vn -0.81971954 0.0000000e+0 -0.57276511
vn -0.97073884 -0.20796173 0.12007506
vn -0.97528590 -0.21005519 -6.8514392e-2
vn -0.72078711 -0.15406071 -0.67581894
vn -0.70806545 -0.14995421 0.69004135
vn -2.4434585e-3 -1.4786350e-16 -0.99999701
vn 2.4434585e-3 -2.9608806e-17 0.99999701
vn -0.16342204 0.0000000e+0 0.98655625
vn -0.15218334 0.0000000e+0 -0.98835228
vn 0.97671314 6.0265997e-2 0.20591127
vn 0.62029278 -0.36727820 0.69306825
vn 0.33892283 0.74067613 0.58011222
vn 0.89292512 0.40883070 0.18852638
vn 0.86249139 0.41474705 -0.28998878
vn 0.25876743 0.63955645 -0.72388326
vn 0.51343625 -0.42538538 -0.74527210
vn 0.95873777 8.5169799e-3 -0.28416429
vn 0.24671272 0.80299318 -0.54252629
vn 0.26666640 0.86495138 0.42514486
vn 0.62723768 -0.56271998 0.53844138
vn 0.58772428 -0.62212815 -0.51723954
vn 0.36850225 0.12054950 0.92177758
vn 0.97480117 0.21040243 7.4118121e-2
vn 0.31960707 6.6904778e-2 -0.94518520
vn 0.97239636 0.20620673 -0.10919754
vn 0.73942526 0.65186295 0.16830027
vn 0.72262794 0.63875897 -0.26418901
vn 0.93964395 -0.24856210 -0.23513004
vn 0.95564658 -0.20749263 0.20901297
vn -0.75017512 -0.12965878 0.64840257
vn 0.58677442 -0.21151140 0.78163848
vn 0.41675248 0.53096777 0.73782830
vn 0.86945700 0.20532499 0.44931746
vn -0.66537575 0.38822349 0.63761872
vn 0.85713989 0.32888527 0.39641605
vn 0.90789076 0.11691239 0.40257406
vn -0.45925426 -0.55366678 0.69465000
vn -0.76515687 -0.16533644 -0.62225303
vn 0.30988263 0.47446730 -0.82392568
vn 0.47876060 -0.26364786 -0.83742349
vn 0.82909619 0.17582079 -0.53074151
vn 0.85057173 4.2113161e-2 -0.52417002
vn -0.63669605 0.33404838 -0.69500347
vn -0.44141380 -0.53908009 -0.71731898
vn 0.77944627 0.34016044 -0.52607450
vn 0.11186984 -0.12793831 0.98545265
vn -0.12361872 -0.16544380 0.97844098
vn -0.12451953 -0.42395388 0.89708305
vn 0.11185473 -0.45730427 0.88224788
vn 0.21512432 -0.29114317 0.93217873
vn -0.24274490 -0.29129448 0.92532289
g arm_r_copy13_default2
usemtl default2
s 1
f 873//873 945//945 946//946 874//874
f 873//873 974//974 975//975 983//983
f 874//874 946//946 947//947 879//879
f 874//874 973//973 974//974 873//873
f 874//874 984//984 976//976 973//973
f 875//875 883//883 884//884 876//876
f 875//875 972//972 976//976 984//984
f 876//876 884//884 881//881 877//877
f 876//876 971//971 972//972 875//875
f 876//876 983//983 975//975 971//971
f 877//877 881//881 882//882 880//880
f 877//877 982//982 983//983 876//876
f 878//878 886//886 887//887 879//879
f 878//878 948//948 945//945 873//873
f 879//879 947//947 948//948 878//878
f 879//879 981//981 984//984 874//874
f 880//880 882//882 883//883 875//875
f 880//880 888//888 885//885 877//877
f 881//881 917//917 953//953 964//964
f 881//881 941//941 942//942 882//882
f 882//882 903//903 904//904 883//883
f 882//882 942//942 950//950 963//963
f 883//883 904//904 959//959 962//962
f 883//883 937//937 938//938 884//884
f 884//884 918//918 917//917 881//881
f 884//884 938//938 952//952 961//961
f 885//885 980//980 982//982 877//877
f 886//886 890//890 891//891 887//887
f 887//887 979//979 981//981 879//879
f 888//888 892//892 889//889 885//885
f 889//889 896//896 995//995 986//986
f 889//889 978//978 980//980 885//885
f 889//889 1012//1012 1005//1005 978//978
f 890//890 893//893 894//894 891//891
f 890//890 1009//1009 1007//1007 987//987
f 891//891 894//894 993//993 990//990
f 891//891 977//977 979//979 887//887
f 891//891 1018//1018 1013//1013 977//977
f 892//892 895//895 896//896 889//889
f 892//892 1019//1019 1015//1015 991//991
f 897//897 909//909 910//910 898//898
f 897//897 920//920 919//919 900//900
f 897//897 964//964 953//953 920//920
f 898//898 910//910 911//911 899//899
f 898//898 943//943 944//944 897//897
f 899//899 901//901 902//902 898//898
f 899//899 911//911 912//912 900//900
f 899//899 962//962 959//959 901//901
f 900//900 912//912 909//909 897//897
f 900//900 939//939 940//940 899//899
f 901//901 959//959 960//960 902//902
f 902//902 960//960 963//963 898//898
f 905//905 916//916 955//955 957//957
f 905//905 1022//1022 1021//1021 906//906
f 906//906 915//915 916//916 905//905
f 906//906 958//958 956//956 915//915
f 906//906 1021//1021 1025//1025 958//958
f 907//907 914//914 956//956 958//958
f 907//907 1024//1024 1023//1023 908//908
f 908//908 913//913 914//914 907//907
f 908//908 957//957 955//955 913//913
f 908//908 1023//1023 1026//1026 957//957
f 909//909 912//912 911//911 910//910
f 913//913 917//917 918//918 914//914
f 915//915 923//923 924//924 916//916
f 916//916 924//924 921//921 920//920
f 918//918 954//954 956//956 914//914
f 919//919 922//922 923//923 915//915
f 919//919 954//954 961//961 900//900
f 920//920 921//921 922//922 919//919
f 920//920 953//953 955//955 916//916
f 921//921 935//935 936//936 922//922
f 922//922 926//926 927//927 923//923
f 922//922 936//936 933//933 926//926
f 923//923 931//931 932//932 924//924
f 924//924 928//928 925//925 921//921
f 924//924 932//932 929//929 928//928
f 925//925 928//928 927//927 926//926
f 925//925 934//934 935//935 921//921
f 926//926 933//933 934//934 925//925
f 927//927 930//930 931//931 923//923
f 928//928 929//929 930//930 927//927
f 929//929 932//932 931//931 930//930
f 933//933 936//936 935//935 934//934
f 937//937 951//951 952//952 938//938
f 939//939 900//900 961//961 952//952
f 940//940 951//951 962//962 899//899
f 941//941 949//949 950//950 942//942
f 943//943 898//898 963//963 950//950
f 944//944 949//949 964//964 897//897
f 945//945 948//948 947//947 946//946
f 950//950 949//949 944//944 943//943
f 952//952 951//951 940//940 939//939
f 955//955 953//953 917//917 913//913
f 956//956 954//954 919//919 915//915
f 957//957 1026//1026 1022//1022 905//905
f 958//958 1025//1025 1024//1024 907//907
f 960//960 959//959 904//904 903//903
f 961//961 954//954 918//918 884//884
f 962//962 951//951 937//937 883//883
f 963//963 960//960 903//903 882//882
f 964//964 949//949 941//941 881//881
f 965//965 968//968 967//967 966//966
f 965//965 1026//1026 1023//1023 968//968
f 966//966 967//967 1024//1024 1025//1025
f 966//966 970//970 969//969 965//965
f 968//968 1023//1023 1024//1024 967//967
f 969//969 1022//1022 1026//1026 965//965
f 970//970 1021//1021 1022//1022 969//969
f 971//971 975//975 976//976 972//972
f 973//973 976//976 975//975 974//974
f 977//977 1013//1013 1019//1019 892//892
f 978//978 1005//1005 1009//1009 890//890
f 979//979 977//977 892//892 888//888
f 980//980 978//978 890//890 886//886
f 981//981 979//979 888//888 880//880
f 982//982 980//980 886//886 878//878
f 983//983 982//982 878//878 873//873
f 984//984 981//981 880//880 875//875
f 985//985 1004//1004 1003//1003 992//992
f 985//985 1011//1011 1006//1006 986//986
f 986//986 1006//1006 1012//1012 889//889
f 987//987 994//994 893//893 890//890
f 987//987 1007//1007 1010//1010 988//988
f 988//988 998//998 1000//1000 989//989
f 988//988 1001//1001 994//994 987//987
f 989//989 1002//1002 1001//1001 988//988
f 989//989 1020//1020 1014//1014 990//990
f 990//990 1014//1014 1018//1018 891//891
f 991//991 996//996 895//895 892//892
f 991//991 1015//1015 1017//1017 992//992
f 992//992 1000//1000 998//998 985//985
f 992//992 1003//1003 996//996 991//991
f 993//993 994//994 1001//1001 1002//1002
f 994//994 993//993 894//894 893//893
f 995//995 996//996 1003//1003 1004//1004
f 996//996 995//995 896//896 895//895
f 997//997 1007//1007 1009//1009 1005//1005
f 997//997 1008//1008 1010//1010 1007//1007
f 998//998 988//988 1010//1010 1008//1008
f 999//999 1015//1015 1019//1019 1013//1013
f 999//999 1016//1016 1017//1017 1015//1015
f 1000//1000 992//992 1017//1017 1016//1016
f 1002//1002 989//989 990//990 993//993
f 1004//1004 985//985 986//986 995//995
f 1005//1005 1012//1012 1006//1006 997//997
f 1006//1006 1011//1011 1008//1008 997//997
f 1008//1008 1011//1011 985//985 998//998
f 1013//1013 1018//1018 1014//1014 999//999
f 1014//1014 1020//1020 1016//1016 999//999
f 1016//1016 1020//1020 989//989 1000//1000
f 1025//1025 1021//1021 970//970 966//966
o shoulder_r_copy12
#62 vertices, 60 faces
v 3.18722321 5.01019394 -1.20538494
v 3.18722321 3.53233304 -1.20538494
v 3.19529175 3.53233304 -0.15473921
v 3.19529175 5.01019394 -0.15473921
v 3.80956413 4.43197362 -1.21016427
v 3.80956413 3.80596338 -1.21016427
v 3.81763267 3.80596338 -0.15951854
v 3.81763267 4.43197362 -0.15951854
v 3.80956413 5.73848671 -1.21016427
v 3.81763267 5.73848671 -0.15951854
v 3.19529175 5.73848671 -0.15473921
v 3.18722321 5.73848671 -1.20538494
v 3.80956413 6.87747631 -1.21016427
v 3.81763267 6.87747631 -0.15951854
v 3.19529175 6.87747631 -0.15473921
v 3.18722321 6.87747631 -1.20538494
v 3.21322242 5.41042306 2.18010567
v 3.83556335 5.41042306 2.17532634
v 3.83422747 4.51300501 2.00137465
v 3.21188654 4.51300501 2.00615398
v 3.80378491 6.44658623 -1.96270679
v 3.18144398 6.44658623 -1.95792746
v 3.18144398 5.73848671 -1.95792746
v 3.80378491 5.73848671 -1.96270679
v 2.89168759 5.73848671 -0.15240765
v 2.88361905 5.73848671 -1.20305338
v 2.89168759 6.87747631 -0.15240765
v 2.88361905 6.87747631 -1.20305338
v 2.87841013 5.78100781 -1.88133350
v 2.87841013 6.48910732 -1.88133350
v 2.90894378 5.46560813 2.09460908
v 2.90760790 4.56819008 1.92065739
v 3.19425975 7.16544600 -0.28912110
v 3.18825521 7.16544600 -1.07100304
v 2.89065559 7.10218738 -0.28678954
v 2.88465105 7.10218738 -1.06867149
v 3.81059613 7.16544600 -1.07578237
v 3.81660067 7.16544600 -0.29390043
v 4.12579967 4.53388164 -0.24386691
v 4.12579967 4.53388164 -1.13061190
v 4.12579967 5.63657869 -1.13061190
v 4.12579967 5.63657869 -0.24386691
v 4.09524967 5.73848671 -1.21235822
v 4.10331821 5.73848671 -0.16171249
v 4.09524967 6.87747631 -1.21235822
v 4.10331821 6.87747631 -0.16171249
v 4.11923852 4.56819008 1.91135255
v 4.12057439 5.46560813 2.08530424
v 4.10228621 7.10218738 -0.29609438
v 4.09628167 7.10218738 -1.07797632
v 4.09004075 6.48910732 -1.89063834
v 4.09004075 5.78100781 -1.89063834
v 4.12579967 5.08523017 -9.3763958e-4
v 4.12579967 5.08523017 -1.37108734
v 3.21948037 5.37434033 -1.44586037
v 3.16270543 5.37434033 8.8190058e-2
v 3.78504636 5.08523017 8.3410729e-2
v 3.84182130 5.08523017 -1.45063970
v 1.40043958 4.93875936 -1.08318585
v 1.40043958 3.46089845 -1.12490724
v 1.40043958 3.46089845 0.28915425
v 1.40043958 4.93875936 0.33087564
vn -0.42467020 0.18913152 -0.88537252
vn 0.13549335 -0.68223937 -0.71846433
vn 0.24682115 -0.67880987 0.69158982
vn -0.35100687 0.18262383 0.91839137
vn 0.37519838 -0.48662173 -0.78893946
vn 0.71503076 -0.46929797 -0.51816063
vn 0.72290448 -0.46929797 0.50711786
vn 0.37586684 -0.49492353 0.78343782
vn 0.33225571 -0.53652851 -0.77572115
vn 0.47724286 -0.68879963 0.54570534
vn -0.36530875 -0.92994060 -4.1952352e-2
vn -0.33745822 -0.88326246 -0.32552937
vn 7.8302712e-3 0.68552002 -0.72801167
vn 1.9036711e-2 0.67045612 0.74170493
vn -6.8572635e-3 0.67045569 0.74191788
vn -1.8219972e-2 0.68551936 -0.72782638
vn -8.5690993e-2 0.40359824 0.91091466
vn 0.10498414 0.40429090 0.90858527
vn 0.14437975 -0.90657899 0.39657159
vn -0.13064083 -0.90674718 0.40092709
vn 6.6484185e-2 0.50426508 -0.86098582
vn -7.5599463e-2 0.50396595 -0.86040865
vn -0.11476358 -0.70213949 -0.70273000
vn 0.11051899 -0.70217546 -0.70337414
vn -0.72155674 -0.67087928 -0.17110480
vn -0.72030068 -0.69364565 -4.7590330e-3
vn -0.84187247 0.36323765 0.39913551
vn -0.84921938 0.36968693 -0.37703849
vn -0.68420731 -0.51723079 -0.51413293
vn -0.59263843 0.41182554 -0.69222786
vn -0.62351478 0.32106593 0.71284359
vn -0.75241485 -0.60494779 0.26059559
vn -7.0391089e-2 0.84567115 0.52904197
vn -7.8507969e-2 0.84567115 -0.52789848
vn -0.59157902 0.68528981 0.42474950
vn -0.59803267 0.68528981 -0.41561375
vn 7.4913302e-2 0.84517028 -0.52922131
vn 8.3032402e-2 0.84517028 0.52800835
vn 0.71153203 -0.58016215 0.39640139
vn 0.71226066 -0.58171319 -0.39280340
vn 0.71226066 0.58171319 -0.39280340
vn 0.71153203 0.58016215 0.39640139
vn 0.72096703 -0.69278893 -1.5812887e-2
vn 0.71892977 -0.67079319 -0.18214411
vn 0.84358683 0.36941301 -0.38973746
vn 0.84815852 0.36296911 0.38585043
vn 0.76149293 -0.60042608 0.24416601
vn 0.64038821 0.32045819 0.69800393
vn 0.60320431 0.68167744 0.41407780
vn 0.59677363 0.68167744 -0.42329315
vn 0.58697184 0.41069573 -0.69770558
vn 0.68209872 -0.51420280 -0.51993924
vn 0.82213903 0.0000000e+0 0.56928675
vn 0.82594287 0.0000000e+0 -0.56375382
vn -0.77063567 1.2328302e-2 -0.63715671
vn -0.78617080 -1.5579756e-3 0.61800731
vn 0.10892578 -1.2169703e-3 0.99404914
vn 0.11290146 9.8252607e-3 -0.99355761
vn -0.61072826 0.56412052 -0.55567889
vn -0.58714455 -0.56854537 -0.57620955
vn -0.45157999 -0.64511634 0.61636062
vn -0.49580910 0.61956989 0.60852813
g shoulder_r_copy12_default2
usemtl default2
s 1
f 1027//1027 1031//1031 1032//1032 1028//1028
f 1027//1027 1081//1081 1084//1084 1031//1031
f 1027//1027 1085//1085 1088//1088 1030//1030
f 1028//1028 1032//1032 1033//1033 1029//1029
f 1028//1028 1086//1086 1085//1085 1027//1027
f 1029//1029 1033//1033 1034//1034 1030//1030
f 1029//1029 1087//1087 1086//1086 1028//1028
f 1030//1030 1082//1082 1081//1081 1027//1027
f 1030//1030 1088//1088 1087//1087 1029//1029
f 1031//1031 1034//1034 1033//1033 1032//1032
f 1031//1031 1066//1066 1065//1065 1034//1034
f 1034//1034 1065//1065 1079//1079 1083//1083
f 1034//1034 1083//1083 1082//1082 1030//1030
f 1035//1035 1069//1069 1070//1070 1036//1036
f 1035//1035 1084//1084 1081//1081 1038//1038
f 1036//1036 1045//1045 1046//1046 1037//1037
f 1036//1036 1068//1068 1067//1067 1035//1035
f 1036//1036 1070//1070 1073//1073 1045//1045
f 1036//1036 1083//1083 1079//1079 1068//1068
f 1037//1037 1046//1046 1058//1058 1051//1051
f 1037//1037 1051//1051 1052//1052 1038//1038
f 1037//1037 1082//1082 1083//1083 1036//1036
f 1038//1038 1049//1049 1050//1050 1035//1035
f 1038//1038 1081//1081 1082//1082 1037//1037
f 1039//1039 1047//1047 1048//1048 1042//1042
f 1039//1039 1071//1071 1077//1077 1047//1047
f 1040//1040 1064//1064 1059//1059 1041//1041
f 1040//1040 1072//1072 1075//1075 1064//1064
f 1041//1041 1043//1043 1044//1044 1040//1040
f 1041//1041 1053//1053 1057//1057 1043//1043
f 1041//1041 1059//1059 1061//1061 1053//1053
f 1042//1042 1054//1054 1062//1062 1060//1060
f 1043//1043 1046//1046 1045//1045 1044//1044
f 1043//1043 1057//1057 1058//1058 1046//1046
f 1044//1044 1074//1074 1072//1072 1040//1040
f 1045//1045 1073//1073 1074//1074 1044//1044
f 1047//1047 1050//1050 1049//1049 1048//1048
f 1047//1047 1077//1077 1078//1078 1050//1050
f 1048//1048 1056//1056 1054//1054 1042//1042
f 1049//1049 1055//1055 1056//1056 1048//1048
f 1050//1050 1078//1078 1069//1069 1035//1035
f 1051//1051 1058//1058 1057//1057 1053//1053
f 1052//1052 1055//1055 1049//1049 1038//1038
f 1053//1053 1054//1054 1052//1052 1051//1051
f 1053//1053 1061//1061 1062//1062 1054//1054
f 1054//1054 1056//1056 1055//1055 1052//1052
f 1059//1059 1064//1064 1063//1063 1060//1060
f 1060//1060 1062//1062 1061//1061 1059//1059
f 1060//1060 1063//1063 1039//1039 1042//1042
f 1063//1063 1076//1076 1071//1071 1039//1039
f 1064//1064 1075//1075 1076//1076 1063//1063
f 1066//1066 1080//1080 1079//1079 1065//1065
f 1067//1067 1080//1080 1084//1084 1035//1035
f 1068//1068 1079//1079 1080//1080 1067//1067
f 1069//1069 1078//1078 1077//1077 1071//1071
f 1071//1071 1072//1072 1070//1070 1069//1069
f 1071//1071 1076//1076 1075//1075 1072//1072
f 1072//1072 1074//1074 1073//1073 1070//1070
f 1084//1084 1080//1080 1066//1066 1031//1031
f 1086//1086 1087//1087 1088//1088 1085//1085
o arm_r
#154 vertices, 152 faces
v -4.42783765 5.73848671 -0.16411964
v -4.42527036 5.73848671 -1.21479321
v -4.42527036 4.43197362 -1.21479321
v -4.42783765 4.43197362 -0.16411964
v -5.08169386 4.43197362 -0.16571731
v -5.08169386 5.73848671 -0.16571731
v -5.07912658 5.73848671 -1.21639088
v -5.07912658 4.43197362 -1.21639088
v -5.08175649 2.87219711 -0.14008653
v -5.07870280 3.26469470 -1.38982368
v -4.42484659 3.26469470 -1.38822601
v -4.42790028 2.87219711 -0.13848885
v -5.52017887 4.43197362 -0.16678874
v -5.24293377 5.73848671 -0.16611130
v -5.24036649 5.73848671 -1.21678487
v -5.51761158 4.43197362 -1.21746231
v -5.68050837 3.69071479 1.07395916
v -5.09759460 6.43603425 0.93188307
v -5.09338024 6.34421941 -2.24391818
v -5.65719396 3.71223655 -2.24819811
v -4.53205966 7.68080317 0.37954452
v -4.54589864 7.58918972 -1.91298508
v -5.85009516 -1.39113801 -1.10235657
v -5.84401460 -1.34243628 0.63866372
v -5.08102576 1.59290829 -0.43914163
v -5.07797207 1.98540588 -1.68887878
v -4.42411586 1.98540588 -1.68728111
v -4.42716955 1.59290829 -0.43754395
v -4.42182289 2.48135011 -2.62568690
v -5.07567911 2.48135011 -2.62728457
v -5.07570457 3.34430542 -2.61686189
v -4.42184836 3.34430542 -2.61526422
v -5.09685359 -0.24025292 6.03847171
v -4.44299737 -0.24025292 6.04006939
v -4.44360244 0.54820564 6.28769445
v -5.09745865 0.54820564 6.28609677
v -5.00109710 1.26640985 -0.68199258
v -4.99866840 1.57857642 -1.67595073
v -4.48159630 1.57857642 -1.67468728
v -4.48402500 1.26640985 -0.68072913
v -5.09116539 1.35709194 3.71055160
v -4.43730918 1.35709194 3.71214928
v -4.43670412 0.56863338 3.46452422
v -5.09056033 0.56863338 3.46292654
v -5.08727716 1.85685460 2.11927567
v -4.43342095 1.85685460 2.12087334
v -4.43281589 1.06839604 1.87324828
v -5.08667210 1.06839604 1.87165061
v -4.93160410 0.75608411 1.77394354
v -4.59625189 0.75608411 1.77476296
v -4.60014012 0.25632145 3.36603890
v -4.93549232 0.25632145 3.36521948
v -4.82504744 0.24963233 1.61514558
v -4.67725871 0.24963233 1.61550670
v -4.68114694 -0.25013033 3.20678264
v -4.82893567 -0.25013033 3.20642152
v -4.83341681 -0.82610079 5.04034791
v -4.68562807 -0.82610079 5.04070903
v -4.60549781 -0.43231499 5.55870090
v -4.94085002 -0.43231499 5.55788147
v -4.67496513 0.54443040 0.67685098
v -4.82275387 0.54443040 0.67648986
v -4.92841081 1.16652360 0.46707822
v -4.59305861 1.16652360 0.46789764
v -4.21372214 3.15061408 -1.30579869
v -4.21625211 2.82543218 -0.27039895
v -4.21564481 1.70698891 -0.51893854
v -4.21311485 2.03217081 -1.55433828
v -5.28367614 2.81259475 -0.30935974
v -5.28128994 3.11929783 -1.28592177
v -5.28071653 2.04500824 -1.52059435
v -5.28310272 1.73830516 -0.54403233
v -4.48580236 5.93046650 -0.25777178
v -4.48369205 5.93046650 -1.12142545
v -5.02116186 5.93046650 -1.12273874
v -5.02327217 5.93046650 -0.25908507
v -5.42822744 2.27544996 -0.40649503
v -5.42584125 2.58215304 -1.38305705
v -4.07564575 2.59139245 -1.44928408
v -4.07817571 2.26621055 -0.41388434
v -5.23181265 1.46262532 2.01566414
v -4.29534567 1.46262532 1.97784522
v -5.23570087 0.96286266 3.60694008
v -4.29923390 0.96286266 3.56912115
v -5.24199413 0.15397636 6.18248525
v -4.30552716 0.15397636 6.14466632
v -4.28406288 2.91282777 -2.63969115
v -5.22052985 2.91282777 -2.60187223
v -4.28976217 2.23255270 -0.30723200
v -4.28670848 2.62505029 -1.55696915
v -5.22317545 2.62505029 -1.51915022
v -5.22622914 2.23255270 -0.26941307
v -5.11387090 0.20418774 6.01721242
v -4.43961468 0.20418774 5.98998279
v -4.53902966 0.48792321 6.09292875
v -5.00980614 0.48792321 6.09177842
v -5.00936893 -7.9547801e-2 5.91355717
v -4.53859245 -7.9547801e-2 5.91470750
v -4.11423261 4.53388164 -0.24530917
v -4.11423261 4.53388164 -1.13207766
v -4.11423261 5.63657869 -1.13207766
v -4.11423261 5.63657869 -0.24530917
v -4.11423261 5.08523017 -2.5538496e-3
v -4.11423261 5.08523017 -1.37238091
v -5.37735018 5.08243245 -2.13080297
v -5.37728188 5.11669998 0.81721998
v -5.41250488 5.08523017 -1.45742683
v -5.34769848 5.08523017 7.6305303e-2
v -5.11264242 5.08523017 -1.45669413
v -5.04783602 5.08523017 7.7038006e-2
v -4.39397981 5.08523017 7.8635682e-2
v -4.45878620 5.08523017 -1.45509645
v -6.03594570 3.91232963 0.95515894
v -5.97537370 3.75328627 1.07323866
v -5.39245993 6.49860573 0.93116257
v -5.50693869 6.40379477 0.82861759
v -5.50941506 6.35758651 -2.17088683
v -5.38824556 6.40679089 -2.24463867
v -5.95205928 3.77480803 -2.24891860
v -6.03350394 3.88775580 -2.17826426
v -4.84076397 7.65176120 -1.91370558
v -4.82692499 7.74337464 0.37882403
v -6.13887993 -1.27986481 0.63794322
v -6.14496049 -1.32856653 -1.10307706
v -5.43143420 5.14671448 2.40995683
v -5.76268218 5.19740714 0.72373551
v -5.52866965 5.10684769 -2.79291690
v -5.76274619 5.16529103 -2.03920191
v -4.95649583 7.67596968 0.31716825
v -4.96913923 7.58953164 -1.84142313
v -6.22662998 -1.21512985 -1.03035144
v -6.22085963 -1.17089282 0.55188856
v -5.13656887 5.08414300 2.41067732
v -5.61199177 4.29760518 2.56282944
v -5.24094357 6.04529239 2.48805206
v -5.52196917 5.16485016 2.31719285
v -4.94607825 5.98272091 2.48877255
v -5.35228155 5.96529703 2.38679185
v -5.67629986 4.43907883 2.44791376
v -5.31712644 4.23503370 2.56354994
v -5.23380432 5.04427621 -2.79219641
v -5.31364944 6.06226463 -2.87856701
v -5.73144344 4.11400870 -2.87798099
v -5.61920034 5.12713478 -2.70059535
v -5.81288810 4.22695648 -2.80732665
v -5.01878411 5.99969315 -2.87784651
v -5.43657811 4.05143723 -2.87726050
v -5.43481894 6.01306025 -2.80481517
v -4.49114754 -0.20522429 6.12170270
v -5.05346388 -0.20522429 6.12032870
v -5.05398502 0.47274050 6.33325185
v -4.49166868 0.47274050 6.33462585
v -4.37292355 0.13375812 6.21163881
v -5.17828514 0.13375812 6.24416309
vn 0.39697639 0.60589397 0.68942167
vn 0.39428729 0.60296833 -0.69351764
vn 0.44690908 -0.41973684 -0.78999573
vn 0.44191696 -0.45209684 0.77480181
vn -0.28966224 -0.48324769 0.82617641
vn -0.25320455 0.63695454 0.72813211
vn -0.24979082 0.63570685 -0.73039808
vn -0.29158863 -0.45318372 -0.84237793
vn -0.68219608 0.45183039 0.57485460
vn -0.72251195 0.60678329 -0.33134652
vn 0.69023135 0.63512217 -0.34669946
vn 0.65191202 0.44648131 0.61291530
vn 0.69618131 -0.63178230 0.34085585
vn 0.82468505 0.39594574 0.40388308
vn 0.83690899 0.38320327 -0.39081786
vn 0.70820257 -0.62417272 -0.32993566
vn 0.87055705 -0.39526221 0.29308397
vn 0.96575923 7.3015104e-2 0.24895364
vn 0.96111542 1.2417671e-2 -0.27586763
vn 0.86940877 -0.39800913 -0.29277489
vn 0.67712062 0.53412260 0.50618249
vn 0.67476451 0.46320128 -0.57457587
vn 0.43462579 -0.71460023 -0.54813040
vn 0.45627094 -0.64969062 0.60804517
vn -0.67141409 -0.71274974 0.20295549
vn -0.65866777 -0.46735221 -0.58969372
vn 0.63119074 -0.47471552 -0.61338685
vn 0.64840784 -0.72237494 0.24029505
vn 0.44318586 -0.52026595 -0.73000660
vn -0.45697693 -0.51632453 -0.72427969
vn -0.53750067 0.68815101 -0.48738200
vn 0.52409943 0.69296806 -0.49509096
vn -0.51763646 -0.83731385 0.17594888
vn 0.52932234 -0.82724501 0.18837078
vn 0.53131229 0.56933375 0.62734866
vn -0.51484894 0.58852538 0.62335258
vn -0.47861863 -0.85139982 0.21457526
vn -0.47646956 -0.57517418 -0.66494468
vn 0.49296816 -0.55958723 -0.66621658
vn 0.49078111 -0.84069316 0.22884252
vn -0.57716937 0.77950608 0.24340459
vn 0.58582891 0.77278836 0.24413654
vn 0.76925890 -0.63220513 9.2506303e-2
vn -0.77123128 -0.63025041 8.9368591e-2
vn -0.59226761 0.75545444 0.28019221
vn 0.59965971 0.74926412 0.28108985
vn 0.78665577 -0.46145102 -0.41016540
vn -0.78606050 -0.45964172 -0.41332600
vn -0.94175931 0.15511895 -0.29837478
vn 0.94189991 0.17629505 -0.28591015
vn 0.94037162 -2.0140176e-2 0.33955205
vn -0.94329299 -4.2008830e-2 0.32929255
vn -0.63342082 -0.73781049 -0.23326754
vn 0.65187458 -0.72393873 -0.22577034
vn 0.65187458 -0.72393873 -0.22577034
vn -0.63342082 -0.73781049 -0.23326754
vn -0.44901746 -0.88648700 0.11191122
vn 0.45885720 -0.88008984 0.12203252
vn 0.75294521 1.0296236e-2 0.65800266
vn -0.75847735 -2.2399133e-2 0.65131435
vn 0.45947628 -0.65674449 -0.59797008
vn -0.44616097 -0.66639308 -0.59737815
vn -0.75920428 0.34768170 -0.55020568
vn 0.75961911 0.37651602 -0.53029660
vn 0.77123427 0.60547363 -0.19646726
vn 0.75807970 0.41225278 0.50533436
vn 0.77646587 -0.59346576 0.21189416
vn 0.75222119 -0.43214555 -0.49740677
vn -0.79251261 0.42116370 0.44107243
vn -0.81402260 0.55560267 -0.16933068
vn -0.79829482 -0.40152051 -0.44889494
vn -0.80941792 -0.56669010 0.15396417
vn 0.43994715 0.79621186 0.41532298
vn 0.44197154 0.79621186 -0.41316805
vn -0.43994715 0.79621186 -0.41532298
vn -0.44197154 0.79621186 0.41316805
vn -0.89504187 -9.6329823e-2 0.43545450
vn -0.88937734 0.10157863 -0.44574627
vn 0.86122146 0.11100369 -0.49595945
vn 0.85540097 -0.11534857 0.50495930
vn -0.99998368 1.8998044e-3 5.3887929e-3
vn 0.99995801 -5.0483416e-3 7.6477495e-3
vn -0.99998960 4.4385184e-3 -1.0494611e-3
vn 0.99999108 -4.0582460e-3 1.1688946e-3
vn -0.92454379 -0.11068781 0.36464640
vn 0.92457096 -0.11691660 0.36262798
vn 0.67819132 9.9939541e-3 -0.73481743
vn -0.69263098 1.3035450e-2 -0.72117432
vn 0.85153999 -0.11728760 0.51100222
vn 0.85370583 0.11269884 -0.50841453
vn -0.88270165 0.10315346 -0.45847264
vn -0.89180125 -9.7878277e-2 0.44171300
vn 0.60117247 -0.24149082 0.76175708
vn -0.57665901 -0.24273598 0.78009207
vn -0.41168700 -0.77258210 0.48335361
vn 0.43075456 -0.76706446 0.47546044
vn 0.43217735 0.35544047 0.82878514
vn -0.41027783 0.35951419 0.83810599
vn 0.71401814 -0.58150687 0.38990750
vn 0.70993358 -0.58026885 -0.39910196
vn 0.70993358 0.58026885 -0.39910196
vn 0.71401814 0.58150687 0.38990750
vn 0.82857459 0.0000000e+0 0.55987869
vn 0.81971954 0.0000000e+0 -0.57276511
vn 0.97073884 -0.20796173 0.12007506
vn 0.97528590 -0.21005519 -6.8514392e-2
vn 0.72078711 -0.15406071 -0.67581894
vn 0.70806545 -0.14995421 0.69004135
vn 2.4434585e-3 -1.4786350e-16 -0.99999701
vn -2.4434585e-3 -2.9608806e-17 0.99999701
vn 0.16342204 0.0000000e+0 0.98655625
vn 0.15218334 0.0000000e+0 -0.98835228
vn -0.97671314 6.0265997e-2 0.20591127
vn -0.62029278 -0.36727820 0.69306825
vn -0.33892283 0.74067613 0.58011222
vn -0.89292512 0.40883070 0.18852638
vn -0.86249139 0.41474705 -0.28998878
vn -0.25876743 0.63955645 -0.72388326
vn -0.51343625 -0.42538538 -0.74527210
vn -0.95873777 8.5169799e-3 -0.28416429
vn -0.24671272 0.80299318 -0.54252629
vn -0.26666640 0.86495138 0.42514486
vn -0.62723768 -0.56271998 0.53844138
vn -0.58772428 -0.62212815 -0.51723954
vn -0.36850225 0.12054950 0.92177758
vn -0.97480117 0.21040243 7.4118121e-2
vn -0.31960707 6.6904778e-2 -0.94518520
vn -0.97239636 0.20620673 -0.10919754
vn -0.73942526 0.65186295 0.16830027
vn -0.72262794 0.63875897 -0.26418901
vn -0.93964395 -0.24856210 -0.23513004
vn -0.95564658 -0.20749263 0.20901297
vn 0.75017512 -0.12965878 0.64840257
vn -0.58677442 -0.21151140 0.78163848
vn -0.41675248 0.53096777 0.73782830
vn -0.86945700 0.20532499 0.44931746
vn 0.66537575 0.38822349 0.63761872
vn -0.85713989 0.32888527 0.39641605
vn -0.90789076 0.11691239 0.40257406
vn 0.45925426 -0.55366678 0.69465000
vn 0.76515687 -0.16533644 -0.62225303
vn -0.30988263 0.47446730 -0.82392568
vn -0.47876060 -0.26364786 -0.83742349
vn -0.82909619 0.17582079 -0.53074151
vn -0.85057173 4.2113161e-2 -0.52417002
vn 0.63669605 0.33404838 -0.69500347
vn 0.44141380 -0.53908009 -0.71731898
vn -0.77944627 0.34016044 -0.52607450
vn -0.11186984 -0.12793831 0.98545265
vn 0.12361872 -0.16544380 0.97844098
vn 0.12451953 -0.42395388 0.89708305
vn -0.11185473 -0.45730427 0.88224788
vn -0.21512432 -0.29114317 0.93217873
vn 0.24274490 -0.29129448 0.92532289
g arm_r_default2
usemtl default2
s 1
f 1089//1089 1094//1094 1198//1198 1199//1199
f 1089//1089 1161//1161 1164//1164 1094//1094
f 1089//1089 1190//1190 1189//1189 1090//1090
f 1090//1090 1162//1162 1161//1161 1089//1089
f 1090//1090 1200//1200 1197//1197 1095//1095
f 1091//1091 1096//1096 1197//1197 1200//1200
f 1091//1091 1099//1099 1098//1098 1096//1096
f 1091//1091 1188//1188 1187//1187 1092//1092
f 1092//1092 1100//1100 1099//1099 1091//1091
f 1092//1092 1199//1199 1198//1198 1093//1093
f 1093//1093 1097//1097 1100//1100 1092//1092
f 1093//1093 1101//1101 1104//1104 1096//1096
f 1093//1093 1198//1198 1196//1196 1101//1101
f 1094//1094 1102//1102 1196//1196 1198//1198
f 1094//1094 1164//1164 1163//1163 1095//1095
f 1095//1095 1103//1103 1102//1102 1094//1094
f 1095//1095 1163//1163 1162//1162 1090//1090
f 1095//1095 1197//1197 1195//1195 1103//1103
f 1096//1096 1098//1098 1097//1097 1093//1093
f 1096//1096 1104//1104 1195//1195 1197//1197
f 1097//1097 1133//1133 1134//1134 1100//1100
f 1097//1097 1157//1157 1165//1165 1180//1180
f 1098//1098 1119//1119 1176//1176 1179//1179
f 1098//1098 1158//1158 1157//1157 1097//1097
f 1099//1099 1120//1120 1119//1119 1098//1098
f 1099//1099 1153//1153 1167//1167 1178//1178
f 1100//1100 1134//1134 1170//1170 1177//1177
f 1100//1100 1154//1154 1153//1153 1099//1099
f 1101//1101 1105//1105 1108//1108 1104//1104
f 1101//1101 1196//1196 1194//1194 1105//1105
f 1102//1102 1106//1106 1194//1194 1196//1196
f 1103//1103 1107//1107 1106//1106 1102//1102
f 1103//1103 1195//1195 1193//1193 1107//1107
f 1104//1104 1108//1108 1193//1193 1195//1195
f 1105//1105 1112//1112 1111//1111 1108//1108
f 1105//1105 1228//1228 1222//1222 1202//1202
f 1106//1106 1109//1109 1210//1210 1203//1203
f 1106//1106 1225//1225 1221//1221 1194//1194
f 1107//1107 1110//1110 1109//1109 1106//1106
f 1107//1107 1234//1234 1230//1230 1206//1206
f 1108//1108 1111//1111 1212//1212 1207//1207
f 1108//1108 1235//1235 1229//1229 1193//1193
f 1109//1109 1110//1110 1209//1209 1210//1210
f 1111//1111 1112//1112 1211//1211 1212//1212
f 1113//1113 1125//1125 1128//1128 1116//1116
f 1113//1113 1160//1160 1159//1159 1114//1114
f 1113//1113 1180//1180 1165//1165 1160//1160
f 1114//1114 1118//1118 1117//1117 1115//1115
f 1114//1114 1126//1126 1125//1125 1113//1113
f 1114//1114 1179//1179 1176//1176 1118//1118
f 1115//1115 1127//1127 1126//1126 1114//1114
f 1115//1115 1156//1156 1155//1155 1116//1116
f 1115//1115 1178//1178 1167//1167 1156//1156
f 1116//1116 1128//1128 1127//1127 1115//1115
f 1116//1116 1135//1135 1136//1136 1113//1113
f 1116//1116 1177//1177 1170//1170 1135//1135
f 1117//1117 1175//1175 1178//1178 1115//1115
f 1118//1118 1176//1176 1175//1175 1117//1117
f 1119//1119 1120//1120 1175//1175 1176//1176
f 1121//1121 1132//1132 1131//1131 1122//1122
f 1121//1121 1238//1238 1242//1242 1173//1173
f 1122//1122 1237//1237 1238//1238 1121//1121
f 1123//1123 1130//1130 1129//1129 1124//1124
f 1123//1123 1240//1240 1241//1241 1174//1174
f 1124//1124 1239//1239 1240//1240 1123//1123
f 1126//1126 1127//1127 1128//1128 1125//1125
f 1129//1129 1133//1133 1169//1169 1171//1171
f 1129//1129 1171//1171 1173//1173 1124//1124
f 1130//1130 1134//1134 1133//1133 1129//1129
f 1130//1130 1172//1172 1170//1170 1134//1134
f 1131//1131 1135//1135 1170//1170 1172//1172
f 1131//1131 1139//1139 1138//1138 1135//1135
f 1131//1131 1172//1172 1174//1174 1122//1122
f 1132//1132 1140//1140 1139//1139 1131//1131
f 1132//1132 1171//1171 1169//1169 1136//1136
f 1135//1135 1138//1138 1137//1137 1136//1136
f 1136//1136 1137//1137 1140//1140 1132//1132
f 1136//1136 1169//1169 1180//1180 1113//1113
f 1137//1137 1141//1141 1144//1144 1140//1140
f 1137//1137 1151//1151 1150//1150 1141//1141
f 1138//1138 1152//1152 1151//1151 1137//1137
f 1139//1139 1143//1143 1142//1142 1138//1138
f 1139//1139 1147//1147 1146//1146 1143//1143
f 1140//1140 1148//1148 1147//1147 1139//1139
f 1141//1141 1150//1150 1149//1149 1142//1142
f 1142//1142 1143//1143 1144//1144 1141//1141
f 1142//1142 1149//1149 1152//1152 1138//1138
f 1143//1143 1146//1146 1145//1145 1144//1144
f 1144//1144 1145//1145 1148//1148 1140//1140
f 1146//1146 1147//1147 1148//1148 1145//1145
f 1150//1150 1151//1151 1152//1152 1149//1149
f 1154//1154 1168//1168 1167//1167 1153//1153
f 1155//1155 1156//1156 1167//1167 1168//1168
f 1158//1158 1166//1166 1165//1165 1157//1157
f 1159//1159 1160//1160 1165//1165 1166//1166
f 1162//1162 1163//1163 1164//1164 1161//1161
f 1166//1166 1179//1179 1114//1114 1159//1159
f 1168//1168 1177//1177 1116//1116 1155//1155
f 1173//1173 1171//1171 1132//1132 1121//1121
f 1173//1173 1242//1242 1239//1239 1124//1124
f 1174//1174 1172//1172 1130//1130 1123//1123
f 1174//1174 1241//1241 1237//1237 1122//1122
f 1177//1177 1168//1168 1154//1154 1100//1100
f 1178//1178 1175//1175 1120//1120 1099//1099
f 1179//1179 1166//1166 1158//1158 1098//1098
f 1180//1180 1169//1169 1133//1133 1097//1097
f 1181//1181 1185//1185 1186//1186 1182//1182
f 1181//1181 1242//1242 1238//1238 1185//1185
f 1182//1182 1183//1183 1184//1184 1181//1181
f 1182//1182 1186//1186 1237//1237 1241//1241
f 1183//1183 1240//1240 1239//1239 1184//1184
f 1184//1184 1239//1239 1242//1242 1181//1181
f 1185//1185 1238//1238 1237//1237 1186//1186
f 1187//1187 1191//1191 1199//1199 1092//1092
f 1188//1188 1192//1192 1191//1191 1187//1187
f 1189//1189 1192//1192 1200//1200 1090//1090
f 1190//1190 1191//1191 1192//1192 1189//1189
f 1193//1193 1229//1229 1234//1234 1107//1107
f 1194//1194 1221//1221 1228//1228 1105//1105
f 1199//1199 1191//1191 1190//1190 1089//1089
f 1200//1200 1192//1192 1188//1188 1091//1091
f 1201//1201 1214//1214 1216//1216 1208//1208
f 1202//1202 1211//1211 1112//1112 1105//1105
f 1202//1202 1222//1222 1227//1227 1201//1201
f 1203//1203 1210//1210 1217//1217 1204//1204
f 1203//1203 1223//1223 1225//1225 1106//1106
f 1204//1204 1217//1217 1218//1218 1205//1205
f 1204//1204 1226//1226 1223//1223 1203//1203
f 1205//1205 1216//1216 1214//1214 1204//1204
f 1206//1206 1209//1209 1110//1110 1107//1107
f 1206//1206 1230//1230 1236//1236 1205//1205
f 1207//1207 1212//1212 1219//1219 1208//1208
f 1207//1207 1231//1231 1235//1235 1108//1108
f 1208//1208 1219//1219 1220//1220 1201//1201
f 1208//1208 1233//1233 1231//1231 1207//1207
f 1209//1209 1206//1206 1205//1205 1218//1218
f 1211//1211 1202//1202 1201//1201 1220//1220
f 1213//1213 1222//1222 1228//1228 1221//1221
f 1213//1213 1224//1224 1227//1227 1222//1222
f 1214//1214 1201//1201 1227//1227 1224//1224
f 1215//1215 1230//1230 1234//1234 1229//1229
f 1215//1215 1232//1232 1236//1236 1230//1230
f 1216//1216 1205//1205 1236//1236 1232//1232
f 1218//1218 1217//1217 1210//1210 1209//1209
f 1220//1220 1219//1219 1212//1212 1211//1211
f 1221//1221 1225//1225 1223//1223 1213//1213
f 1223//1223 1226//1226 1224//1224 1213//1213
f 1224//1224 1226//1226 1204//1204 1214//1214
f 1229//1229 1235//1235 1231//1231 1215//1215
f 1231//1231 1233//1233 1232//1232 1215//1215
f 1232//1232 1233//1233 1208//1208 1216//1216
f 1241//1241 1240//1240 1183//1183 1182//1182
o shoulder_r
#62 vertices, 60 faces
v -3.16103776 5.01019394 -1.20538494
v -3.16103776 3.53233304 -1.20538494
v -3.16910630 3.53233304 -0.15473921
v -3.16910630 5.01019394 -0.15473921
v -3.78337868 4.43197362 -1.21016427
v -3.78337868 3.80596338 -1.21016427
v -3.79144722 3.80596338 -0.15951854
v -3.79144722 4.43197362 -0.15951854
v -3.78337868 5.73848671 -1.21016427
v -3.79144722 5.73848671 -0.15951854
v -3.16910630 5.73848671 -0.15473921
v -3.16103776 5.73848671 -1.20538494
v -3.78337868 6.87747631 -1.21016427
v -3.79144722 6.87747631 -0.15951854
v -3.16910630 6.87747631 -0.15473921
v -3.16103776 6.87747631 -1.20538494
v -3.18703697 5.41042306 2.18010567
v -3.80937789 5.41042306 2.17532634
v -3.80804202 4.51300501 2.00137465
v -3.18570109 4.51300501 2.00615398
v -3.77759946 6.44658623 -1.96270679
v -3.15525853 6.44658623 -1.95792746
v -3.15525853 5.73848671 -1.95792746
v -3.77759946 5.73848671 -1.96270679
v -2.86550214 5.73848671 -0.15240765
v -2.85743360 5.73848671 -1.20305338
v -2.86550214 6.87747631 -0.15240765
v -2.85743360 6.87747631 -1.20305338
v -2.85222468 5.78100781 -1.88133350
v -2.85222468 6.48910732 -1.88133350
v -2.88275833 5.46560813 2.09460908
v -2.88142245 4.56819008 1.92065739
v -3.16807430 7.16544600 -0.28912110
v -3.16206976 7.16544600 -1.07100304
v -2.86447014 7.10218738 -0.28678954
v -2.85846560 7.10218738 -1.06867149
v -3.78441068 7.16544600 -1.07578237
v -3.79041522 7.16544600 -0.29390043
v -4.09961422 4.53388164 -0.24386691
v -4.09961422 4.53388164 -1.13061190
v -4.09961422 5.63657869 -1.13061190
v -4.09961422 5.63657869 -0.24386691
v -4.06906422 5.73848671 -1.21235822
v -4.07713275 5.73848671 -0.16171249
v -4.06906422 6.87747631 -1.21235822
v -4.07713275 6.87747631 -0.16171249
v -4.09305306 4.56819008 1.91135255
v -4.09438894 5.46560813 2.08530424
v -4.07610076 7.10218738 -0.29609438
v -4.07009622 7.10218738 -1.07797632
v -4.06385530 6.48910732 -1.89063834
v -4.06385530 5.78100781 -1.89063834
v -4.09961422 5.08523017 -9.3763958e-4
v -4.09961422 5.08523017 -1.37108734
v -3.19329492 5.37434033 -1.44586037
v -3.13651998 5.37434033 8.8190058e-2
v -3.75886090 5.08523017 8.3410729e-2
v -3.81563584 5.08523017 -1.45063970
v -1.37425413 4.93875936 -1.08318585
v -1.37425413 3.46089845 -1.12490724
v -1.37425413 3.46089845 0.28915425
v -1.37425413 4.93875936 0.33087564
vn 0.42467020 0.18913152 -0.88537252
vn -0.13549335 -0.68223937 -0.71846433
vn -0.24682115 -0.67880987 0.69158982
vn 0.35100687 0.18262383 0.91839137
vn -0.37519838 -0.48662173 -0.78893946
vn -0.71503076 -0.46929797 -0.51816063
vn -0.72290448 -0.46929797 0.50711786
vn -0.37586684 -0.49492353 0.78343782
vn -0.33225571 -0.53652851 -0.77572115
vn -0.47724286 -0.68879963 0.54570534
vn 0.36530875 -0.92994060 -4.1952352e-2
vn 0.33745822 -0.88326246 -0.32552937
vn -7.8302712e-3 0.68552002 -0.72801167
vn -1.9036711e-2 0.67045612 0.74170493
vn 6.8572635e-3 0.67045569 0.74191788
vn 1.8219972e-2 0.68551936 -0.72782638
vn 8.5690993e-2 0.40359824 0.91091466
vn -0.10498414 0.40429090 0.90858527
vn -0.14437975 -0.90657899 0.39657159
vn 0.13064083 -0.90674718 0.40092709
vn -6.6484185e-2 0.50426508 -0.86098582
vn 7.5599463e-2 0.50396595 -0.86040865
vn 0.11476358 -0.70213949 -0.70273000
vn -0.11051899 -0.70217546 -0.70337414
vn 0.72155674 -0.67087928 -0.17110480
vn 0.72030068 -0.69364565 -4.7590330e-3
vn 0.84187247 0.36323765 0.39913551
vn 0.84921938 0.36968693 -0.37703849
vn 0.68420731 -0.51723079 -0.51413293
vn 0.59263843 0.41182554 -0.69222786
vn 0.62351478 0.32106593 0.71284359
vn 0.75241485 -0.60494779 0.26059559
vn 7.0391089e-2 0.84567115 0.52904197
vn 7.8507969e-2 0.84567115 -0.52789848
vn 0.59157902 0.68528981 0.42474950
vn 0.59803267 0.68528981 -0.41561375
vn -7.4913302e-2 0.84517028 -0.52922131
vn -8.3032402e-2 0.84517028 0.52800835
vn -0.71153203 -0.58016215 0.39640139
vn -0.71226066 -0.58171319 -0.39280340
vn -0.71226066 0.58171319 -0.39280340
vn -0.71153203 0.58016215 0.39640139
vn -0.72096703 -0.69278893 -1.5812887e-2
vn -0.71892977 -0.67079319 -0.18214411
vn -0.84358683 0.36941301 -0.38973746
vn -0.84815852 0.36296911 0.38585043
vn -0.76149293 -0.60042608 0.24416601
vn -0.64038821 0.32045819 0.69800393
vn -0.60320431 0.68167744 0.41407780
vn -0.59677363 0.68167744 -0.42329315
vn -0.58697184 0.41069573 -0.69770558
vn -0.68209872 -0.51420280 -0.51993924
vn -0.82213903 0.0000000e+0 0.56928675
vn -0.82594287 0.0000000e+0 -0.56375382
vn 0.77063567 1.2328302e-2 -0.63715671
vn 0.78617080 -1.5579756e-3 0.61800731
vn -0.10892578 -1.2169703e-3 0.99404914
vn -0.11290146 9.8252607e-3 -0.99355761
vn 0.61072826 0.56412052 -0.55567889
vn 0.58714455 -0.56854537 -0.57620955
vn 0.45157999 -0.64511634 0.61636062
vn 0.49580910 0.61956989 0.60852813
g shoulder_r_default2
usemtl default2
s 1
f 1243//1243 1297//1297 1298//1298 1246//1246
f 1243//1243 1301//1301 1302//1302 1244//1244
f 1244//1244 1248//1248 1247//1247 1243//1243
f 1244//1244 1302//1302 1303//1303 1245//1245
f 1245//1245 1249//1249 1248//1248 1244//1244
f 1245//1245 1303//1303 1304//1304 1246//1246
f 1246//1246 1250//1250 1249//1249 1245//1245
f 1246//1246 1298//1298 1299//1299 1250//1250
f 1246//1246 1304//1304 1301//1301 1243//1243
f 1247//1247 1282//1282 1296//1296 1300//1300
f 1247//1247 1300//1300 1297//1297 1243//1243
f 1248//1248 1249//1249 1250//1250 1247//1247
f 1250//1250 1281//1281 1282//1282 1247//1247
f 1251//1251 1266//1266 1265//1265 1254//1254
f 1251//1251 1283//1283 1284//1284 1252//1252
f 1251//1251 1285//1285 1294//1294 1266//1266
f 1251//1251 1300//1300 1296//1296 1283//1283
f 1252//1252 1286//1286 1285//1285 1251//1251
f 1252//1252 1299//1299 1298//1298 1253//1253
f 1253//1253 1262//1262 1261//1261 1252//1252
f 1253//1253 1298//1298 1297//1297 1254//1254
f 1254//1254 1265//1265 1271//1271 1268//1268
f 1254//1254 1268//1268 1267//1267 1253//1253
f 1254//1254 1297//1297 1300//1300 1251//1251
f 1255//1255 1287//1287 1292//1292 1279//1279
f 1256//1256 1260//1260 1259//1259 1257//1257
f 1256//1256 1288//1288 1290//1290 1260//1260
f 1257//1257 1275//1275 1280//1280 1256//1256
f 1258//1258 1255//1255 1279//1279 1276//1276
f 1258//1258 1264//1264 1263//1263 1255//1255
f 1258//1258 1270//1270 1272//1272 1264//1264
f 1259//1259 1273//1273 1269//1269 1257//1257
f 1260//1260 1261//1261 1262//1262 1259//1259
f 1260//1260 1290//1290 1289//1289 1261//1261
f 1261//1261 1289//1289 1286//1286 1252//1252
f 1262//1262 1274//1274 1273//1273 1259//1259
f 1263//1263 1293//1293 1287//1287 1255//1255
f 1264//1264 1265//1265 1266//1266 1263//1263
f 1264//1264 1272//1272 1271//1271 1265//1265
f 1266//1266 1294//1294 1293//1293 1263//1263
f 1267//1267 1268//1268 1270//1270 1269//1269
f 1267//1267 1274//1274 1262//1262 1253//1253
f 1268//1268 1271//1271 1272//1272 1270//1270
f 1269//1269 1273//1273 1274//1274 1267//1267
f 1269//1269 1277//1277 1275//1275 1257//1257
f 1270//1270 1278//1278 1277//1277 1269//1269
f 1275//1275 1277//1277 1278//1278 1276//1276
f 1276//1276 1278//1278 1270//1270 1258//1258
f 1276//1276 1279//1279 1280//1280 1275//1275
f 1279//1279 1292//1292 1291//1291 1280//1280
f 1280//1280 1291//1291 1288//1288 1256//1256
f 1281//1281 1295//1295 1296//1296 1282//1282
f 1283//1283 1296//1296 1295//1295 1284//1284
f 1284//1284 1295//1295 1299//1299 1252//1252
f 1285//1285 1286//1286 1288//1288 1287//1287
f 1286//1286 1289//1289 1290//1290 1288//1288
f 1287//1287 1293//1293 1294//1294 1285//1285
f 1288//1288 1291//1291 1292//1292 1287//1287
f 1299//1299 1295//1295 1281//1281 1250//1250
f 1301//1301 1304//1304 1303//1303 1302//1302
o head
#100 vertices, 98 faces
v -0.55897749 6.36716057 0.18900031
v 1.4446442e-2 6.42746978 0.21973148
v 1.4446442e-2 6.36716057 -0.83977561
v -0.55897749 6.36716057 -0.83977561
v -0.75219428 7.25146625 0.21398194
v 1.4446442e-2 7.44032150 0.20186907
v 1.4446442e-2 7.44032150 -0.83977561
v -0.75347547 7.25097602 -0.83472457
v -0.58317422 6.08041773 1.62080859
v 1.4446442e-2 5.97195737 1.89012960
v 1.4446442e-2 6.96941854 1.72100045
v 1.4446442e-2 6.61024351 -2.19776710
v -0.67906463 6.59985343 -1.93281077
v 1.4446442e-2 7.27834324 -2.06479879
v -0.69202654 6.72004867 -1.89955350
v -0.65526415 6.42382265 1.56070827
v -0.63352274 6.86217060 -0.83977561
v -0.63352620 6.86214097 0.21021685
v -0.48601841 7.03825091 -1.91204330
v -0.48324316 6.72932621 1.57877982
v -0.40646570 7.29019972 -0.83977561
v -0.40646570 7.29019972 0.20186907
v -0.52631865 6.47886474 1.60778312
v -0.52252149 6.79772758 -1.94647866
v -0.82874391 7.08379158 -1.85464331
v -0.78652589 6.97302662 -0.84484316
v -0.78645189 6.97366051 0.20995801
v -0.56495277 7.33473966 -0.84832279
v -0.56689920 7.33415081 0.22587524
v -0.84716386 6.83003495 -1.91116903
v -0.64115948 7.16909830 -1.91756245
v -0.75780739 6.77004469 -2.14805265
v -0.55137907 7.08576903 -2.19127878
v -0.88589767 7.13143808 -2.09816587
v -0.58788215 6.84524570 -2.19127878
v -0.90502458 6.87778873 -2.10344757
v -0.70443777 7.21794843 -2.14406945
v -0.82414118 6.61820604 1.25176703
v -0.62411808 6.94467280 1.29450957
v -0.47086096 6.81950258 1.34709774
v -0.67849984 6.50903247 1.30122515
v -0.80162910 6.85976218 1.24575108
v 1.4446442e-2 7.05959491 1.47495766
v 1.4446442e-2 5.95915980 1.59482771
v -0.58302832 6.06799256 1.39022926
v -0.51088370 6.59238806 1.34709774
v -0.75874618 6.80177327 1.45912884
v -0.55115396 6.61086815 1.45912884
v -0.52257773 6.77302792 1.45912884
v -0.63200331 6.86239945 1.45912884
v -0.77481981 6.62930218 1.45912884
v -0.67083189 6.55135225 1.45912884
v -0.40515736 6.16712386 -0.67969912
v 1.4446442e-2 6.16712386 -0.67969912
v 1.4446442e-2 6.13611578 0.22031824
v -0.40515736 6.16712386 0.13644878
v 0.58787037 6.36716057 0.18900031
v 0.58787037 6.36716057 -0.83977561
v 0.78108716 7.25146625 0.21398194
v 0.78236836 7.25097602 -0.83472457
v 0.61206711 6.08041773 1.62080859
v 0.70795751 6.59985343 -1.93281077
v 0.72091943 6.72004867 -1.89955350
v 0.68415703 6.42382265 1.56070827
v 0.66241562 6.86217060 -0.83977561
v 0.66241908 6.86214097 0.21021685
v 0.51491129 7.03825091 -1.91204330
v 0.51213604 6.72932621 1.57877982
v 0.43535858 7.29019972 -0.83977561
v 0.43535858 7.29019972 0.20186907
v 0.55521153 6.47886474 1.60778312
v 0.55141437 6.79772758 -1.94647866
v 0.85763679 7.08379158 -1.85464331
v 0.81541877 6.97302662 -0.84484316
v 0.81534478 6.97366051 0.20995801
v 0.59384566 7.33473966 -0.84832279
v 0.59579209 7.33415081 0.22587524
v 0.87605674 6.83003495 -1.91116903
v 0.67005236 7.16909830 -1.91756245
v 0.78670027 6.77004469 -2.14805265
v 0.58027196 7.08576903 -2.19127878
v 0.91479056 7.13143808 -2.09816587
v 0.61677503 6.84524570 -2.19127878
v 0.93391746 6.87778873 -2.10344757
v 0.73333066 7.21794843 -2.14406945
v 0.85303407 6.61820604 1.25176703
v 0.65301097 6.94467280 1.29450957
v 0.49975384 6.81950258 1.34709774
v 0.70739272 6.50903247 1.30122515
v 0.83052198 6.85976218 1.24575108
v 0.61192120 6.06799256 1.39022926
v 0.53977658 6.59238806 1.34709774
v 0.78763906 6.80177327 1.45912884
v 0.58004684 6.61086815 1.45912884
v 0.55147061 6.77302792 1.45912884
v 0.66089620 6.86239945 1.45912884
v 0.80371269 6.62930218 1.45912884
v 0.69972477 6.55135225 1.45912884
v 0.43405025 6.16712386 -0.67969912
v 0.43405025 6.16712386 0.13644878
vn -0.80126474 -0.57265091 0.17333713
vn 0.0000000e+0 -0.84326461 0.53749866
vn 0.0000000e+0 -0.85608276 -0.51683877
vn -0.72447738 -0.64931817 -0.23134055
vn -0.81546145 0.57272483 8.3719175e-2
vn 1.5183357e-17 0.98709852 0.16011406
vn -1.5007824e-17 0.99677674 -8.0225499e-2
vn -0.81271185 0.58240787 -1.7335587e-2
vn -0.72906758 -0.51135868 0.45494259
vn 1.3687239e-17 -0.36219320 0.93210304
vn 1.7675044e-17 0.62519501 0.78046858
vn -1.3241560e-17 -0.27846033 -0.96044773
vn -0.70669830 -0.47013942 -0.52872152
vn 0.0000000e+0 0.71467933 -0.69945225
vn -0.63588242 -0.71648303 -0.28688954
vn -0.79124340 0.29753569 0.53423439
vn -0.85405745 -0.51685952 5.8669521e-2
vn -0.84374958 -0.52738779 -9.9743495e-2
vn 0.40239198 0.78484265 -0.47127775
vn -0.72939773 0.46581610 0.50099333
vn 2.7218054e-3 0.99547393 -9.4996078e-2
vn -1.6726986e-2 0.98438798 0.17521563
vn -0.65961304 0.37043313 0.65398007
vn 0.23018091 -0.25230606 -0.93987148
vn -0.80821762 0.57183357 0.14067923
vn -0.91273589 -0.40474954 5.5596728e-2
vn -0.91177023 -0.40206334 -8.3786183e-2
vn -2.2173644e-2 0.99605225 -8.5954923e-2
vn -4.4225534e-2 0.98318276 0.17718849
vn -0.89632903 -0.42514888 0.12586782
vn 0.10695849 0.99410422 -1.7795539e-2
vn -0.23849557 -0.77870935 -0.58028580
vn 0.42127326 0.27930815 -0.86285329
vn -0.82575168 0.51664091 -0.22631026
vn 0.49827457 -0.47896638 -0.72271271
vn -0.75231196 -0.25068920 -0.60924679
vn 2.4635939e-2 0.92232545 -0.38562785
vn -0.91640711 -0.39802364 4.2133083e-2
vn 1.0831869e-2 0.91391739 0.40575568
vn -8.8821392e-3 0.87996030 0.47496418
vn -0.84065340 -0.52999884 0.11136918
vn -0.81063157 0.53211457 0.24439833
vn 0.0000000e+0 0.94370024 0.33080185
vn 0.0000000e+0 -0.99251672 -0.12210881
vn -0.67319366 -0.73321005 -9.5986060e-2
vn -0.15399293 -5.8835621e-2 0.98631869
vn -0.46153274 0.29806489 0.83555063
vn 0.42547123 -0.33695598 0.83990172
vn 0.60167841 0.24063236 0.76162928
vn 2.4947982e-2 0.65432656 0.75580047
vn -0.70801991 -0.29921270 0.63967146
vn -9.6624205e-2 -0.74579768 0.65912790
vn -0.32949573 -0.88901126 -0.31794896
vn 0.0000000e+0 -0.89732124 -0.44137806
vn -4.6489634e-18 -0.76217058 0.64737624
vn -0.42498003 -0.79213406 0.43808173
vn 0.80126474 -0.57265091 0.17333713
vn 0.72447738 -0.64931817 -0.23134055
vn 0.81546145 0.57272483 8.3719175e-2
vn 0.81271185 0.58240787 -1.7335587e-2
vn 0.72906758 -0.51135868 0.45494259
vn 0.70669830 -0.47013942 -0.52872152
vn 0.63588242 -0.71648303 -0.28688954
vn 0.79124340 0.29753569 0.53423439
vn 0.85405745 -0.51685952 5.8669521e-2
vn 0.84374958 -0.52738779 -9.9743495e-2
vn -0.40239198 0.78484265 -0.47127775
vn 0.72939773 0.46581610 0.50099333
vn -2.7218054e-3 0.99547393 -9.4996078e-2
vn 1.6726986e-2 0.98438798 0.17521563
vn 0.65961304 0.37043313 0.65398007
vn -0.23018091 -0.25230606 -0.93987148
vn 0.80821762 0.57183357 0.14067923
vn 0.91273589 -0.40474954 5.5596728e-2
vn 0.91177023 -0.40206334 -8.3786183e-2
vn 2.2173644e-2 0.99605225 -8.5954923e-2
vn 4.4225534e-2 0.98318276 0.17718849
vn 0.89632903 -0.42514888 0.12586782
vn -0.10695849 0.99410422 -1.7795539e-2
vn 0.23849557 -0.77870935 -0.58028580
vn -0.42127326 0.27930815 -0.86285329
vn 0.82575168 0.51664091 -0.22631026
vn -0.49827457 -0.47896638 -0.72271271
vn 0.75231196 -0.25068920 -0.60924679
vn -2.4635939e-2 0.92232545 -0.38562785
vn 0.91640711 -0.39802364 4.2133083e-2
vn -1.0831869e-2 0.91391739 0.40575568
vn 8.8821392e-3 0.87996030 0.47496418
vn 0.84065340 -0.52999884 0.11136918
vn 0.81063157 0.53211457 0.24439833
vn 0.67319366 -0.73321005 -9.5986060e-2
vn 0.15399293 -5.8835621e-2 0.98631869
vn 0.46153274 0.29806489 0.83555063
vn -0.42547123 -0.33695598 0.83990172
vn -0.60167841 0.24063236 0.76162928
vn -2.4947982e-2 0.65432656 0.75580047
vn 0.70801991 -0.29921270 0.63967146
vn 9.6624205e-2 -0.74579768 0.65912790
vn 0.32949573 -0.88901126 -0.31794896
vn 0.42498003 -0.79213406 0.43808173
g head_default2
usemtl default2
s 1
f 1305//1305 1322//1322 1321//1321 1308//1308
f 1305//1305 1349//1349 1345//1345 1322//1322
f 1305//1305 1360//1360 1359//1359 1306//1306
f 1306//1306 1348//1348 1349//1349 1305//1305
f 1306//1306 1361//1361 1395//1395 1348//1348
f 1307//1307 1358//1358 1357//1357 1308//1308
f 1307//1307 1362//1362 1403//1403 1358//1358
f 1308//1308 1317//1317 1316//1316 1307//1307
f 1308//1308 1357//1357 1360//1360 1305//1305
f 1309//1309 1331//1331 1342//1342 1346//1346
f 1310//1310 1311//1311 1325//1325 1326//1326
f 1310//1310 1374//1374 1373//1373 1311//1311
f 1311//1311 1373//1373 1371//1371 1318//1318
f 1312//1312 1309//1309 1333//1333 1332//1332
f 1312//1312 1330//1330 1331//1331 1309//1309
f 1313//1313 1349//1349 1348//1348 1314//1314
f 1314//1314 1327//1327 1320//1320 1313//1313
f 1314//1314 1375//1375 1372//1372 1315//1315
f 1315//1315 1324//1324 1327//1327 1314//1314
f 1315//1315 1347//1347 1344//1344 1324//1324
f 1315//1315 1372//1372 1392//1392 1347//1347
f 1316//1316 1366//1366 1362//1362 1307//1307
f 1316//1316 1376//1376 1367//1367 1366//1366
f 1317//1317 1319//1319 1328//1328 1316//1316
f 1318//1318 1316//1316 1328//1328 1323//1323
f 1318//1318 1371//1371 1376//1376 1316//1316
f 1319//1319 1336//1336 1339//1339 1328//1328
f 1320//1320 1345//1345 1349//1349 1313//1313
f 1321//1321 1319//1319 1317//1317 1308//1308
f 1321//1321 1322//1322 1331//1331 1330//1330
f 1322//1322 1345//1345 1342//1342 1331//1331
f 1323//1323 1325//1325 1311//1311 1318//1318
f 1323//1323 1328//1328 1339//1339 1337//1337
f 1323//1323 1335//1335 1332//1332 1325//1325
f 1324//1324 1344//1344 1350//1350 1327//1327
f 1326//1326 1325//1325 1332//1332 1333//1333
f 1326//1326 1344//1344 1347//1347 1310//1310
f 1327//1327 1350//1350 1345//1345 1320//1320
f 1329//1329 1334//1334 1330//1330 1312//1312
f 1329//1329 1335//1335 1341//1341 1338//1338
f 1330//1330 1334//1334 1319//1319 1321//1321
f 1332//1332 1335//1335 1329//1329 1312//1312
f 1333//1333 1343//1343 1344//1344 1326//1326
f 1334//1334 1340//1340 1336//1336 1319//1319
f 1337//1337 1341//1341 1335//1335 1323//1323
f 1338//1338 1340//1340 1334//1334 1329//1329
f 1338//1338 1341//1341 1337//1337 1340//1340
f 1339//1339 1336//1336 1340//1340 1337//1337
f 1342//1342 1355//1355 1351//1351 1346//1346
f 1343//1343 1354//1354 1353//1353 1344//1344
f 1344//1344 1353//1353 1352//1352 1350//1350
f 1345//1345 1356//1356 1355//1355 1342//1342
f 1346//1346 1343//1343 1333//1333 1309//1309
f 1346//1346 1351//1351 1354//1354 1343//1343
f 1347//1347 1392//1392 1374//1374 1310//1310
f 1348//1348 1395//1395 1365//1365 1314//1314
f 1350//1350 1352//1352 1356//1356 1345//1345
f 1351//1351 1355//1355 1356//1356 1352//1352
f 1352//1352 1353//1353 1354//1354 1351//1351
f 1358//1358 1403//1403 1404//1404 1359//1359
f 1359//1359 1360//1360 1357//1357 1358//1358
f 1359//1359 1404//1404 1361//1361 1306//1306
f 1361//1361 1404//1404 1403//1403 1362//1362
f 1362//1362 1366//1366 1367//1367 1369//1369
f 1362//1362 1369//1369 1370//1370 1361//1361
f 1363//1363 1379//1379 1378//1378 1364//1364
f 1363//1363 1381//1381 1391//1391 1394//1394
f 1364//1364 1377//1377 1383//1383 1380//1380
f 1364//1364 1378//1378 1382//1382 1377//1377
f 1365//1365 1368//1368 1375//1375 1314//1314
f 1365//1365 1395//1395 1393//1393 1368//1368
f 1367//1367 1384//1384 1388//1388 1382//1382
f 1368//1368 1393//1393 1396//1396 1375//1375
f 1369//1369 1367//1367 1382//1382 1378//1378
f 1370//1370 1393//1393 1395//1395 1361//1361
f 1371//1371 1383//1383 1389//1389 1385//1385
f 1373//1373 1380//1380 1383//1383 1371//1371
f 1374//1374 1392//1392 1391//1391 1381//1381
f 1375//1375 1396//1396 1392//1392 1372//1372
f 1376//1376 1387//1387 1384//1384 1367//1367
f 1377//1377 1382//1382 1388//1388 1386//1386
f 1378//1378 1379//1379 1370//1370 1369//1369
f 1379//1379 1390//1390 1393//1393 1370//1370
f 1380//1380 1381//1381 1363//1363 1364//1364
f 1381//1381 1380//1380 1373//1373 1374//1374
f 1385//1385 1387//1387 1376//1376 1371//1371
f 1385//1385 1388//1388 1384//1384 1387//1387
f 1386//1386 1389//1389 1383//1383 1377//1377
f 1388//1388 1385//1385 1389//1389 1386//1386
f 1390//1390 1401//1401 1402//1402 1393//1393
f 1391//1391 1400//1400 1397//1397 1394//1394
f 1392//1392 1399//1399 1400//1400 1391//1391
f 1393//1393 1402//1402 1398//1398 1396//1396
f 1394//1394 1390//1390 1379//1379 1363//1363
f 1394//1394 1397//1397 1401//1401 1390//1390
f 1396//1396 1398//1398 1399//1399 1392//1392
f 1397//1397 1400//1400 1399//1399 1398//1398
f 1398//1398 1402//1402 1401//1401 1397//1397
o torso
#352 vertices, 350 faces
v 1.0687781e-2 3.10615915 1.50490312
v -0.57022628 3.10615915 1.50490312
v -0.57022628 3.05133293 -1.36979397
v 1.0687781e-2 3.05133293 -1.36979397
v -0.95611276 4.52528460 -1.55098716
v 1.0687781e-2 4.58411849 -2.74975523
v -0.95611276 4.58411849 -2.74975523
v -1.15018074 5.28308473 -1.23890868
v 1.0687781e-2 5.28308473 -2.97069143
v -1.15018074 5.28308473 -2.97069143
v -0.95611276 5.97536230 0.37033450
v 1.0687781e-2 5.97536230 0.37033450
v 1.0687781e-2 5.97536230 -1.23890868
v -0.95611276 5.97536230 -1.23890868
v 1.0687781e-2 5.97536230 -2.39503552
v -0.63638454 5.97902436 -2.37640996
v -0.85579250 5.66521441 1.03145310
v 1.0687781e-2 5.66521441 1.03145310
v -2.38346419 5.38227257 0.30465783
v -2.38346419 5.38227257 -1.23890868
v -2.11862665 5.92041763 0.30465783
v -2.08521165 5.97536230 -1.23890868
v -2.15300168 5.12721406 0.94389101
v -1.87317451 5.65487471 1.03145310
v -1.30930102 5.38227257 -3.42536864
v -1.09873472 5.97536230 -3.32117627
v 1.0687781e-2 5.97536230 -3.31823342
v 1.0687781e-2 5.38227257 -3.45192050
v -0.67561335 3.56211684 2.27348070
v -0.67561335 4.92212083 2.06756387
v 1.0687781e-2 3.56211684 2.27348070
v 1.0687781e-2 4.92212083 2.06756387
v -1.52421283 5.00637227 2.02205355
v -1.82246537 3.87892166 2.06166426
v -0.67561335 3.53562584 2.95508690
v -0.67561335 4.94966260 2.95548814
v 1.0687781e-2 3.53562584 2.95508690
v 1.0687781e-2 4.94966260 2.95548814
v -1.52421283 4.94966260 2.50313141
v -1.81552458 3.85975774 2.50273951
v -1.13303625 6.47208058 0.35889509
v -1.12922663 6.51015739 -1.22749804
v -0.69066465 6.51812040 -2.59414573
v -1.00406216 6.14919057 1.03995424
v -1.79907527 6.34517360 0.35889509
v -1.79526565 6.38325041 -1.22749804
v -1.57223719 6.02228359 1.03995424
v -0.72174072 5.64375128 1.91146203
v -1.30777438 5.56510527 1.87283124
v -0.72174072 5.53393079 2.38476868
v 1.0687781e-2 6.53085493 -2.60490210
v 1.0687781e-2 6.37396851 -3.02040338
v 1.0687781e-2 5.56522310 2.39202938
v 1.0687781e-2 5.67504360 1.91872273
v -0.89638791 6.36619015 -3.00443924
v -1.30777438 5.49816443 2.16133423
v -2.03548252 4.25285845 -3.95813867
v -2.03548252 3.15007277 -3.95813867
v -2.63379250 3.16537329 -3.78680205
v -2.63379250 4.19538518 -3.78680205
v -1.10072640 5.26147334 -4.22582259
v -1.21881943 2.49109200 -4.19200457
v -3.54066201 2.60412307 -3.52710395
v -3.54066201 4.63278086 -3.52710395
v -1.14259298 7.00615862 -3.80025997
v -2.32627689 7.46373579 -3.30143121
v -2.43535738 -0.41807333 -3.14627883
v -3.64743713 -0.38723065 -2.79917839
v 1.0687781e-2 2.71373345 -1.85018812
v -0.52026797 2.71373345 -1.85018812
v -0.83066098 3.92235995 -3.18689130
v 1.0687781e-2 3.92235995 -3.18689130
v 1.0687781e-2 2.24296258 -2.23275294
v -0.42755530 2.24296258 -2.23275294
v -0.65848770 3.14218070 -3.22726011
v 1.0687781e-2 3.14218070 -3.22726011
v -0.72847762 2.44190144 -1.71476205
v -1.09444366 3.89794535 -3.36579845
v -0.67914848 2.18566081 -2.00624502
v -0.98280531 3.39005094 -3.40636812
v 1.0687781e-2 2.19266325 -1.99260184
v 1.0687781e-2 2.44890387 -1.70111888
v 1.0687781e-2 3.94914811 -3.39501040
v 1.0687781e-2 3.44125370 -3.43558006
v -1.02950757 1.84911198 -3.76342634
v -0.85261335 1.16031090 -3.00163385
v -1.02028510 1.22269888 -2.82488572
v -1.25329464 2.12485603 -3.86501513
v 1.0687781e-2 2.30053443 -4.28075624
v -0.52936099 2.30053443 -4.28075624
v -0.74211335 2.53747897 -4.31963864
v 1.0687781e-2 2.57106799 -4.30646970
v -0.35614317 0.93842415 -2.53135078
v 1.0687781e-2 0.93842415 -2.53135078
v 1.0687781e-2 1.00243911 -2.32925800
v -0.52156803 0.99784552 -2.33820793
v -0.57022628 1.64402210 0.95703167
v 1.0687781e-2 1.64402210 0.95703167
v -0.57022628 1.63797162 -0.74204401
v -0.50197916 2.23913825 2.33748011
v -0.50197916 2.35075823 2.07681208
v 1.0687781e-2 2.35075823 2.07681208
v 1.0687781e-2 2.23913825 2.33748011
v -0.40891602 6.16712386 -0.67969912
v 1.0687781e-2 6.16712386 -0.67969912
v 1.0687781e-2 6.13611578 0.22031824
v -0.40891602 6.16712386 0.13644878
v 1.0687781e-2 2.11796087 -2.59909715
v -0.37931452 2.11796087 -2.59909715
v -0.54551934 2.76513894 -3.31485590
v 1.0687781e-2 2.76513894 -3.31485590
v 1.0687781e-2 2.39812067 -2.56128354
v -0.32662871 2.39812067 -2.56128354
v -0.43776886 2.83088469 -3.03990703
v 1.0687781e-2 2.83088469 -3.03990703
v -1.33055905 5.23604153 -4.65547506
v -1.20274025 5.26147334 -4.58205645
v -1.32083328 2.49109200 -4.54823843
v -1.45152397 2.49603669 -4.62083462
v -3.57022268 2.59917838 -4.01410784
v -3.64267586 2.60412307 -3.88333781
v -3.64267586 4.63278086 -3.88333781
v -3.57309457 4.65821267 -4.01328542
v -1.24460684 7.00615862 -4.15649383
v -2.42829074 7.46373579 -3.65766507
v -2.53737124 -0.41807333 -3.50251268
v -3.74945099 -0.38723065 -3.15541225
v -2.63482639 -0.31321898 -3.60852317
v -3.67308917 -0.28693306 -3.31179879
v -2.40751310 7.33152042 -3.80676195
v -1.37239055 6.93126367 -4.24170957
v 1.0687781e-2 1.63797162 -0.74204401
v -1.01475755 5.45800031 2.25777585
v -1.01475755 5.55363154 1.86089801
v -1.46224614 6.38865660 -1.22749804
v -1.28814967 6.02768978 1.03995424
v -1.46605576 6.35057979 0.35889509
v -1.24903936 3.78412080 2.66169588
v -1.09991309 4.94966260 2.66209711
v -1.24903936 3.78412080 2.24938096
v -1.53322178 5.03550580 0.91240778
v -1.53322178 5.28308473 0.29637279
v -1.53322178 5.28308473 -1.23890868
v -1.53059405 6.37374717 -2.60733413
v -2.05426457 5.38227257 -2.91691193
v -1.75601203 5.97536230 -2.84155540
v -1.57269666 5.28308473 -2.72653494
v -1.53322178 4.71918348 -0.14512612
v -1.53322178 4.52528460 -1.55098716
v -1.53322178 4.52528460 1.34980292
v -1.13296152 5.75726297 1.51536478
v -1.41643138 5.76029674 1.52133140
v -0.84949165 5.86307324 1.54064679
v -2.01432460 4.63116169 1.38289946
v -1.69591600 5.33798556 1.53273136
v 1.0687781e-2 5.30909790 1.54165373
v -0.76714328 5.30909790 1.54165373
v -0.87716237 4.52528460 1.35098720
v -0.57022628 3.47244720 0.86529791
v -0.57022628 3.47244720 -1.15593579
v -1.53322178 3.47244720 0.86751299
v -1.53322178 3.47244720 -1.14984272
v -1.53322178 3.99016052 -0.14942675
v 1.0687781e-2 1.41326674 -0.14908211
v -0.57022628 1.41418641 -0.14908211
v -0.57022628 3.05133293 -0.15625450
v -1.53322178 3.04451116 -0.15330638
v -1.87006257 4.52669667 1.34899012
v -1.93194632 5.28308473 -2.86855617
v -2.16750262 5.28308473 -1.23890868
v -1.97226351 5.03550580 0.91358982
v -1.26888447 5.28308473 -3.30988063
v 1.0687781e-2 5.28308473 -3.28313871
v -2.16750262 5.28308473 0.30255343
v -0.70423331 3.60793622 1.91573870
v -1.21715126 3.81823781 1.95767133
v 1.0687781e-2 3.60793622 1.91796053
v -1.62209801 3.87747704 1.93273502
v -0.57022628 2.34767752 1.06473958
v 1.0687781e-2 2.34767752 1.06473958
v 1.0687781e-2 2.43722623 -0.85724681
v -0.57022628 2.43755805 -0.85319416
v -0.57022628 2.03776483 -0.97195783
v 1.0687781e-2 1.99584981 1.23229583
v -0.76443007 2.03579651 -0.10671905
v -0.57022628 1.99584981 1.23229583
v 1.0687781e-2 2.03759892 -0.97398415
v -0.80249976 6.37364370 -2.78970563
v 1.0687781e-2 6.38436807 -2.79924302
v -0.94038298 6.51358624 -2.32527588
v -1.18207151 6.37336170 -2.43604384
v -0.77852621 5.97858676 -2.10538277
v 1.0687781e-2 5.97536230 -2.11870449
v -0.76443007 1.58228967 -0.10405810
v -0.76443007 2.79705238 -0.10938001
v -0.76443007 2.04498486 -0.71463188
v -0.76443007 2.01388391 0.92092433
v -0.76443007 2.27494007 0.79659760
v -0.76443007 1.74833829 -0.54403583
v -0.76443007 2.34163142 -0.62650924
v -0.76443007 1.75282775 0.71667833
v 0.59160184 3.10615915 1.50490312
v 0.59160184 3.05133293 -1.36979397
v 0.97748832 4.52528460 -1.55098716
v 0.97748832 4.58411849 -2.74975523
v 1.17155631 5.28308473 -1.23890868
v 1.17155631 5.28308473 -2.97069143
v 0.97748832 5.97536230 0.37033450
v 0.97748832 5.97536230 -1.23890868
v 0.65776010 5.97902436 -2.37640996
v 0.87716806 5.66521441 1.03145310
v 2.40483975 5.38227257 0.30465783
v 2.40483975 5.38227257 -1.23890868
v 2.14000221 5.92041763 0.30465783
v 2.10658722 5.97536230 -1.23890868
v 2.17437724 5.12721406 0.94389101
v 1.89455007 5.65487471 1.03145310
v 1.33067658 5.38227257 -3.42536864
v 1.12011029 5.97536230 -3.32117627
v 0.69698891 3.56211684 2.27348070
v 0.69698891 4.92212083 2.06756387
v 1.54558839 5.00637227 2.02205355
v 1.84384093 3.87892166 2.06166426
v 0.69698891 3.53562584 2.95508690
v 0.69698891 4.94966260 2.95548814
v 1.54558839 4.94966260 2.50313141
v 1.83690014 3.85975774 2.50273951
v 1.15441181 6.47208058 0.35889509
v 1.15060219 6.51015739 -1.22749804
v 0.71204021 6.51812040 -2.59414573
v 1.02543772 6.14919057 1.03995424
v 1.82045083 6.34517360 0.35889509
v 1.81664121 6.38325041 -1.22749804
v 1.59361275 6.02228359 1.03995424
v 0.74311628 5.64375128 1.91146203
v 1.32914995 5.56510527 1.87283124
v 0.74311628 5.53393079 2.38476868
v 0.91776348 6.36619015 -3.00443924
v 1.32914995 5.49816443 2.16133423
v 2.05685809 4.25285845 -3.95813867
v 2.05685809 3.15007277 -3.95813867
v 2.65516806 3.16537329 -3.78680205
v 2.65516806 4.19538518 -3.78680205
v 1.12210196 5.26147334 -4.22582259
v 1.24019499 2.49109200 -4.19200457
v 3.56203757 2.60412307 -3.52710395
v 3.56203757 4.63278086 -3.52710395
v 1.16396854 7.00615862 -3.80025997
v 2.34765245 7.46373579 -3.30143121
v 2.45673294 -0.41807333 -3.14627883
v 3.66881270 -0.38723065 -2.79917839
v 0.54164354 2.71373345 -1.85018812
v 0.85203655 3.92235995 -3.18689130
v 0.44893086 2.24296258 -2.23275294
v 0.67986326 3.14218070 -3.22726011
v 0.74985319 2.44190144 -1.71476205
v 1.11581922 3.89794535 -3.36579845
v 0.70052404 2.18566081 -2.00624502
v 1.00418088 3.39005094 -3.40636812
v 1.05088313 1.84911198 -3.76342634
v 0.87398891 1.16031090 -3.00163385
v 1.04166066 1.22269888 -2.82488572
v 1.27467020 2.12485603 -3.86501513
v 0.55073655 2.30053443 -4.28075624
v 0.76348891 2.53747897 -4.31963864
v 0.37751873 0.93842415 -2.53135078
v 0.54294359 0.99784552 -2.33820793
v 0.59160184 1.64402210 0.95703167
v 0.59160184 1.63797162 -0.74204401
v 0.52335472 2.23913825 2.33748011
v 0.52335472 2.35075823 2.07681208
v 0.43029159 6.16712386 -0.67969912
v 0.43029159 6.16712386 0.13644878
v 0.40069008 2.11796087 -2.59909715
v 0.56689490 2.76513894 -3.31485590
v 0.34800427 2.39812067 -2.56128354
v 0.45914442 2.83088469 -3.03990703
v 1.35193461 5.23604153 -4.65547506
v 1.22411581 5.26147334 -4.58205645
v 1.34220884 2.49109200 -4.54823843
v 1.47289953 2.49603669 -4.62083462
v 3.59159824 2.59917838 -4.01410784
v 3.66405142 2.60412307 -3.88333781
v 3.66405142 4.63278086 -3.88333781
v 3.59447013 4.65821267 -4.01328542
v 1.26598240 7.00615862 -4.15649383
v 2.44966630 7.46373579 -3.65766507
v 2.55874680 -0.41807333 -3.50251268
v 3.77082655 -0.38723065 -3.15541225
v 2.65620196 -0.31321898 -3.60852317
v 3.69446473 -0.28693306 -3.31179879
v 2.42888866 7.33152042 -3.80676195
v 1.39376612 6.93126367 -4.24170957
v 1.03613311 5.45800031 2.25777585
v 1.03613311 5.55363154 1.86089801
v 1.48362170 6.38865660 -1.22749804
v 1.30952524 6.02768978 1.03995424
v 1.48743132 6.35057979 0.35889509
v 1.27041492 3.78412080 2.66169588
v 1.12128865 4.94966260 2.66209711
v 1.27041492 3.78412080 2.24938096
v 1.55459734 5.03550580 0.91240778
v 1.55459734 5.28308473 0.29637279
v 1.55459734 5.28308473 -1.23890868
v 1.55196961 6.37374717 -2.60733413
v 2.07564013 5.38227257 -2.91691193
v 1.77738760 5.97536230 -2.84155540
v 1.59407222 5.28308473 -2.72653494
v 1.55459734 4.71918348 -0.14512612
v 1.55459734 4.52528460 -1.55098716
v 1.55459734 4.52528460 1.34980292
v 1.15433708 5.75726297 1.51536478
v 1.43780695 5.76029674 1.52133140
v 0.87086721 5.86307324 1.54064679
v 2.03570016 4.63116169 1.38289946
v 1.71729156 5.33798556 1.53273136
v 0.78851885 5.30909790 1.54165373
v 0.89853793 4.52528460 1.35098720
v 0.59160184 3.47244720 0.86529791
v 0.59160184 3.47244720 -1.15593579
v 1.55459734 3.47244720 0.86751299
v 1.55459734 3.47244720 -1.14984272
v 1.55459734 3.99016052 -0.14942675
v 0.59160184 1.41418641 -0.14908211
v 0.59160184 3.05133293 -0.15625450
v 1.55459734 3.04451116 -0.15330638
v 1.89143813 4.52669667 1.34899012
v 1.95332188 5.28308473 -2.86855617
v 2.18887818 5.28308473 -1.23890868
v 1.99363907 5.03550580 0.91358982
v 1.29026003 5.28308473 -3.30988063
v 2.18887818 5.28308473 0.30255343
v 0.72560887 3.60793622 1.91573870
v 1.23852682 3.81823781 1.95767133
v 1.64347357 3.87747704 1.93273502
v 0.59160184 2.34767752 1.06473958
v 0.59160184 2.43755805 -0.85319416
v 0.59160184 2.03776483 -0.97195783
v 0.78580563 2.03579651 -0.10671905
v 0.59160184 1.99584981 1.23229583
v 0.82387533 6.37364370 -2.78970563
v 0.96175854 6.51358624 -2.32527588
v 1.20344707 6.37336170 -2.43604384
v 0.79990177 5.97858676 -2.10538277
v 0.78580563 1.58228967 -0.10405810
v 0.78580563 2.79705238 -0.10938001
v 0.78580563 2.04498486 -0.71463188
v 0.78580563 2.01388391 0.92092433
v 0.78580563 2.27494007 0.79659760
v 0.78580563 1.74833829 -0.54403583
v 0.78580563 2.34163142 -0.62650924
v 0.78580563 1.75282775 0.71667833
vn 0.0000000e+0 -0.57014381 0.82154491
vn -0.69253832 -0.47649519 0.54161149
vn -0.83835868 -0.54454012 -2.5115355e-2
vn 0.0000000e+0 -0.99151993 -0.12995474
vn -0.54468884 0.46820563 -0.69577119
vn 0.0000000e+0 0.13836270 -0.99038163
vn -0.85681709 -0.13577683 -0.49742248
vn -0.60321823 -0.54703710 -0.58041207
vn 0.0000000e+0 -0.80665726 -0.59101952
vn -0.25363716 -0.93400043 -0.25161754
vn 0.41199554 0.86482981 0.28693043
vn 0.0000000e+0 0.83721061 0.54688060
vn 0.0000000e+0 0.98655639 -0.16342119
vn 0.40065958 0.91547984 -3.6994022e-2
vn 0.0000000e+0 0.82547464 0.56443920
vn 0.32022466 0.72126686 0.61419075
vn 0.62091599 0.72952099 0.28681433
vn 0.0000000e+0 0.86581909 0.50035717
vn -0.93394937 -0.34783850 8.2139822e-2
vn -0.94646066 -0.30931396 -9.2396353e-2
vn -0.83415438 0.50080275 0.23104776
vn -0.85205931 0.51672766 -8.3591049e-2
vn -0.94873309 -0.31067001 5.8220946e-2
vn -0.76051631 0.42815910 0.48815440
vn -0.28872335 -0.32307712 -0.90125468
vn -0.25854243 0.48300917 -0.83657513
vn -4.4560558e-19 0.41804117 -0.90842808
vn -1.0130216e-19 -0.37183473 -0.92829895
vn -0.48985200 -0.79436716 -0.35920165
vn 0.74339097 0.51027835 -0.43241863
vn 0.0000000e+0 -0.59802147 -0.80148008
vn 0.0000000e+0 0.84191397 -0.53961178
vn -0.89218809 0.34895547 0.28675858
vn -0.76463196 -0.64109482 -6.5843805e-2
vn -0.51682683 -0.40414854 0.75468801
vn -0.26655981 0.36231857 0.89312436
vn 0.0000000e+0 -0.22059488 0.97536552
vn 0.0000000e+0 0.36924653 0.92933148
vn -0.73632193 0.39722633 0.54776022
vn -0.76859745 -0.36777561 0.52344920
vn 0.44884705 0.87646764 0.17418611
vn 0.41311589 0.90971029 4.1981495e-2
vn 0.15198983 0.96614818 0.20846293
vn 0.48023708 0.80790477 0.34155852
vn -0.44229358 0.85755512 0.26263208
vn -0.45992330 0.88706880 -3.9743019e-2
vn -0.38485342 0.76334156 0.51884247
vn 0.11266081 0.99156184 -6.4130038e-2
vn -0.46189367 0.79774228 0.38763578
vn -0.22277803 0.84534945 0.48554532
vn 0.0000000e+0 0.96088765 0.27693850
vn 0.0000000e+0 0.89013383 -0.45569920
vn -1.8129915e-18 0.86725325 0.49786725
vn 8.0458920e-19 0.71516526 -0.69895540
vn -0.12195562 0.90623303 -0.40480677
vn -0.44412528 0.78954368 0.42352510
vn 0.62002970 0.48138834 0.61953890
vn 0.61874844 -0.39167160 0.68098732
vn -0.13638786 -0.34843586 0.92735689
vn -0.16951469 0.42720027 0.88812426
vn 0.77036662 -4.6194256e-2 0.63592560
vn 0.74743800 -7.7094101e-2 0.65984312
vn -0.30355634 8.9069262e-2 0.94864125
vn -0.28105080 4.2896648e-2 0.95873371
vn 0.84994372 0.43544730 0.29661646
vn -0.16327218 0.69896040 0.69627333
vn 0.61899648 -0.68329767 0.38723075
vn -0.45053104 -0.43556152 0.77929965
vn 0.0000000e+0 -0.23123676 0.97289751
vn -0.55572763 2.3543205e-2 0.83103100
vn -0.59429639 0.80272437 -4.9450795e-2
vn 0.0000000e+0 0.88620839 -0.46328682
vn 0.0000000e+0 -0.74284063 -0.66946829
vn -9.7834532e-2 -0.81584309 -0.56993725
vn -8.4858899e-2 -0.77456407 -0.62677705
vn 0.0000000e+0 -0.84592555 -0.53330101
vn -0.54403954 4.5179089e-2 0.83784236
vn -0.70124549 0.69882192 -0.14107691
vn -0.65418955 -0.51406747 0.55477083
vn -0.76187629 8.5042351e-2 -0.64211550
vn 0.0000000e+0 -0.53333413 0.84590467
vn 0.0000000e+0 -0.17826312 0.98398286
vn 0.0000000e+0 0.74163904 -0.67079917
vn 0.0000000e+0 0.42369164 -0.90580649
vn 0.46072549 -0.32075394 -0.82755600
vn 0.50340310 -0.85576504 -0.11937969
vn -0.64324807 -0.71994645 0.26059360
vn -0.70979472 -0.26556881 -0.65242982
vn 0.0000000e+0 -0.92576826 -0.37809142
vn -0.41526105 -0.90963758 1.0850105e-2
vn -0.48740828 -4.0145776e-3 -0.87316496
vn 0.0000000e+0 0.33227692 -0.94318187
vn -0.42205481 -0.37160077 -0.82691149
vn 0.0000000e+0 -0.73429317 -0.67883248
vn 0.0000000e+0 -0.69701216 0.71705931
vn -0.49907038 -0.77402222 0.38963876
vn -0.40849989 -0.78434795 0.46682559
vn 0.0000000e+0 -0.84933087 0.52786084
vn -0.40744052 -0.70175725 -0.58440481
vn -0.53645035 -0.80118926 0.26517312
vn -0.51291966 -0.46056908 -0.72442359
vn 0.0000000e+0 -0.48173311 -0.87631799
vn 0.0000000e+0 -0.93560637 0.35304493
vn -0.10123281 0.98931675 -0.10490131
vn 0.0000000e+0 0.98782620 -0.15556153
vn 0.0000000e+0 0.93289482 0.36014894
vn -0.11389854 0.96362719 0.24176387
vn 0.0000000e+0 -0.77247595 -0.63504402
vn -1.6301063e-2 -0.76383467 -0.64520607
vn -1.6303892e-2 -0.72251417 -0.69116384
vn 0.0000000e+0 -0.70937940 -0.70482684
vn 0.0000000e+0 -0.34360845 -0.93911300
vn 0.40158130 -0.31769360 -0.85895473
vn 0.42287853 -0.83582171 -0.35010830
vn 0.0000000e+0 -0.96886173 -0.24760239
vn 9.6317290e-2 0.10992082 -0.98926255
vn 0.77997910 6.4167504e-2 -0.62250713
vn 0.75020575 -0.27047603 -0.60335235
vn 9.4426853e-2 -0.19371255 -0.97650346
vn -0.62549846 -8.2996784e-2 -0.77579843
vn -0.99380599 3.9040399e-3 -0.11106036
vn -0.97360482 0.20565919 -9.8984604e-2
vn -0.62746870 0.16436258 -0.76109656
vn 0.53399824 0.61349578 -0.58178072
vn -0.46905207 0.82682771 -0.31039667
vn 0.31689048 -0.81077977 -0.49215504
vn -0.72573949 -0.62727011 -0.28254982
vn -2.3327941e-2 -0.53030921 -0.84748330
vn -0.50557335 -0.40983376 -0.75923111
vn -0.42343352 0.50553400 -0.75175756
vn 5.2599274e-2 0.43316011 -0.89978088
vn 0.0000000e+0 -0.76210973 -0.64744788
vn -0.25663003 0.82798111 0.49858631
vn -0.14695129 0.91040005 0.38675196
vn -0.19425156 0.98086654 -1.2929369e-2
vn -0.17047105 0.85543933 0.48904311
vn -0.18172951 0.95240366 0.24474816
vn -0.45949087 -0.63782853 0.61809620
vn -0.39290020 0.34177265 0.85371007
vn -0.25429671 -0.96409571 -7.6502631e-2
vn -0.45913030 -0.72157839 -0.51819301
vn -0.71405389 -0.68728197 -0.13330620
vn -0.33873537 -0.88721744 -0.31321490
vn -0.34793910 0.90931456 -0.22822229
vn -0.78923054 -0.28359900 -0.54468960
vn -0.70433825 0.54024972 -0.46047571
vn 0.0000000e+0 -1.00000000 0.0000000e+0
vn -1.00000000 0.0000000e+0 0.0000000e+0
vn -0.88333140 0.43085816 -0.18462635
vn -0.62334103 -0.67374821 -0.39687442
vn -0.15923397 0.83344862 0.52915777
vn -0.37536061 0.74165044 0.55593079
vn 0.54160427 0.76621710 0.34579789
vn -0.95868042 -0.27893059 -5.5942589e-2
vn -0.76660602 0.37665991 0.52004088
vn 0.0000000e+0 0.81278932 0.58255774
vn 0.67886738 0.66728190 0.30638855
vn -0.66440141 -0.74716010 1.7959775e-2
vn -0.70683409 -0.56136861 0.43040778
vn -0.44028251 -0.85588379 -0.27131946
vn -0.73099050 -0.49132395 0.47355429
vn -0.84495969 -0.53361286 3.6061674e-2
vn -1.00000000 0.0000000e+0 0.0000000e+0
vn -2.8231294e-20 -0.99694847 -7.8062457e-2
vn -0.35641919 -0.93168220 -7.0239836e-2
vn -0.97748685 -0.20937829 -2.6080572e-2
vn -0.47467796 -0.88015220 -3.5958135e-3
vn -0.25972995 -0.67610287 -0.68951088
vn -0.22883041 -0.95901917 -0.16708944
vn -0.23496392 -0.97176035 -2.1766545e-2
vn -0.25041154 -0.82130914 -0.51258693
vn -9.7853138e-2 -0.94978350 -0.29721385
vn 0.0000000e+0 -0.95395474 -0.29995057
vn -0.22265295 -0.96333697 -0.14969150
vn -0.39912337 -0.91204351 -9.4218763e-2
vn -0.17740557 -0.85765245 -0.48265882
vn 7.7450001e-21 -0.92950198 0.36881713
vn -0.22346952 -0.82389729 -0.52082111
vn -0.67590810 0.21007554 0.70641101
vn 0.0000000e+0 -4.0669220e-2 0.99917267
vn 0.0000000e+0 -0.20410153 -0.97894972
vn -0.67571525 8.2798177e-2 -0.73249803
vn -0.45791003 -0.10788476 -0.88242806
vn 0.0000000e+0 -0.10950130 0.99398665
vn -1.00000000 0.0000000e+0 0.0000000e+0
vn -0.51176857 -9.8177218e-2 0.85349526
vn 0.0000000e+0 -0.11842482 -0.99296302
vn -0.10605070 0.95820752 -0.26569079
vn -4.5387111e-19 0.94360911 -0.33106170
vn 0.34443376 0.93328007 0.10175311
vn -0.20047100 0.97191208 -0.12328132
vn 0.51640697 0.82696590 0.22237636
vn 0.0000000e+0 0.99999791 2.0456207e-3
vn -0.91339397 -0.40603783 -2.9064354e-2
vn -0.95263001 0.30323749 -2.3304248e-2
vn -0.94960345 -3.9482517e-2 -0.31095726
vn -0.96333790 -3.2823141e-2 0.26627565
vn -0.89999756 0.30534771 0.31107422
vn -0.87898332 -0.37068500 -0.29996825
vn -0.89962859 0.23822301 -0.36594834
vn -0.88085377 -0.41334641 0.23074092
vn 0.69253832 -0.47649519 0.54161149
vn 0.83835868 -0.54454012 -2.5115355e-2
vn 0.54468884 0.46820563 -0.69577119
vn 0.85681709 -0.13577683 -0.49742248
vn 0.60321823 -0.54703710 -0.58041207
vn 0.25363716 -0.93400043 -0.25161754
vn -0.41199554 0.86482981 0.28693043
vn -0.40065958 0.91547984 -3.6994022e-2
vn -0.32022466 0.72126686 0.61419075
vn -0.62091599 0.72952099 0.28681433
vn 0.93394937 -0.34783850 8.2139822e-2
vn 0.94646066 -0.30931396 -9.2396353e-2
vn 0.83415438 0.50080275 0.23104776
vn 0.85205931 0.51672766 -8.3591049e-2
vn 0.94873309 -0.31067001 5.8220946e-2
vn 0.76051631 0.42815910 0.48815440
vn 0.28872335 -0.32307712 -0.90125468
vn 0.25854243 0.48300917 -0.83657513
vn 0.48985200 -0.79436716 -0.35920165
vn -0.74339097 0.51027835 -0.43241863
vn 0.89218809 0.34895547 0.28675858
vn 0.76463196 -0.64109482 -6.5843805e-2
vn 0.51682683 -0.40414854 0.75468801
vn 0.26655981 0.36231857 0.89312436
vn 0.73632193 0.39722633 0.54776022
vn 0.76859745 -0.36777561 0.52344920
vn -0.44884705 0.87646764 0.17418611
vn -0.41311589 0.90971029 4.1981495e-2
vn -0.15198983 0.96614818 0.20846293
vn -0.48023708 0.80790477 0.34155852
vn 0.44229358 0.85755512 0.26263208
vn 0.45992330 0.88706880 -3.9743019e-2
vn 0.38485342 0.76334156 0.51884247
vn -0.11266081 0.99156184 -6.4130038e-2
vn 0.46189367 0.79774228 0.38763578
vn 0.22277803 0.84534945 0.48554532
vn 0.12195562 0.90623303 -0.40480677
vn 0.44412528 0.78954368 0.42352510
vn -0.62002970 0.48138834 0.61953890
vn -0.61874844 -0.39167160 0.68098732
vn 0.13638786 -0.34843586 0.92735689
vn 0.16951469 0.42720027 0.88812426
vn -0.77036662 -4.6194256e-2 0.63592560
vn -0.74743800 -7.7094101e-2 0.65984312
vn 0.30355634 8.9069262e-2 0.94864125
vn 0.28105080 4.2896648e-2 0.95873371
vn -0.84994372 0.43544730 0.29661646
vn 0.16327218 0.69896040 0.69627333
vn -0.61899648 -0.68329767 0.38723075
vn 0.45053104 -0.43556152 0.77929965
vn 0.55572763 2.3543205e-2 0.83103100
vn 0.59429639 0.80272437 -4.9450795e-2
vn 9.7834532e-2 -0.81584309 -0.56993725
vn 8.4858899e-2 -0.77456407 -0.62677705
vn 0.54403954 4.5179089e-2 0.83784236
vn 0.70124549 0.69882192 -0.14107691
vn 0.65418955 -0.51406747 0.55477083
vn 0.76187629 8.5042351e-2 -0.64211550
vn -0.46072549 -0.32075394 -0.82755600
vn -0.50340310 -0.85576504 -0.11937969
vn 0.64324807 -0.71994645 0.26059360
vn 0.70979472 -0.26556881 -0.65242982
vn 0.41526105 -0.90963758 1.0850105e-2
vn 0.48740828 -4.0145776e-3 -0.87316496
vn 0.42205481 -0.37160077 -0.82691149
vn 0.49907038 -0.77402222 0.38963876
vn 0.40849989 -0.78434795 0.46682559
vn 0.40744052 -0.70175725 -0.58440481
vn 0.53645035 -0.80118926 0.26517312
vn 0.51291966 -0.46056908 -0.72442359
vn 0.10123281 0.98931675 -0.10490131
vn 0.11389854 0.96362719 0.24176387
vn 1.6301063e-2 -0.76383467 -0.64520607
vn 1.6303892e-2 -0.72251417 -0.69116384
vn -0.40158130 -0.31769360 -0.85895473
vn -0.42287853 -0.83582171 -0.35010830
vn -9.6317290e-2 0.10992082 -0.98926255
vn -0.77997910 6.4167504e-2 -0.62250713
vn -0.75020575 -0.27047603 -0.60335235
vn -9.4426853e-2 -0.19371255 -0.97650346
vn 0.62549846 -8.2996784e-2 -0.77579843
vn 0.99380599 3.9040399e-3 -0.11106036
vn 0.97360482 0.20565919 -9.8984604e-2
vn 0.62746870 0.16436258 -0.76109656
vn -0.53399824 0.61349578 -0.58178072
vn 0.46905207 0.82682771 -0.31039667
vn -0.31689048 -0.81077977 -0.49215504
vn 0.72573949 -0.62727011 -0.28254982
vn 2.3327941e-2 -0.53030921 -0.84748330
vn 0.50557335 -0.40983376 -0.75923111
vn 0.42343352 0.50553400 -0.75175756
vn -5.2599274e-2 0.43316011 -0.89978088
vn 0.25663003 0.82798111 0.49858631
vn 0.14695129 0.91040005 0.38675196
vn 0.19425156 0.98086654 -1.2929369e-2
vn 0.17047105 0.85543933 0.48904311
vn 0.18172951 0.95240366 0.24474816
vn 0.45949087 -0.63782853 0.61809620
vn 0.39290020 0.34177265 0.85371007
vn 0.25429671 -0.96409571 -7.6502631e-2
vn 0.45913030 -0.72157839 -0.51819301
vn 0.71405389 -0.68728197 -0.13330620
vn 0.33873537 -0.88721744 -0.31321490
vn 0.34793910 0.90931456 -0.22822229
vn 0.78923054 -0.28359900 -0.54468960
vn 0.70433825 0.54024972 -0.46047571
vn 0.0000000e+0 -1.00000000 0.0000000e+0
vn 1.00000000 0.0000000e+0 0.0000000e+0
vn 0.88333140 0.43085816 -0.18462635
vn 0.62334103 -0.67374821 -0.39687442
vn 0.15923397 0.83344862 0.52915777
vn 0.37536061 0.74165044 0.55593079
vn -0.54160427 0.76621710 0.34579789
vn 0.95868042 -0.27893059 -5.5942589e-2
vn 0.76660602 0.37665991 0.52004088
vn -0.67886738 0.66728190 0.30638855
vn 0.66440141 -0.74716010 1.7959775e-2
vn 0.70683409 -0.56136861 0.43040778
vn 0.44028251 -0.85588379 -0.27131946
vn 0.73099050 -0.49132395 0.47355429
vn 0.84495969 -0.53361286 3.6061674e-2
vn 1.00000000 0.0000000e+0 0.0000000e+0
vn 0.35641919 -0.93168220 -7.0239836e-2
vn 0.97748685 -0.20937829 -2.6080572e-2
vn 0.47467796 -0.88015220 -3.5958135e-3
vn 0.25972995 -0.67610287 -0.68951088
vn 0.22883041 -0.95901917 -0.16708944
vn 0.23496392 -0.97176035 -2.1766545e-2
vn 0.25041154 -0.82130914 -0.51258693
vn 9.7853138e-2 -0.94978350 -0.29721385
vn 0.22265295 -0.96333697 -0.14969150
vn 0.39912337 -0.91204351 -9.4218763e-2
vn 0.17740557 -0.85765245 -0.48265882
vn 0.22346952 -0.82389729 -0.52082111
vn 0.67590810 0.21007554 0.70641101
vn 0.67571525 8.2798177e-2 -0.73249803
vn 0.45791003 -0.10788476 -0.88242806
vn 1.00000000 0.0000000e+0 0.0000000e+0
vn 0.51176857 -9.8177218e-2 0.85349526
vn 0.10605070 0.95820752 -0.26569079
vn -0.34443376 0.93328007 0.10175311
vn 0.20047100 0.97191208 -0.12328132
vn -0.51640697 0.82696590 0.22237636
vn 0.91339397 -0.40603783 -2.9064354e-2
vn 0.95263001 0.30323749 -2.3304248e-2
vn 0.94960345 -3.9482517e-2 -0.31095726
vn 0.96333790 -3.2823141e-2 0.26627565
vn 0.89999756 0.30534771 0.31107422
vn 0.87898332 -0.37068500 -0.29996825
vn 0.89962859 0.23822301 -0.36594834
vn 0.88085377 -0.41334641 0.23074092
g torso_default2
usemtl default2
s 1
f 1405//1405 1406//1406 1583//1583 1584//1584
f 1405//1405 1581//1581 1579//1579 1406//1406
f 1405//1405 1606//1606 1737//1737 1581//1581
f 1407//1407 1408//1408 1585//1585 1586//1586
f 1407//1407 1474//1474 1473//1473 1408//1408
f 1407//1407 1564//1564 1409//1409 1411//1411
f 1408//1408 1607//1607 1741//1741 1585//1585
f 1409//1409 1553//1553 1547//1547 1412//1412
f 1410//1410 1476//1476 1475//1475 1411//1411
f 1410//1410 1609//1609 1657//1657 1476//1476
f 1411//1411 1414//1414 1413//1413 1410//1410
f 1411//1411 1475//1475 1474//1474 1407//1407
f 1412//1412 1414//1414 1411//1411 1409//1409
f 1413//1413 1611//1611 1609//1609 1410//1410
f 1414//1414 1551//1551 1573//1573 1576//1576
f 1414//1414 1576//1576 1577//1577 1413//1413
f 1415//1415 1418//1418 1446//1446 1445//1445
f 1415//1415 1421//1421 1422//1422 1416//1416
f 1415//1415 1511//1511 1508//1508 1418//1418
f 1416//1416 1510//1510 1511//1511 1415//1415
f 1416//1416 1612//1612 1677//1677 1510//1510
f 1417//1417 1597//1597 1596//1596 1418//1418
f 1417//1417 1613//1613 1748//1748 1597//1597
f 1418//1418 1508//1508 1509//1509 1417//1417
f 1419//1419 1420//1420 1596//1596 1597//1597
f 1419//1419 1455//1455 1447//1447 1420//1420
f 1419//1419 1614//1614 1634//1634 1455//1455
f 1421//1421 1561//1561 1560//1560 1422//1422
f 1422//1422 1615//1615 1612//1612 1416//1416
f 1423//1423 1424//1424 1574//1574 1578//1578
f 1423//1423 1427//1427 1428//1428 1425//1425
f 1424//1424 1423//1423 1425//1425 1426//1426
f 1426//1426 1425//1425 1449//1449 1450//1450
f 1426//1426 1550//1550 1549//1549 1424//1424
f 1427//1427 1558//1558 1559//1559 1428//1428
f 1427//1427 1575//1575 1572//1572 1558//1558
f 1428//1428 1451//1451 1449//1449 1425//1425
f 1429//1429 1430//1430 1431//1431 1432//1432
f 1429//1429 1576//1576 1573//1573 1549//1549
f 1430//1430 1429//1429 1549//1549 1550//1550
f 1430//1430 1459//1459 1456//1456 1431//1431
f 1431//1431 1623//1623 1622//1622 1432//1432
f 1432//1432 1577//1577 1576//1576 1429//1429
f 1432//1432 1622//1622 1735//1735 1577//1577
f 1433//1433 1505//1505 1504//1504 1439//1439
f 1433//1433 1579//1579 1581//1581 1435//1435
f 1434//1434 1436//1436 1560//1560 1561//1561
f 1434//1434 1452//1452 1458//1458 1436//1436
f 1435//1435 1506//1506 1505//1505 1433//1433
f 1435//1435 1624//1624 1675//1675 1506//1506
f 1436//1436 1625//1625 1721//1721 1560//1560
f 1437//1437 1443//1443 1460//1460 1453//1453
f 1437//1437 1559//1559 1558//1558 1438//1438
f 1438//1438 1444//1444 1443//1443 1437//1437
f 1438//1438 1544//1544 1542//1542 1444//1444
f 1438//1438 1582//1582 1580//1580 1544//1544
f 1439//1439 1441//1441 1442//1442 1440//1440
f 1439//1439 1504//1504 1507//1507 1441//1441
f 1439//1439 1542//1542 1544//1544 1433//1433
f 1440//1440 1442//1442 1457//1457 1454//1454
f 1440//1440 1543//1543 1542//1542 1439//1439
f 1441//1441 1628//1628 1629//1629 1442//1442
f 1442//1442 1629//1629 1641//1641 1457//1457
f 1443//1443 1444//1444 1542//1542 1543//1543
f 1445//1445 1446//1446 1539//1539 1541//1541
f 1445//1445 1448//1448 1421//1421 1415//1415
f 1446//1446 1594//1594 1595//1595 1539//1539
f 1447//1447 1592//1592 1595//1595 1594//1594
f 1447//1447 1594//1594 1596//1596 1420//1420
f 1448//1448 1557//1557 1561//1561 1421//1421
f 1450//1450 1449//1449 1541//1541 1539//1539
f 1450//1450 1548//1548 1550//1550 1426//1426
f 1451//1451 1540//1540 1541//1541 1449//1449
f 1451//1451 1556//1556 1555//1555 1540//1540
f 1452//1452 1538//1538 1537//1537 1454//1454
f 1452//1452 1557//1557 1555//1555 1538//1538
f 1453//1453 1460//1460 1537//1537 1538//1538
f 1453//1453 1556//1556 1559//1559 1437//1437
f 1454//1454 1457//1457 1458//1458 1452//1452
f 1454//1454 1537//1537 1543//1543 1440//1440
f 1455//1455 1593//1593 1592//1592 1447//1447
f 1455//1455 1634//1634 1745//1745 1593//1593
f 1456//1456 1459//1459 1592//1592 1593//1593
f 1456//1456 1642//1642 1623//1623 1431//1431
f 1457//1457 1641//1641 1639//1639 1458//1458
f 1458//1458 1639//1639 1625//1625 1436//1436
f 1461//1461 1409//1409 1564//1564 1462//1462
f 1461//1461 1465//1465 1468//1468 1464//1464
f 1462//1462 1466//1466 1465//1465 1461//1461
f 1462//1462 1564//1564 1566//1566 1463//1463
f 1463//1463 1467//1467 1466//1466 1462//1462
f 1463//1463 1566//1566 1553//1553 1464//1464
f 1464//1464 1468//1468 1467//1467 1463//1463
f 1464//1464 1553//1553 1409//1409 1461//1461
f 1465//1465 1466//1466 1522//1522 1521//1521
f 1465//1465 1469//1469 1470//1470 1468//1468
f 1466//1466 1471//1471 1530//1530 1522//1522
f 1467//1467 1468//1468 1526//1526 1525//1525
f 1467//1467 1472//1472 1471//1471 1466//1466
f 1468//1468 1470//1470 1529//1529 1526//1526
f 1470//1470 1469//1469 1528//1528 1529//1529
f 1471//1471 1472//1472 1531//1531 1530//1530
f 1473//1473 1656//1656 1607//1607 1408//1408
f 1474//1474 1481//1481 1486//1486 1473//1473
f 1475//1475 1482//1482 1481//1481 1474//1474
f 1476//1476 1487//1487 1482//1482 1475//1475
f 1476//1476 1657//1657 1661//1661 1487//1487
f 1477//1477 1498//1498 1497//1497 1478//1478
f 1477//1477 1658//1658 1670//1670 1498//1498
f 1478//1478 1490//1490 1489//1489 1479//1479
f 1478//1478 1497//1497 1500//1500 1483//1483
f 1478//1478 1513//1513 1512//1512 1477//1477
f 1479//1479 1489//1489 1492//1492 1484//1484
f 1479//1479 1494//1494 1493//1493 1480//1480
f 1479//1479 1514//1514 1513//1513 1478//1478
f 1480//1480 1515//1515 1514//1514 1479//1479
f 1480//1480 1659//1659 1679//1679 1515//1515
f 1481//1481 1482//1482 1484//1484 1483//1483
f 1482//1482 1487//1487 1488//1488 1484//1484
f 1483//1483 1485//1485 1486//1486 1481//1481
f 1483//1483 1491//1491 1490//1490 1478//1478
f 1483//1483 1500//1500 1499//1499 1485//1485
f 1484//1484 1492//1492 1491//1491 1483//1483
f 1484//1484 1495//1495 1494//1494 1479//1479
f 1485//1485 1662//1662 1660//1660 1486//1486
f 1486//1486 1660//1660 1656//1656 1473//1473
f 1487//1487 1661//1661 1663//1663 1488//1488
f 1488//1488 1496//1496 1495//1495 1484//1484
f 1488//1488 1663//1663 1669//1669 1496//1496
f 1490//1490 1491//1491 1492//1492 1489//1489
f 1493//1493 1668//1668 1659//1659 1480//1480
f 1494//1494 1495//1495 1496//1496 1493//1493
f 1496//1496 1669//1669 1668//1668 1493//1493
f 1498//1498 1499//1499 1500//1500 1497//1497
f 1498//1498 1670//1670 1671//1671 1499//1499
f 1499//1499 1671//1671 1662//1662 1485//1485
f 1501//1501 1502//1502 1588//1588 1590//1590
f 1501//1501 1605//1605 1598//1598 1569//1569
f 1502//1502 1501//1501 1569//1569 1568//1568
f 1502//1502 1672//1672 1744//1744 1588//1588
f 1503//1503 1536//1536 1568//1568 1569//1569
f 1503//1503 1603//1603 1600//1600 1587//1587
f 1505//1505 1506//1506 1507//1507 1504//1504
f 1506//1506 1675//1675 1674//1674 1507//1507
f 1507//1507 1674//1674 1628//1628 1441//1441
f 1509//1509 1508//1508 1511//1511 1510//1510
f 1509//1509 1676//1676 1613//1613 1417//1417
f 1510//1510 1677//1677 1676//1676 1509//1509
f 1512//1512 1678//1678 1658//1658 1477//1477
f 1513//1513 1517//1517 1516//1516 1512//1512
f 1514//1514 1518//1518 1517//1517 1513//1513
f 1515//1515 1519//1519 1518//1518 1514//1514
f 1515//1515 1679//1679 1681//1681 1519//1519
f 1516//1516 1680//1680 1678//1678 1512//1512
f 1517//1517 1518//1518 1519//1519 1516//1516
f 1519//1519 1681//1681 1680//1680 1516//1516
f 1521//1521 1522//1522 1523//1523 1520//1520
f 1521//1521 1528//1528 1469//1469 1465//1465
f 1522//1522 1530//1530 1532//1532 1523//1523
f 1523//1523 1532//1532 1533//1533 1524//1524
f 1524//1524 1527//1527 1520//1520 1523//1523
f 1525//1525 1526//1526 1527//1527 1524//1524
f 1525//1525 1531//1531 1472//1472 1467//1467
f 1526//1526 1529//1529 1534//1534 1527//1527
f 1527//1527 1534//1534 1535//1535 1520//1520
f 1528//1528 1521//1521 1520//1520 1535//1535
f 1531//1531 1525//1525 1524//1524 1533//1533
f 1533//1533 1532//1532 1530//1530 1531//1531
f 1535//1535 1534//1534 1529//1529 1528//1528
f 1536//1536 1503//1503 1587//1587 1591//1591
f 1536//1536 1673//1673 1728//1728 1568//1568
f 1538//1538 1555//1555 1556//1556 1453//1453
f 1539//1539 1595//1595 1548//1548 1450//1450
f 1540//1540 1555//1555 1557//1557 1448//1448
f 1541//1541 1540//1540 1448//1448 1445//1445
f 1543//1543 1537//1537 1460//1460 1443//1443
f 1544//1544 1580//1580 1579//1579 1433//1433
f 1545//1545 1554//1554 1572//1572 1575//1575
f 1546//1546 1547//1547 1553//1553 1552//1552
f 1547//1547 1546//1546 1578//1578 1574//1574
f 1547//1547 1551//1551 1414//1414 1412//1412
f 1548//1548 1595//1595 1592//1592 1459//1459
f 1549//1549 1573//1573 1574//1574 1424//1424
f 1550//1550 1548//1548 1459//1459 1430//1430
f 1552//1552 1554//1554 1545//1545 1546//1546
f 1552//1552 1567//1567 1565//1565 1554//1554
f 1553//1553 1566//1566 1567//1567 1552//1552
f 1554//1554 1562//1562 1579//1579 1580//1580
f 1554//1554 1565//1565 1563//1563 1562//1562
f 1558//1558 1572//1572 1582//1582 1438//1438
f 1559//1559 1556//1556 1451//1451 1428//1428
f 1560//1560 1721//1721 1615//1615 1422//1422
f 1561//1561 1557//1557 1452//1452 1434//1434
f 1562//1562 1563//1563 1406//1406 1579//1579
f 1564//1564 1570//1570 1571//1571 1566//1566
f 1565//1565 1571//1571 1570//1570 1563//1563
f 1566//1566 1571//1571 1565//1565 1567//1567
f 1568//1568 1728//1728 1672//1672 1502//1502
f 1569//1569 1598//1598 1603//1603 1503//1503
f 1570//1570 1583//1583 1406//1406 1563//1563
f 1570//1570 1586//1586 1604//1604 1599//1599
f 1574//1574 1573//1573 1551//1551 1547//1547
f 1575//1575 1578//1578 1546//1546 1545//1545
f 1577//1577 1735//1735 1611//1611 1413//1413
f 1578//1578 1575//1575 1427//1427 1423//1423
f 1580//1580 1582//1582 1572//1572 1554//1554
f 1581//1581 1737//1737 1624//1624 1435//1435
f 1583//1583 1602//1602 1601//1601 1590//1590
f 1584//1584 1583//1583 1590//1590 1588//1588
f 1584//1584 1740//1740 1606//1606 1405//1405
f 1585//1585 1591//1591 1587//1587 1586//1586
f 1585//1585 1741//1741 1742//1742 1591//1591
f 1586//1586 1570//1570 1564//1564 1407//1407
f 1587//1587 1600//1600 1604//1604 1586//1586
f 1588//1588 1744//1744 1740//1740 1584//1584
f 1589//1589 1600//1600 1603//1603 1598//1598
f 1589//1589 1601//1601 1602//1602 1599//1599
f 1590//1590 1601//1601 1605//1605 1501//1501
f 1591//1591 1742//1742 1673//1673 1536//1536
f 1593//1593 1745//1745 1642//1642 1456//1456
f 1596//1596 1594//1594 1446//1446 1418//1418
f 1597//1597 1748//1748 1614//1614 1419//1419
f 1598//1598 1605//1605 1601//1601 1589//1589
f 1599//1599 1602//1602 1583//1583 1570//1570
f 1599//1599 1604//1604 1600//1600 1589//1589
f 1607//1607 1656//1656 1657//1657 1609//1609
f 1607//1607 1724//1724 1729//1729 1741//1741
f 1608//1608 1609//1609 1611//1611 1610//1610
f 1609//1609 1608//1608 1724//1724 1607//1607
f 1610//1610 1611//1611 1712//1712 1708//1708
f 1610//1610 1708//1708 1714//1714 1608//1608
f 1612//1612 1615//1615 1635//1635 1632//1632
f 1613//1613 1633//1633 1746//1746 1748//1748
f 1613//1613 1676//1676 1677//1677 1612//1612
f 1614//1614 1748//1748 1746//1746 1634//1634
f 1615//1615 1721//1721 1718//1718 1635//1635
f 1616//1616 1620//1620 1734//1734 1736//1736
f 1617//1617 1710//1710 1711//1711 1619//1619
f 1617//1617 1733//1733 1732//1732 1710//1710
f 1618//1618 1621//1621 1620//1620 1616//1616
f 1618//1618 1636//1636 1638//1638 1621//1621
f 1619//1619 1618//1618 1616//1616 1617//1617
f 1619//1619 1711//1711 1709//1709 1637//1637
f 1621//1621 1638//1638 1717//1717 1720//1720
f 1621//1621 1720//1720 1719//1719 1620//1620
f 1623//1623 1642//1642 1709//1709 1711//1711
f 1624//1624 1705//1705 1703//1703 1628//1628
f 1624//1624 1737//1737 1738//1738 1705//1705
f 1625//1625 1639//1639 1718//1718 1721//1721
f 1626//1626 1630//1630 1631//1631 1627//1627
f 1626//1626 1720//1720 1717//1717 1640//1640
f 1627//1627 1719//1719 1720//1720 1626//1626
f 1627//1627 1739//1739 1731//1731 1719//1719
f 1628//1628 1674//1674 1675//1675 1624//1624
f 1628//1628 1703//1703 1704//1704 1629//1629
f 1629//1629 1704//1704 1698//1698 1641//1641
f 1630//1630 1643//1643 1698//1698 1704//1704
f 1631//1631 1703//1703 1705//1705 1627//1627
f 1632//1632 1633//1633 1613//1613 1612//1612
f 1632//1632 1635//1635 1701//1701 1702//1702
f 1635//1635 1718//1718 1716//1716 1701//1701
f 1636//1636 1702//1702 1701//1701 1638//1638
f 1637//1637 1636//1636 1618//1618 1619//1619
f 1637//1637 1709//1709 1747//1747 1700//1700
f 1640//1640 1643//1643 1630//1630 1626//1626
f 1640//1640 1717//1717 1716//1716 1699//1699
f 1641//1641 1698//1698 1699//1699 1639//1639
f 1642//1642 1745//1745 1747//1747 1709//1709
f 1644//1644 1608//1608 1714//1714 1647//1647
f 1644//1644 1648//1648 1649//1649 1645//1645
f 1645//1645 1649//1649 1650//1650 1646//1646
f 1645//1645 1724//1724 1608//1608 1644//1644
f 1646//1646 1650//1650 1651//1651 1647//1647
f 1646//1646 1726//1726 1724//1724 1645//1645
f 1647//1647 1651//1651 1648//1648 1644//1644
f 1647//1647 1714//1714 1726//1726 1646//1646
f 1648//1648 1652//1652 1690//1690 1683//1683
f 1649//1649 1654//1654 1655//1655 1650//1650
f 1650//1650 1655//1655 1693//1693 1687//1687
f 1651//1651 1653//1653 1652//1652 1648//1648
f 1656//1656 1660//1660 1661//1661 1657//1657
f 1658//1658 1665//1665 1666//1666 1662//1662
f 1658//1658 1678//1678 1679//1679 1659//1659
f 1659//1659 1664//1664 1665//1665 1658//1658
f 1659//1659 1668//1668 1669//1669 1663//1663
f 1662//1662 1663//1663 1661//1661 1660//1660
f 1662//1662 1666//1666 1667//1667 1663//1663
f 1662//1662 1671//1671 1670//1670 1658//1658
f 1663//1663 1667//1667 1664//1664 1659//1659
f 1664//1664 1667//1667 1666//1666 1665//1665
f 1672//1672 1756//1756 1752//1752 1744//1744
f 1673//1673 1754//1754 1749//1749 1728//1728
f 1678//1678 1680//1680 1681//1681 1679//1679
f 1682//1682 1685//1685 1684//1684 1683//1683
f 1682//1682 1697//1697 1696//1696 1689//1689
f 1683//1683 1684//1684 1649//1649 1648//1648
f 1684//1684 1692//1692 1654//1654 1649//1649
f 1685//1685 1682//1682 1689//1689 1686//1686
f 1685//1685 1694//1694 1692//1692 1684//1684
f 1686//1686 1689//1689 1688//1688 1687//1687
f 1686//1686 1695//1695 1694//1694 1685//1685
f 1687//1687 1688//1688 1651//1651 1650//1650
f 1688//1688 1691//1691 1653//1653 1651//1651
f 1689//1689 1696//1696 1691//1691 1688//1688
f 1690//1690 1691//1691 1696//1696 1697//1697
f 1691//1691 1690//1690 1652//1652 1653//1653
f 1692//1692 1693//1693 1655//1655 1654//1654
f 1693//1693 1692//1692 1694//1694 1695//1695
f 1695//1695 1686//1686 1687//1687 1693//1693
f 1697//1697 1682//1682 1683//1683 1690//1690
f 1699//1699 1698//1698 1643//1643 1640//1640
f 1699//1699 1716//1716 1718//1718 1639//1639
f 1700//1700 1702//1702 1636//1636 1637//1637
f 1700//1700 1747//1747 1746//1746 1633//1633
f 1701//1701 1716//1716 1717//1717 1638//1638
f 1702//1702 1700//1700 1633//1633 1632//1632
f 1704//1704 1703//1703 1631//1631 1630//1630
f 1705//1705 1738//1738 1739//1739 1627//1627
f 1706//1706 1707//1707 1736//1736 1734//1734
f 1707//1707 1706//1706 1715//1715 1713//1713
f 1708//1708 1712//1712 1732//1732 1733//1733
f 1710//1710 1732//1732 1735//1735 1622//1622
f 1711//1711 1710//1710 1622//1622 1623//1623
f 1713//1713 1714//1714 1708//1708 1707//1707
f 1713//1713 1727//1727 1726//1726 1714//1714
f 1715//1715 1725//1725 1727//1727 1713//1713
f 1715//1715 1731//1731 1739//1739 1738//1738
f 1719//1719 1731//1731 1734//1734 1620//1620
f 1722//1722 1723//1723 1725//1725 1715//1715
f 1723//1723 1606//1606 1740//1740 1729//1729
f 1723//1723 1729//1729 1730//1730 1725//1725
f 1726//1726 1730//1730 1729//1729 1724//1724
f 1727//1727 1725//1725 1730//1730 1726//1726
f 1728//1728 1749//1749 1756//1756 1672//1672
f 1729//1729 1740//1740 1753//1753 1750//1750
f 1733//1733 1736//1736 1707//1707 1708//1708
f 1734//1734 1731//1731 1715//1715 1706//1706
f 1735//1735 1732//1732 1712//1712 1611//1611
f 1736//1736 1733//1733 1617//1617 1616//1616
f 1737//1737 1606//1606 1723//1723 1722//1722
f 1738//1738 1737//1737 1722//1722 1715//1715
f 1741//1741 1755//1755 1751//1751 1742//1742
f 1742//1742 1751//1751 1754//1754 1673//1673
f 1743//1743 1751//1751 1755//1755 1750//1750
f 1743//1743 1752//1752 1756//1756 1749//1749
f 1744//1744 1752//1752 1753//1753 1740//1740
f 1746//1746 1747//1747 1745//1745 1634//1634
f 1749//1749 1754//1754 1751//1751 1743//1743
f 1750//1750 1753//1753 1752//1752 1743//1743
f 1750//1750 1755//1755 1741//1741 1729//1729
o pelvis
#234 vertices, 232 faces
v -0.55541954 0.39321109 0.54061912
v -0.55541954 1.00000000 0.54061912
v -0.80384044 0.39321109 -1.00000000
v -0.80384044 1.00000000 -1.00000000
v -0.55541954 1.49837138 1.24112399
v 8.9097631e-5 1.49837138 1.23546886
v 8.9097631e-5 1.49837138 -1.00000000
v -0.55541954 1.49837138 -1.00000000
v -1.75589520 1.00000000 -0.66592369
v -1.88162566 1.00000000 0.69366239
v -1.88162566 1.49837138 0.69366239
v -1.75589520 1.49837138 -0.66592369
v -0.55541954 1.00000000 1.76014564
v 8.9097631e-5 1.00000000 1.76014564
v -0.55541954 1.49837138 1.76014564
v -0.55541954 0.39321109 1.41208681
v 8.9097631e-5 0.39321109 1.41208681
v -1.51303109 1.49837138 1.54934299
v -1.51303109 1.00000000 1.54934299
v 8.9097631e-5 1.49837138 1.76014564
v -0.80384044 1.00000000 -1.90259709
v 8.9097631e-5 1.00000000 -1.90259709
v -0.55541954 1.49837138 -1.46408296
v 8.9097631e-5 1.49837138 -1.46408296
v 8.9097631e-5 0.39321109 -1.90508851
v -0.80384044 0.39321109 -1.90508851
v -0.55541954 1.11000993 2.23577972
v -0.55541954 1.37757615 2.23577972
v -0.94611895 1.37757615 2.23577972
v -0.94611895 1.11000993 2.23577972
v -0.26405969 -0.22284829 0.36902769
v -0.51248060 -0.22284829 -0.75183231
v 8.9097631e-5 -0.22284829 -0.75183231
v -0.51248060 -0.22284829 -1.22015063
v 8.9097631e-5 -0.22284829 -1.22015063
v -0.26406639 -0.22484390 0.79963333
v -0.26405969 -1.30210542 0.37084892
v -0.26405969 -1.29863753 -0.74261283
v 8.9097631e-5 -1.29863753 -0.74261283
v -0.26404718 -1.29973441 0.78995405
v 8.9097631e-5 -0.22657557 0.80146984
v -0.26405969 -1.30210542 -0.19561440
v -0.51248060 -0.22284829 -0.19561440
v -1.62955287 1.49837138 2.7668675e-2
v -1.62955287 1.00000000 2.7668675e-2
v -1.21952443 1.49837138 0.13555060
v -0.80384044 1.00000000 -0.19561440
v -0.80384044 0.39321109 -0.19561440
v 8.9097631e-5 -1.29989777 0.79038528
v -0.90225725 -1.30210542 -0.19561440
v -0.90225725 -0.22284829 -0.19561440
v -0.90225725 -1.30210542 0.37084892
v -0.90225725 -0.22284829 0.36902769
v -0.90225725 -0.22284829 -0.75183231
v -0.90225725 -1.29863753 -0.74261283
v -1.19590607 -1.20240612 -0.19361153
v -1.19590607 -0.32247689 -0.19361153
v -1.19590607 -0.32247689 -0.62523662
v -1.19590607 -1.20185508 -0.62392086
v -1.19590607 -1.20240612 0.24596401
v -1.19590607 -0.32247689 0.24455074
v -1.19590607 -0.75574553 0.42793710
v -1.19590607 -0.75519449 -0.76851673
v -0.90225725 -0.75680850 -0.94121258
v -0.90225725 -0.75578088 0.60535033
v 8.9097631e-5 -0.76201596 0.97340318
v -0.26407901 -0.75931787 0.97383440
v 8.9097631e-5 -0.75680850 -0.94121258
v -0.38827015 -0.75680850 -0.94121258
v -0.26405969 -0.75578088 0.60535033
v -0.26405969 -1.55246948 0.37084892
v -0.26405969 -1.55246948 -0.19561440
v 8.9097631e-5 -1.55246948 -0.19659244
v 8.9097631e-5 -1.55246948 0.37084892
v -0.26405969 -1.55683996 -0.64797239
v 8.9097631e-5 -1.55683996 -0.64797239
v 8.9097631e-5 -1.55138516 0.70481496
v -0.26405319 -1.55122181 0.70438374
v -2.07126904 -0.75574553 -0.19361153
v 8.9097631e-5 0.11590518 1.69228055
v -0.55735570 0.11590518 1.69228055
v -0.29263061 -0.40315319 1.18704648
v 8.9097631e-5 -0.40320118 1.18532457
v 8.9097631e-5 2.1967878e-2 1.93667304
v -0.55863483 2.1967878e-2 1.93667304
v -0.29360710 -0.40514881 1.50635622
v 8.9097631e-5 -0.40514881 1.50761961
v -0.29263731 -4.71911183 0.99487173
v 8.9097631e-5 -4.71911183 0.99498634
v 8.9097631e-5 -4.71911183 1.31636312
v -0.29360710 -4.71911183 1.31509972
v -0.91162297 -0.72533196 1.34057483
v -0.91064649 -0.72333635 1.02126510
v -0.76439636 -4.07281407 0.82909035
v -0.76536615 -4.07281407 1.14931834
v 8.9097631e-5 0.33375038 1.75195186
v -0.44293307 0.33375038 1.75195186
v -0.44368520 0.23981309 1.99634436
v 8.9097631e-5 0.23981309 1.99634436
v -0.83082291 0.14108260 -2.13186253
v 8.9097631e-5 0.14108260 -2.13186253
v 8.9097631e-5 -0.73726745 -1.85406722
v -0.71809549 -0.73726745 -1.85406722
v -0.83082291 0.11518056 -2.41890472
v 8.9097631e-5 0.11518056 -2.41890472
v 8.9097631e-5 -0.76316949 -2.14110942
v -0.71809549 -0.76316949 -2.14110942
v 8.9097631e-5 -3.98326553 -1.73013057
v -0.71809549 -4.27544075 -1.73013057
v -0.71809549 -4.30134279 -2.01717277
v 8.9097631e-5 -4.00916757 -2.01717277
v -1.12026087 -0.73726745 -1.68012105
v -1.12026087 -0.76316949 -1.96716324
v -1.22090866 -4.01256496 -1.84322659
v -1.22090866 -3.98666292 -1.55618440
v -1.28530694 -0.23548860 -1.83881838
v -1.28530694 -0.26139064 -2.12586057
v -1.21952443 1.79855881 0.13555060
v 8.9097631e-5 1.79855881 0.11589448
v -0.55541954 1.79855881 1.24112399
v 8.9097631e-5 1.79855881 1.23546886
v 8.9097631e-5 1.79855881 -1.00000000
v -0.55541954 1.79855881 -1.00000000
v -0.54862647 1.64846509 -0.91469542
v 8.9097631e-5 1.64846509 -0.91469542
v 8.9097631e-5 1.64846509 1.15087781
v -0.54862647 1.64846509 1.15610315
v -1.16225939 1.64846509 0.13455333
v -2.07126904 -1.20240612 -0.19361153
v -2.07126904 -0.32247689 -0.19361153
v -2.07126904 -0.75574553 0.42793710
v -2.07126904 -0.75519449 -0.76851673
v -2.07126904 -1.20185508 -0.62392086
v -2.07126904 -0.32247689 -0.62523662
v -2.07126904 -1.20240612 0.24596401
v -2.07126904 -0.32247689 0.24455074
v 0.55559773 0.39321109 0.54061912
v 0.55559773 1.00000000 0.54061912
v 0.80401864 0.39321109 -1.00000000
v 0.80401864 1.00000000 -1.00000000
v 0.55559773 1.49837138 1.24112399
v 0.55559773 1.49837138 -1.00000000
v 1.75607339 1.00000000 -0.66592369
v 1.88180385 1.00000000 0.69366239
v 1.88180385 1.49837138 0.69366239
v 1.75607339 1.49837138 -0.66592369
v 0.55559773 1.00000000 1.76014564
v 0.55559773 1.49837138 1.76014564
v 0.55559773 0.39321109 1.41208681
v 1.51320929 1.49837138 1.54934299
v 1.51320929 1.00000000 1.54934299
v 0.80401864 1.00000000 -1.90259709
v 0.55559773 1.49837138 -1.46408296
v 0.80401864 0.39321109 -1.90508851
v 0.55559773 1.11000993 2.23577972
v 0.55559773 1.37757615 2.23577972
v 0.94629715 1.37757615 2.23577972
v 0.94629715 1.11000993 2.23577972
v 0.26423789 -0.22284829 0.36902769
v 0.51265880 -0.22284829 -0.75183231
v 0.51265880 -0.22284829 -1.22015063
v 0.26424459 -0.22484390 0.79963333
v 0.26423789 -1.30210542 0.37084892
v 0.26423789 -1.29863753 -0.74261283
v 0.26422537 -1.29973441 0.78995405
v 0.26423789 -1.30210542 -0.19561440
v 0.51265880 -0.22284829 -0.19561440
v 1.62973107 1.49837138 2.7668675e-2
v 1.62973107 1.00000000 2.7668675e-2
v 1.21970263 1.49837138 0.13555060
v 0.80401864 1.00000000 -0.19561440
v 0.80401864 0.39321109 -0.19561440
v 0.90243544 -1.30210542 -0.19561440
v 0.90243544 -0.22284829 -0.19561440
v 0.90243544 -1.30210542 0.37084892
v 0.90243544 -0.22284829 0.36902769
v 0.90243544 -0.22284829 -0.75183231
v 0.90243544 -1.29863753 -0.74261283
v 1.19608427 -1.20240612 -0.19361153
v 1.19608427 -0.32247689 -0.19361153
v 1.19608427 -0.32247689 -0.62523662
v 1.19608427 -1.20185508 -0.62392086
v 1.19608427 -1.20240612 0.24596401
v 1.19608427 -0.32247689 0.24455074
v 1.19608427 -0.75574553 0.42793710
v 1.19608427 -0.75519449 -0.76851673
v 0.90243544 -0.75680850 -0.94121258
v 0.90243544 -0.75578088 0.60535033
v 0.26425721 -0.75931787 0.97383440
v 0.38844834 -0.75680850 -0.94121258
v 0.26423789 -0.75578088 0.60535033
v 0.26423789 -1.55246948 0.37084892
v 0.26423789 -1.55246948 -0.19561440
v 0.26423789 -1.55683996 -0.64797239
v 0.26423139 -1.55122181 0.70438374
v 2.07144724 -0.75574553 -0.19361153
v 0.55753390 0.11590518 1.69228055
v 0.29280881 -0.40315319 1.18704648
v 0.55881303 2.1967878e-2 1.93667304
v 0.29378529 -0.40514881 1.50635622
v 0.29281551 -4.71911183 0.99487173
v 0.29378529 -4.71911183 1.31509972
v 0.91180117 -0.72533196 1.34057483
v 0.91082468 -0.72333635 1.02126510
v 0.76457455 -4.07281407 0.82909035
v 0.76554434 -4.07281407 1.14931834
v 0.44311127 0.33375038 1.75195186
v 0.44386340 0.23981309 1.99634436
v 0.83100110 0.14108260 -2.13186253
v 0.71827369 -0.73726745 -1.85406722
v 0.83100110 0.11518056 -2.41890472
v 0.71827369 -0.76316949 -2.14110942
v 0.71827369 -4.27544075 -1.73013057
v 0.71827369 -4.30134279 -2.01717277
v 1.12043906 -0.73726745 -1.68012105
v 1.12043906 -0.76316949 -1.96716324
v 1.22108685 -4.01256496 -1.84322659
v 1.22108685 -3.98666292 -1.55618440
v 1.28548513 -0.23548860 -1.83881838
v 1.28548513 -0.26139064 -2.12586057
v 1.21970263 1.79855881 0.13555060
v 0.55559773 1.79855881 1.24112399
v 0.55559773 1.79855881 -1.00000000
v 0.54880466 1.64846509 -0.91469542
v 0.54880466 1.64846509 1.15610315
v 1.16243759 1.64846509 0.13455333
v 2.07144724 -1.20240612 -0.19361153
v 2.07144724 -0.32247689 -0.19361153
v 2.07144724 -0.75574553 0.42793710
v 2.07144724 -0.75519449 -0.76851673
v 2.07144724 -1.20185508 -0.62392086
v 2.07144724 -0.32247689 -0.62523662
v 2.07144724 -1.20240612 0.24596401
v 2.07144724 -0.32247689 0.24455074
vn -0.95989992 -0.22570669 0.16627880
vn -0.69311276 -0.71179201 0.11378413
vn -0.97570424 -0.21909183 0.0000000e+0
vn -0.94840493 -0.14273877 -0.28311433
vn -0.19544649 0.92354258 0.32995419
vn 5.0215859e-19 0.86365459 0.50408407
vn 0.0000000e+0 0.86432481 -0.50293402
vn -0.44540520 0.73606015 -0.50973489
vn -0.72750677 -0.52670916 -0.43967188
vn -0.67968700 -0.73334339 1.5265920e-2
vn -0.67968700 0.73334339 1.5265920e-2
vn -0.69513956 0.58334215 -0.42011062
vn -9.7241014e-3 -0.76754546 0.64092075
vn 0.0000000e+0 -0.25746098 0.96628870
vn 0.28765342 0.88617899 0.36323864
vn -0.89330220 -0.14562715 0.42521043
vn 0.0000000e+0 0.13448663 0.99091541
vn -0.59337276 0.67986320 0.43092320
vn -0.59378519 -0.68291922 0.42548852
vn 0.0000000e+0 0.70710678 0.70710678
vn -0.67463251 0.39545845 -0.62328452
vn 0.0000000e+0 0.35494064 -0.93488884
vn -0.37152925 0.87454852 -0.31165829
vn 0.0000000e+0 0.91120337 -0.41195681
vn 0.0000000e+0 0.36003489 -0.93293884
vn -0.89184219 5.8508342e-2 -0.44854686
vn 0.53011499 -0.53587737 0.65712521
vn 0.52602492 0.53110763 0.66424579
vn -0.35855953 0.43410138 0.82643273
vn -0.35961068 -0.43881467 0.82348154
vn -0.89776384 0.17597760 0.40379695
vn -0.69046195 -7.1237003e-2 -0.71985247
vn 0.0000000e+0 -0.57694473 -0.81678319
vn -0.60347194 -0.73651900 0.30555095
vn 0.0000000e+0 -0.94246920 0.33429301
vn -0.90781148 -0.40695255 0.10133082
vn -0.87374298 -0.40613099 0.26763935
vn -0.27628367 -0.56152417 -0.77997304
vn 0.0000000e+0 -0.34414635 -0.93891602
vn -0.70771956 -0.22758014 0.66883503
vn 2.6997584e-19 -0.74773677 0.66399527
vn -0.70710856 -0.70710145 -2.2414328e-3
vn -0.82891728 0.53822923 0.15233329
vn -0.69098349 0.72012606 -6.2930684e-2
vn -0.69098349 -0.72012606 -6.2930684e-2
vn -0.52879081 0.84874726 2.8939263e-3
vn -0.69311276 -0.71179201 0.11378413
vn -0.95981237 -0.22594951 0.16645432
vn 1.6263057e-19 -0.32212066 0.94669862
vn -0.16201112 -0.98678552 -2.5938978e-3
vn -0.16281753 0.98665620 0.0000000e+0
vn -0.24226124 -0.81524390 0.52601034
vn -0.24099653 0.81860407 0.52135214
vn -0.24641126 0.79713674 -0.55123000
vn -0.24161775 -0.79812625 -0.55191970
vn -0.16201074 -0.98678812 -1.3121682e-3
vn -0.16281753 0.98665620 4.5281819e-16
vn -0.24733854 0.79392487 -0.55543402
vn -0.24347109 -0.79299561 -0.55846199
vn -0.24301211 -0.81254474 0.52982654
vn -0.24167033 0.81615974 0.52486068
vn -0.26432745 6.3804276e-3 0.96441189
vn -0.25366256 6.9390109e-4 -0.96729252
vn -0.25495050 -3.7186141e-3 -0.96694696
vn -0.26531927 5.9709944e-3 0.96414212
vn -2.6773782e-20 -7.5394561e-3 0.99997158
vn -0.72562391 -5.1976097e-3 0.68807189
vn 0.0000000e+0 -5.2496519e-3 -0.99998622
vn 0.0000000e+0 -5.2496519e-3 -0.99998622
vn -0.73720284 4.0212180e-3 0.67565953
vn -0.70716384 -0.70704862 1.2439952e-3
vn -0.70710775 -0.70709754 3.4194495e-3
vn -8.4704285e-22 -0.99998831 4.8358385e-3
vn 2.7105096e-20 -0.99999847 1.7467964e-3
vn -0.52198191 -0.70160824 -0.48505748
vn -1.0367323e-21 -0.82256035 -0.56867783
vn 1.3318271e-19 -0.81203829 0.58360416
vn -0.52414210 -0.69154921 0.49702590
vn -1.00000000 5.8281724e-16 1.3251766e-15
vn 0.0000000e+0 0.96597485 -0.25863602
vn -0.95782009 0.25242872 -0.13733325
vn -0.59313223 -0.17819749 -0.78513681
vn 0.0000000e+0 -0.52060351 -0.85379856
vn -5.6104954e-20 -0.50379914 0.86382083
vn -0.66619507 -0.36306885 0.65143314
vn -0.54001799 -0.11239445 0.83411513
vn 4.6555275e-19 -0.40453152 0.91452405
vn -0.20126086 -0.59485587 -0.77822912
vn 0.0000000e+0 -0.69127900 -0.72258794
vn 6.0017313e-19 -0.72259934 0.69126709
vn -0.39769791 -0.60088303 0.69338010
vn -0.81885289 0.36680416 0.44151405
vn -0.66214917 0.51467607 -0.54467148
vn -0.80189464 -0.30979282 -0.51087513
vn -0.87500860 -0.28456065 0.39164421
vn 0.0000000e+0 0.89236456 -0.45131529
vn -0.46783201 0.85222742 -0.23418292
vn -0.43517422 0.53463687 0.72442171
vn 0.0000000e+0 0.45131529 0.89236456
vn -0.42763788 0.89886750 9.5723912e-2
vn 0.0000000e+0 0.89420562 -0.44765647
vn 0.0000000e+0 -0.41349539 0.91050621
vn -6.9339675e-2 -0.11249859 0.99122958
vn -0.39944972 0.44241080 -0.80293998
vn 0.0000000e+0 0.55406844 -0.83247112
vn 0.0000000e+0 -0.17058160 -0.98534355
vn -0.17669373 -0.18273045 -0.96715506
vn 1.3017084e-17 -0.63357427 0.77368188
vn 9.4869804e-2 -0.63535785 0.76636813
vn -0.17607266 -0.71443762 -0.67718336
vn 2.0595490e-17 -0.72333522 -0.69049704
vn -0.56468046 4.4547543e-2 0.82410648
vn -0.81256447 -0.19847629 -0.54803846
vn -0.83338619 -0.39531084 -0.38626001
vn -0.65009051 -0.47883805 0.58999700
vn -0.74527898 0.45571282 0.48670841
vn -0.90289324 4.5445066e-2 -0.42745590
vn -0.76496601 0.64405705 4.1864481e-3
vn 0.0000000e+0 1.00000000 0.0000000e+0
vn -0.50582913 0.12213019 0.85394444
vn 0.0000000e+0 0.50412057 0.86363329
vn 0.0000000e+0 0.50293402 -0.86432481
vn -0.51569354 0.12312565 -0.84787986
vn -0.51964749 2.9875744e-16 -0.85438076
vn 0.0000000e+0 3.1925099e-16 -1.00000000
vn 4.9809012e-19 3.1877768e-16 1.00000000
vn -0.50964428 2.9859183e-16 0.86038521
vn -0.99998502 2.5468974e-16 5.4726423e-3
vn -0.70710685 -0.70710656 -4.5274684e-4
vn -0.70710678 0.70710678 1.2561393e-15
vn -0.73464114 4.5869465e-3 0.67844039
vn -0.72487042 2.2990818e-3 -0.68888141
vn -0.52570335 -0.68761431 -0.50082188
vn -0.52496028 0.68997287 -0.49835143
vn -0.51608171 -0.71079797 0.47793923
vn -0.51437377 0.71486891 0.47368984
vn 0.95989992 -0.22570669 0.16627880
vn 0.69311276 -0.71179201 0.11378413
vn 0.97570424 -0.21909183 0.0000000e+0
vn 0.94840493 -0.14273877 -0.28311433
vn 0.19544649 0.92354258 0.32995419
vn 0.44540520 0.73606015 -0.50973489
vn 0.72750677 -0.52670916 -0.43967188
vn 0.67968700 -0.73334339 1.5265920e-2
vn 0.67968700 0.73334339 1.5265920e-2
vn 0.69513956 0.58334215 -0.42011062
vn 9.7241014e-3 -0.76754546 0.64092075
vn -0.28765342 0.88617899 0.36323864
vn 0.89330220 -0.14562715 0.42521043
vn 0.59337276 0.67986320 0.43092320
vn 0.59378519 -0.68291922 0.42548852
vn 0.67463251 0.39545845 -0.62328452
vn 0.37152925 0.87454852 -0.31165829
vn 0.89184219 5.8508342e-2 -0.44854686
vn -0.53011499 -0.53587737 0.65712521
vn -0.52602492 0.53110763 0.66424579
vn 0.35855953 0.43410138 0.82643273
vn 0.35961068 -0.43881467 0.82348154
vn 0.89776384 0.17597760 0.40379695
vn 0.69046195 -7.1237003e-2 -0.71985247
vn 0.60347194 -0.73651900 0.30555095
vn 0.90781148 -0.40695255 0.10133082
vn 0.87374298 -0.40613099 0.26763935
vn 0.27628367 -0.56152417 -0.77997304
vn 0.70771956 -0.22758014 0.66883503
vn 0.70710856 -0.70710145 -2.2414328e-3
vn 0.82891728 0.53822923 0.15233329
vn 0.69098349 0.72012606 -6.2930684e-2
vn 0.69098349 -0.72012606 -6.2930684e-2
vn 0.52879081 0.84874726 2.8939263e-3
vn 0.69311276 -0.71179201 0.11378413
vn 0.95981237 -0.22594951 0.16645432
vn 0.16201112 -0.98678552 -2.5938978e-3
vn 0.16281753 0.98665620 0.0000000e+0
vn 0.24226124 -0.81524390 0.52601034
vn 0.24099653 0.81860407 0.52135214
vn 0.24641126 0.79713674 -0.55123000
vn 0.24161775 -0.79812625 -0.55191970
vn 0.16201074 -0.98678812 -1.3121682e-3
vn 0.16281753 0.98665620 4.5281819e-16
vn 0.24733854 0.79392487 -0.55543402
vn 0.24347109 -0.79299561 -0.55846199
vn 0.24301211 -0.81254474 0.52982654
vn 0.24167033 0.81615974 0.52486068
vn 0.26432745 6.3804276e-3 0.96441189
vn 0.25366256 6.9390109e-4 -0.96729252
vn 0.25495050 -3.7186141e-3 -0.96694696
vn 0.26531927 5.9709944e-3 0.96414212
vn 0.72562391 -5.1976097e-3 0.68807189
vn 0.0000000e+0 -5.2496519e-3 -0.99998622
vn 0.73720284 4.0212180e-3 0.67565953
vn 0.70716384 -0.70704862 1.2439952e-3
vn 0.70710775 -0.70709754 3.4194495e-3
vn 0.52198191 -0.70160824 -0.48505748
vn 0.52414210 -0.69154921 0.49702590
vn 1.00000000 5.8281724e-16 1.3251766e-15
vn 0.95782009 0.25242872 -0.13733325
vn 0.59313223 -0.17819749 -0.78513681
vn 0.66619507 -0.36306885 0.65143314
vn 0.54001799 -0.11239445 0.83411513
vn 0.20126086 -0.59485587 -0.77822912
vn 0.39769791 -0.60088303 0.69338010
vn 0.81885289 0.36680416 0.44151405
vn 0.66214917 0.51467607 -0.54467148
vn 0.80189464 -0.30979282 -0.51087513
vn 0.87500860 -0.28456065 0.39164421
vn 0.46783201 0.85222742 -0.23418292
vn 0.43517422 0.53463687 0.72442171
vn 0.42763788 0.89886750 9.5723912e-2
vn 6.9339675e-2 -0.11249859 0.99122958
vn 0.39944972 0.44241080 -0.80293998
vn 0.17669373 -0.18273045 -0.96715506
vn -9.4869804e-2 -0.63535785 0.76636813
vn 0.17607266 -0.71443762 -0.67718336
vn 0.56468046 4.4547543e-2 0.82410648
vn 0.81256447 -0.19847629 -0.54803846
vn 0.83338619 -0.39531084 -0.38626001
vn 0.65009051 -0.47883805 0.58999700
vn 0.74527898 0.45571282 0.48670841
vn 0.90289324 4.5445066e-2 -0.42745590
vn 0.76496601 0.64405705 4.1864481e-3
vn 0.50582913 0.12213019 0.85394444
vn 0.51569354 0.12312565 -0.84787986
vn 0.51964749 3.1633140e-16 -0.85438076
vn 0.50964428 2.9859183e-16 0.86038521
vn 0.99998502 2.5468974e-16 5.4726423e-3
vn 0.70710685 -0.70710656 -4.5274684e-4
vn 0.70710678 0.70710678 1.2561393e-15
vn 0.73464114 4.5869465e-3 0.67844039
vn 0.72487042 2.2990818e-3 -0.68888141
vn 0.52570335 -0.68761431 -0.50082188
vn 0.52496028 0.68997287 -0.49835143
vn 0.51608171 -0.71079797 0.47793923
vn 0.51437377 0.71486891 0.47368984
g pelvis_default2
usemtl default2
s 1
f 1757//1757 1772//1772 1769//1769 1758//1758
f 1757//1757 1804//1804 1799//1799 1787//1787
f 1758//1758 1766//1766 1801//1801 1803//1803
f 1758//1758 1803//1803 1804//1804 1757//1757
f 1759//1759 1782//1782 1790//1790 1788//1788
f 1759//1759 1804//1804 1803//1803 1760//1760
f 1760//1760 1764//1764 1779//1779 1777//1777
f 1760//1760 1765//1765 1768//1768 1764//1764
f 1760//1760 1777//1777 1782//1782 1759//1759
f 1760//1760 1803//1803 1801//1801 1765//1765
f 1761//1761 1771//1771 1776//1776 1762//1762
f 1761//1761 1802//1802 1800//1800 1767//1767
f 1761//1761 1883//1883 1884//1884 1802//1802
f 1762//1762 1882//1882 1883//1883 1761//1761
f 1762//1762 1897//1897 1981//1981 1882//1882
f 1763//1763 1780//1780 1779//1779 1764//1764
f 1763//1763 1898//1898 1909//1909 1780//1780
f 1764//1764 1880//1880 1881//1881 1763//1763
f 1766//1766 1767//1767 1800//1800 1801//1801
f 1766//1766 1775//1775 1774//1774 1767//1767
f 1767//1767 1774//1774 1771//1771 1761//1761
f 1768//1768 1765//1765 1801//1801 1800//1800
f 1769//1769 1772//1772 1773//1773 1770//1770
f 1769//1769 1775//1775 1766//1766 1758//1758
f 1769//1769 1783//1783 1786//1786 1775//1775
f 1770//1770 1776//1776 1771//1771 1769//1769
f 1770//1770 1903//1903 1904//1904 1776//1776
f 1771//1771 1784//1784 1783//1783 1769//1769
f 1772//1772 1837//1837 1836//1836 1773//1773
f 1773//1773 1905//1905 1903//1903 1770//1770
f 1774//1774 1785//1785 1784//1784 1771//1771
f 1775//1775 1786//1786 1785//1785 1774//1774
f 1776//1776 1904//1904 1897//1897 1762//1762
f 1777//1777 1779//1779 1780//1780 1778//1778
f 1778//1778 1781//1781 1782//1782 1777//1777
f 1778//1778 1908//1908 1910//1910 1781//1781
f 1780//1780 1909//1909 1908//1908 1778//1778
f 1781//1781 1857//1857 1856//1856 1782//1782
f 1781//1781 1910//1910 1965//1965 1857//1857
f 1782//1782 1856//1856 1859//1859 1790//1790
f 1784//1784 1785//1785 1786//1786 1783//1783
f 1787//1787 1792//1792 1772//1772 1757//1757
f 1787//1787 1809//1809 1821//1821 1826//1826
f 1788//1788 1790//1790 1791//1791 1789//1789
f 1788//1788 1799//1799 1804//1804 1759//1759
f 1788//1788 1810//1810 1807//1807 1799//1799
f 1789//1789 1824//1824 1825//1825 1788//1788
f 1789//1789 1916//1916 1946//1946 1824//1824
f 1790//1790 1859//1859 1858//1858 1791//1791
f 1791//1791 1917//1917 1916//1916 1789//1789
f 1792//1792 1838//1838 1837//1837 1772//1772
f 1793//1793 1808//1808 1806//1806 1798//1798
f 1793//1793 1826//1826 1821//1821 1808//1808
f 1793//1793 1827//1827 1834//1834 1796//1796
f 1794//1794 1825//1825 1824//1824 1795//1795
f 1794//1794 1831//1831 1828//1828 1798//1798
f 1795//1795 1832//1832 1831//1831 1794//1794
f 1795//1795 1920//1920 1950//1950 1832//1832
f 1796//1796 1823//1823 1826//1826 1793//1793
f 1796//1796 1834//1834 1833//1833 1805//1805
f 1797//1797 1839//1839 1838//1838 1792//1792
f 1797//1797 1918//1918 1954//1954 1839//1839
f 1798//1798 1806//1806 1811//1811 1794//1794
f 1798//1798 1828//1828 1827//1827 1793//1793
f 1799//1799 1807//1807 1809//1809 1787//1787
f 1800//1800 1802//1802 1764//1764 1768//1768
f 1802//1802 1884//1884 1880//1880 1764//1764
f 1805//1805 1921//1921 1945//1945 1822//1822
f 1806//1806 1808//1808 1816//1816 1812//1812
f 1807//1807 1813//1813 1817//1817 1809//1809
f 1808//1808 1821//1821 1818//1818 1816//1816
f 1809//1809 1817//1817 1818//1818 1821//1821
f 1810//1810 1814//1814 1813//1813 1807//1807
f 1810//1810 1820//1820 1819//1819 1814//1814
f 1811//1811 1815//1815 1819//1819 1820//1820
f 1811//1811 1820//1820 1825//1825 1794//1794
f 1812//1812 1815//1815 1811//1811 1806//1806
f 1812//1812 1885//1885 1889//1889 1815//1815
f 1813//1813 1886//1886 1892//1892 1817//1817
f 1814//1814 1890//1890 1886//1886 1813//1813
f 1815//1815 1889//1889 1888//1888 1819//1819
f 1816//1816 1891//1891 1885//1885 1812//1812
f 1817//1817 1892//1892 1887//1887 1818//1818
f 1818//1818 1887//1887 1891//1891 1816//1816
f 1819//1819 1888//1888 1890//1890 1814//1814
f 1822//1822 1823//1823 1796//1796 1805//1805
f 1822//1822 1945//1945 1918//1918 1797//1797
f 1823//1823 1822//1822 1797//1797 1792//1792
f 1824//1824 1946//1946 1920//1920 1795//1795
f 1825//1825 1820//1820 1810//1810 1788//1788
f 1826//1826 1823//1823 1792//1792 1787//1787
f 1827//1827 1828//1828 1829//1829 1830//1830
f 1828//1828 1831//1831 1832//1832 1829//1829
f 1829//1829 1949//1949 1948//1948 1830//1830
f 1830//1830 1833//1833 1834//1834 1827//1827
f 1830//1830 1948//1948 1951//1951 1833//1833
f 1832//1832 1950//1950 1949//1949 1829//1829
f 1833//1833 1951//1951 1921//1921 1805//1805
f 1835//1835 1885//1885 1891//1891 1887//1887
f 1835//1835 1887//1887 1892//1892 1886//1886
f 1836//1836 1953//1953 1905//1905 1773//1773
f 1837//1837 1853//1853 1852//1852 1836//1836
f 1838//1838 1842//1842 1841//1841 1837//1837
f 1838//1838 1849//1849 1848//1848 1842//1842
f 1839//1839 1845//1845 1844//1844 1838//1838
f 1839//1839 1954//1954 1957//1957 1845//1845
f 1840//1840 1855//1855 1854//1854 1841//1841
f 1840//1840 1955//1955 1964//1964 1855//1855
f 1841//1841 1842//1842 1843//1843 1840//1840
f 1841//1841 1854//1854 1853//1853 1837//1837
f 1842//1842 1847//1847 1846//1846 1843//1843
f 1842//1842 1848//1848 1851//1851 1847//1847
f 1843//1843 1956//1956 1955//1955 1840//1840
f 1844//1844 1850//1850 1849//1849 1838//1838
f 1845//1845 1846//1846 1847//1847 1844//1844
f 1845//1845 1957//1957 1958//1958 1846//1846
f 1846//1846 1958//1958 1956//1956 1843//1843
f 1847//1847 1851//1851 1850//1850 1844//1844
f 1849//1849 1850//1850 1851//1851 1848//1848
f 1852//1852 1963//1963 1953//1953 1836//1836
f 1853//1853 1854//1854 1855//1855 1852//1852
f 1855//1855 1964//1964 1963//1963 1852//1852
f 1856//1856 1872//1872 1868//1868 1859//1859
f 1857//1857 1861//1861 1860//1860 1856//1856
f 1857//1857 1965//1965 1967//1967 1861//1861
f 1858//1858 1966//1966 1917//1917 1791//1791
f 1859//1859 1865//1865 1864//1864 1858//1858
f 1860//1860 1873//1873 1872//1872 1856//1856
f 1861//1861 1862//1862 1863//1863 1860//1860
f 1861//1861 1967//1967 1968//1968 1862//1862
f 1862//1862 1867//1867 1866//1866 1863//1863
f 1862//1862 1968//1968 1970//1970 1867//1867
f 1863//1863 1869//1869 1873//1873 1860//1860
f 1864//1864 1969//1969 1966//1966 1858//1858
f 1865//1865 1866//1866 1867//1867 1864//1864
f 1865//1865 1871//1871 1870//1870 1866//1866
f 1866//1866 1870//1870 1869//1869 1863//1863
f 1867//1867 1970//1970 1969//1969 1864//1864
f 1868//1868 1871//1871 1865//1865 1859//1859
f 1868//1868 1872//1872 1873//1873 1869//1869
f 1869//1869 1870//1870 1871//1871 1868//1868
f 1874//1874 1876//1876 1877//1877 1875//1875
f 1874//1874 1879//1879 1880//1880 1884//1884
f 1875//1875 1878//1878 1879//1879 1874//1874
f 1875//1875 1977//1977 1979//1979 1878//1878
f 1876//1876 1883//1883 1882//1882 1877//1877
f 1877//1877 1978//1978 1977//1977 1875//1875
f 1878//1878 1881//1881 1880//1880 1879//1879
f 1878//1878 1979//1979 1980//1980 1881//1881
f 1881//1881 1980//1980 1898//1898 1763//1763
f 1882//1882 1981//1981 1978//1978 1877//1877
f 1884//1884 1883//1883 1876//1876 1874//1874
f 1886//1886 1890//1890 1888//1888 1835//1835
f 1888//1888 1889//1889 1885//1885 1835//1835
f 1893//1893 1905//1905 1918//1918 1915//1915
f 1893//1893 1928//1928 1927//1927 1894//1894
f 1894//1894 1900//1900 1907//1907 1903//1903
f 1894//1894 1903//1903 1905//1905 1893//1893
f 1895//1895 1910//1910 1908//1908 1896//1896
f 1895//1895 1928//1928 1923//1923 1916//1916
f 1896//1896 1927//1927 1928//1928 1895//1895
f 1897//1897 1904//1904 1906//1906 1901//1901
f 1898//1898 1902//1902 1899//1899 1896//1896
f 1898//1898 1980//1980 1982//1982 1926//1926
f 1899//1899 1925//1925 1927//1927 1896//1896
f 1901//1901 1906//1906 1907//1907 1900//1900
f 1901//1901 1924//1924 1926//1926 1897//1897
f 1902//1902 1898//1898 1926//1926 1924//1924
f 1903//1903 1911//1911 1912//1912 1904//1904
f 1904//1904 1912//1912 1913//1913 1906//1906
f 1905//1905 1953//1953 1954//1954 1918//1918
f 1906//1906 1913//1913 1914//1914 1907//1907
f 1907//1907 1914//1914 1911//1911 1903//1903
f 1908//1908 1909//1909 1898//1898 1896//1896
f 1911//1911 1914//1914 1913//1913 1912//1912
f 1915//1915 1918//1918 1945//1945 1947//1947
f 1915//1915 1923//1923 1928//1928 1893//1893
f 1915//1915 1932//1932 1930//1930 1923//1923
f 1916//1916 1917//1917 1910//1910 1895//1895
f 1916//1916 1933//1933 1943//1943 1946//1946
f 1917//1917 1966//1966 1965//1965 1910//1910
f 1919//1919 1947//1947 1945//1945 1921//1921
f 1919//1919 1948//1948 1949//1949 1922//1922
f 1920//1920 1934//1934 1929//1929 1922//1922
f 1920//1920 1946//1946 1943//1943 1934//1934
f 1921//1921 1951//1951 1948//1948 1919//1919
f 1922//1922 1929//1929 1931//1931 1919//1919
f 1922//1922 1949//1949 1950//1950 1920//1920
f 1923//1923 1930//1930 1933//1933 1916//1916
f 1924//1924 1925//1925 1899//1899 1902//1902
f 1925//1925 1924//1924 1901//1901 1900//1900
f 1926//1926 1982//1982 1981//1981 1897//1897
f 1927//1927 1925//1925 1900//1900 1894//1894
f 1929//1929 1934//1934 1938//1938 1935//1935
f 1930//1930 1936//1936 1937//1937 1933//1933
f 1931//1931 1944//1944 1947//1947 1919//1919
f 1932//1932 1940//1940 1936//1936 1930//1930
f 1935//1935 1939//1939 1931//1931 1929//1929
f 1935//1935 1983//1983 1989//1989 1939//1939
f 1936//1936 1984//1984 1988//1988 1937//1937
f 1937//1937 1942//1942 1943//1943 1933//1933
f 1937//1937 1988//1988 1986//1986 1942//1942
f 1938//1938 1987//1987 1983//1983 1935//1935
f 1939//1939 1941//1941 1944//1944 1931//1931
f 1939//1939 1989//1989 1985//1985 1941//1941
f 1940//1940 1990//1990 1984//1984 1936//1936
f 1941//1941 1985//1985 1990//1990 1940//1940
f 1942//1942 1986//1986 1987//1987 1938//1938
f 1943//1943 1942//1942 1938//1938 1934//1934
f 1944//1944 1941//1941 1940//1940 1932//1932
f 1947//1947 1944//1944 1932//1932 1915//1915
f 1952//1952 1983//1983 1987//1987 1986//1986
f 1952//1952 1986//1986 1988//1988 1984//1984
f 1953//1953 1955//1955 1956//1956 1954//1954
f 1953//1953 1963//1963 1964//1964 1955//1955
f 1954//1954 1960//1960 1961//1961 1957//1957
f 1956//1956 1959//1959 1960//1960 1954//1954
f 1957//1957 1961//1961 1962//1962 1958//1958
f 1958//1958 1962//1962 1959//1959 1956//1956
f 1959//1959 1962//1962 1961//1961 1960//1960
f 1965//1965 1975//1975 1976//1976 1967//1967
f 1966//1966 1969//1969 1974//1974 1971//1971
f 1966//1966 1971//1971 1975//1975 1965//1965
f 1967//1967 1976//1976 1972//1972 1968//1968
f 1968//1968 1972//1972 1973//1973 1970//1970
f 1970//1970 1973//1973 1974//1974 1969//1969
f 1971//1971 1974//1974 1973//1973 1972//1972
f 1972//1972 1976//1976 1975//1975 1971//1971
f 1977//1977 1978//1978 1981//1981 1982//1982
f 1982//1982 1980//1980 1979//1979 1977//1977
f 1984//1984 1990//1990 1985//1985 1952//1952
f 1985//1985 1989//1989 1983//1983 1952//1952
